rank,gid,role,priority_score,why
1,100000003016635100,distributor,0.8280103618466317,"Гипотеза: распределение: 73 получателей, макс. доля=9%; вход seed неполон. Приоритет: охват=0.246, структура=0.345, оборот=0.237"
2,100000008346837100,distributor,0.8206319729518221,"Гипотеза: распределение: 25 получателей, макс. доля=26%; выборка неполна. Приоритет: охват=0.262, структура=0.349, оборот=0.209"
3,100000000331309100,distributor,0.8089699049860725,"Гипотеза: распределение: 99 получателей, макс. доля=9%; выборка неполна. Приоритет: охват=0.262, структура=0.296, оборот=0.250"
4,100000008603629100,distributor,0.8063500471382055,"Гипотеза: распределение: 61 получателей, макс. доля=8%; выборка неполна. Приоритет: охват=0.262, структура=0.312, оборот=0.231"
5,100000006866783100,distributor,0.7906524126589021,"Гипотеза: распределение: 67 получателей, макс. доля=9%; вход seed неполон. Приоритет: охват=0.246, структура=0.319, оборот=0.226"
6,100000003684369100,coordinator,0.769355984268323,"Гипотеза: связующий: seed=9, внеш. кластеров=9, посредничество=0.0023; вход seed неполон. Приоритет: охват=0.291, структура=0.238, оборот=0.240"
7,100000004400305100,distributor,0.7388411835458979,"Гипотеза: распределение: 82 получателей, макс. доля=8%; выборка неполна. Приоритет: охват=0.262, структура=0.247, оборот=0.230"
8,100000005910114100,distributor,0.735887657822755,"Гипотеза: распределение: 19 получателей, макс. доля=16%; выборка неполна. Приоритет: охват=0.262, структура=0.262, оборот=0.212"
9,100000005933757100,distributor,0.7272582127269209,"Гипотеза: распределение: 34 получателей, макс. доля=24%; выборка неполна. Приоритет: охват=0.262, структура=0.240, оборот=0.225"
10,100000002957787100,distributor,0.7190631297436585,"Гипотеза: распределение: 34 получателей, макс. доля=17%; выборка неполна. Приоритет: охват=0.262, структура=0.249, оборот=0.208"
11,100000000437046100,distributor,0.712050352149368,"Гипотеза: распределение: 42 получателей, макс. доля=15%; выборка неполна. Приоритет: охват=0.262, структура=0.214, оборот=0.235"
12,100000008477350100,distributor,0.7068702068751062,"Гипотеза: распределение: 39 получателей, макс. доля=10%; выборка неполна. Приоритет: охват=0.262, структура=0.221, оборот=0.224"
13,100000005704413100,distributor,0.6785528398047763,"Гипотеза: распределение: 32 получателей, макс. доля=7%; выборка неполна. Приоритет: охват=0.262, структура=0.207, оборот=0.209"
14,100000008547948100,distributor,0.677063178103724,"Гипотеза: распределение: 26 получателей, макс. доля=18%; выборка неполна. Приоритет: охват=0.277, структура=0.172, оборот=0.228"
15,100000008489922100,distributor,0.6750823702742138,"Гипотеза: распределение: 36 получателей, макс. доля=10%; выборка неполна. Приоритет: охват=0.277, структура=0.174, оборот=0.224"
16,100000004156082100,distributor,0.6709720035885868,"Гипотеза: распределение: 26 получателей, макс. доля=22%; выборка неполна. Приоритет: охват=0.262, структура=0.191, оборот=0.218"
17,100000000343175100,distributor,0.6656396562305384,"Гипотеза: распределение: 31 получателей, макс. доля=16%; вход seed неполон. Приоритет: охват=0.262, структура=0.179, оборот=0.224"
18,100000008710791100,distributor,0.6644980487335224,"Гипотеза: распределение: 23 получателей, макс. доля=16%; выборка неполна. Приоритет: охват=0.291, структура=0.145, оборот=0.229"
19,100000008547844100,distributor,0.6635202883103657,"Гипотеза: распределение: 19 получателей, макс. доля=12%; выборка неполна. Приоритет: охват=0.277, структура=0.171, оборот=0.215"
20,100000008165763100,coordinator,0.6610534047880577,"Гипотеза: связующий: seed=9, внеш. кластеров=7, посредничество=0.0003; выборка неполна. Приоритет: охват=0.291, структура=0.154, оборот=0.216"
21,100000001857829100,distributor,0.6582336594907994,"Гипотеза: распределение: 16 получателей, макс. доля=19%; выборка неполна. Приоритет: охват=0.262, структура=0.175, оборот=0.221"
22,100000004351795100,distributor,0.649887178206294,"Гипотеза: распределение: 14 получателей, макс. доля=32%; выборка неполна. Приоритет: охват=0.262, структура=0.175, оборот=0.212"
23,100000008304139100,distributor,0.6452661360559269,"Гипотеза: распределение: 24 получателей, макс. доля=27%; выборка неполна. Приоритет: охват=0.262, структура=0.170, оборот=0.213"
24,100000003242289100,distributor,0.6418752160213003,"Гипотеза: распределение: 23 получателей, макс. доля=22%; выборка неполна. Приоритет: охват=0.262, структура=0.160, оборот=0.219"
25,100000004070318100,distributor,0.6410239846733289,"Гипотеза: распределение: 19 получателей, макс. доля=15%; выборка неполна. Приоритет: охват=0.262, структура=0.179, оборот=0.199"
26,100000003115284100,consolidator,0.6346343658049706,"Гипотеза: сбор: 8 плательщиков, seed=11, макс. доля=29%; выборка неполна. Приоритет: охват=0.314, структура=0.103, оборот=0.218"
27,100000008710843100,distributor,0.634615751502712,"Гипотеза: распределение: 13 получателей, макс. доля=29%; выборка неполна. Приоритет: охват=0.277, структура=0.144, оборот=0.214"
28,100000007639767100,distributor,0.6338473182879854,"Гипотеза: распределение: 10 получателей, макс. доля=61%; выборка неполна. Приоритет: охват=0.262, структура=0.169, оборот=0.202"
29,100000008686313100,consolidator,0.6324557990344074,"Гипотеза: сбор: 6 плательщиков, seed=7, макс. доля=58%; выборка неполна. Приоритет: охват=0.262, структура=0.155, оборот=0.215"
30,100000008465789100,distributor,0.6298268589371061,"Гипотеза: распределение: 16 получателей, макс. доля=18%; выборка неполна. Приоритет: охват=0.277, структура=0.140, оборот=0.213"
31,100000008743913100,coordinator,0.629530182378248,"Гипотеза: связующий: seed=9, внеш. кластеров=4, посредничество=0.0003; выборка неполна. Приоритет: охват=0.291, структура=0.125, оборот=0.213"
32,100000008466579100,distributor,0.6272713867392149,"Гипотеза: распределение: 17 получателей, макс. доля=16%; выборка неполна. Приоритет: охват=0.277, структура=0.137, оборот=0.213"
33,100000005382566100,consolidator,0.6261181536903677,"Гипотеза: сбор: 7 плательщиков, seed=14, макс. доля=42%; вход seed неполон. Приоритет: охват=0.342, структура=0.093, оборот=0.191"
34,100000003880331100,distributor,0.6218753103589832,"Гипотеза: распределение: 16 получателей, макс. доля=15%; выборка неполна. Приоритет: охват=0.262, структура=0.136, оборот=0.224"
35,100000007908818100,consolidator,0.6216845125279631,"Гипотеза: сбор: 4 плательщиков, seed=11, макс. доля=32%; выборка неполна. Приоритет: охват=0.314, структура=0.104, оборот=0.204"
36,100000005578559100,distributor,0.6207163465172241,"Гипотеза: распределение: 21 получателей, макс. доля=13%; выборка неполна. Приоритет: охват=0.262, структура=0.155, оборот=0.204"
37,100000008517538100,distributor,0.6203925582171302,"Гипотеза: распределение: 17 получателей, макс. доля=13%; выборка неполна. Приоритет: охват=0.277, структура=0.133, оборот=0.210"
38,100000003854444100,distributor,0.6194944354972274,"Гипотеза: распределение: 14 получателей, макс. доля=32%; выборка неполна. Приоритет: охват=0.262, структура=0.140, оборот=0.217"
39,100000008512827100,distributor,0.6180115955108214,"Гипотеза: распределение: 10 получателей, макс. доля=33%; выборка неполна. Приоритет: охват=0.291, структура=0.114, оборот=0.214"
40,100000004015047100,terminal,0.6176249328681682,"Гипотеза: удержание в выборке: вход=919104 ₸, выход/вход=0.08; выборка неполна. Приоритет: охват=0.314, структура=0.101, оборот=0.203"
41,100000005074393100,consolidator,0.6144205615678747,"Гипотеза: сбор: 4 плательщиков, seed=10, макс. доля=58%; выборка неполна. Приоритет: охват=0.303, структура=0.105, оборот=0.207"
42,100000004847758100,distributor,0.6140716965643722,"Гипотеза: распределение: 15 получателей, макс. доля=15%; выборка неполна. Приоритет: охват=0.262, структура=0.156, оборот=0.196"
43,100000004403675100,consolidator,0.6125595502589338,"Гипотеза: сбор: 4 плательщиков, seed=7, макс. доля=35%; выборка неполна. Приоритет: охват=0.262, структура=0.159, оборот=0.191"
44,100000008413748100,distributor,0.6121222217819489,"Гипотеза: распределение: 18 получателей, макс. доля=33%; выборка неполна. Приоритет: охват=0.262, структура=0.141, оборот=0.208"
45,100000008636603100,distributor,0.6112280947583866,"Гипотеза: распределение: 6 получателей, макс. доля=29%; выборка неполна. Приоритет: охват=0.262, структура=0.170, оборот=0.179"
46,100000003796063100,distributor,0.6105886523810133,"Гипотеза: распределение: 15 получателей, макс. доля=24%; выборка неполна. Приоритет: охват=0.262, структура=0.145, оборот=0.203"
47,100000008742053100,distributor,0.6089132346319721,"Гипотеза: распределение: 12 получателей, макс. доля=17%; выборка неполна. Приоритет: охват=0.277, структура=0.113, оборот=0.218"
48,100000007442518100,consolidator,0.6081936568990316,"Гипотеза: сбор: 5 плательщиков, seed=7, макс. доля=38%; выборка неполна. Приоритет: охват=0.262, структура=0.119, оборот=0.227"
49,100000001937767100,peripheral,0.6032826517409466,"Гипотеза: оснований мало: входящих=1, исходящих=4, операций=7; выборка неполна. Приоритет: охват=0.314, структура=0.076, оборот=0.213"
50,100000004041163100,peripheral,0.6023529106099621,"Гипотеза: оснований мало: входящих=1, исходящих=2, операций=7; вход seed неполон. Приоритет: охват=0.342, структура=0.059, оборот=0.202"
51,100000005782781100,distributor,0.6023469090258506,"Гипотеза: распределение: 10 получателей, макс. доля=26%; выборка неполна. Приоритет: охват=0.262, структура=0.131, оборот=0.209"
52,100000001530983100,distributor,0.6020503185730097,"Гипотеза: распределение: 11 получателей, макс. доля=25%; выборка неполна. Приоритет: охват=0.262, структура=0.123, оборот=0.216"
53,100000006889963100,consolidator,0.6017270230446112,"Гипотеза: сбор: 4 плательщиков, seed=11, макс. доля=42%; выборка неполна. Приоритет: охват=0.314, структура=0.076, оборот=0.212"
54,100000007594394100,consolidator,0.6012839913903805,"Гипотеза: сбор: 6 плательщиков, seed=9, макс. доля=33%; выборка неполна. Приоритет: охват=0.291, структура=0.088, оборот=0.223"
55,100000008752616100,distributor,0.5975758300608971,"Гипотеза: распределение: 7 получателей, макс. доля=23%; выборка неполна. Приоритет: охват=0.291, структура=0.099, оборот=0.207"
56,100000002398779100,terminal,0.5964408070550224,"Гипотеза: удержание в выборке: вход=1095690 ₸, выход/вход=0.06; выборка неполна. Приоритет: охват=0.277, структура=0.114, оборот=0.205"
57,100000001732159100,peripheral,0.5957714945305301,"Гипотеза: оснований мало: входящих=2, исходящих=4, операций=53; вход seed неполон. Приоритет: охват=0.291, структура=0.082, оборот=0.223"
58,100000008545727100,distributor,0.5933613077141313,"Гипотеза: распределение: 6 получателей, макс. доля=57%; выборка неполна. Приоритет: охват=0.291, структура=0.090, оборот=0.213"
59,100000008637537100,consolidator,0.593111702263358,"Гипотеза: сбор: 3 плательщиков, seed=9, макс. доля=62%; вход seed неполон. Приоритет: охват=0.291, структура=0.083, оборот=0.219"
60,100000005527892100,distributor,0.5918952213285238,"Гипотеза: распределение: 8 получателей, макс. доля=20%; выборка неполна. Приоритет: охват=0.277, структура=0.115, оборот=0.199"
61,100000005473151100,coordinator,0.5917629663616855,"Гипотеза: связующий: seed=9, внеш. кластеров=2, посредничество=0.0002; выборка неполна. Приоритет: охват=0.291, структура=0.092, оборот=0.209"
62,100000004569484100,peripheral,0.5894411497819483,"Гипотеза: оснований мало: входящих=2, исходящих=4, операций=7; выборка неполна. Приоритет: охват=0.262, структура=0.144, оборот=0.183"
63,100000008758168100,distributor,0.589194132126323,"Гипотеза: распределение: 5 получателей, макс. доля=39%; выборка неполна. Приоритет: охват=0.291, структура=0.088, оборот=0.210"
64,100000002718366100,terminal,0.5889824878553271,"Гипотеза: удержание в выборке: вход=2525000 ₸, выход/вход=0.00; выборка неполна. Приоритет: охват=0.291, структура=0.081, оборот=0.217"
65,100000002605308100,terminal,0.588835964192574,"Гипотеза: удержание в выборке: вход=2569522 ₸, выход/вход=0.00; выборка неполна. Приоритет: охват=0.314, структура=0.058, оборот=0.217"
66,100000008461532100,distributor,0.5887921626929792,"Гипотеза: распределение: 8 получателей, макс. доля=44%; выборка неполна. Приоритет: охват=0.262, структура=0.106, оборот=0.220"
67,100000001282143100,terminal,0.5887428084315914,"Гипотеза: удержание в выборке: вход=1700000 ₸, выход/вход=0.00; выборка неполна. Приоритет: охват=0.303, структура=0.075, оборот=0.211"
68,100000008746449100,distributor,0.5886011030481096,"Гипотеза: распределение: 10 получателей, макс. доля=30%; выборка неполна. Приоритет: охват=0.277, структура=0.108, оборот=0.204"
69,100000006274203100,terminal,0.5881264019672923,"Гипотеза: удержание в выборке: вход=3417512 ₸, выход/вход=0.02; выборка неполна. Приоритет: охват=0.291, структура=0.076, оборот=0.222"
70,100000004188160100,distributor,0.5855748953357305,"Гипотеза: распределение: 5 получателей, макс. доля=61%; выборка неполна. Приоритет: охват=0.262, структура=0.142, оборот=0.181"
71,100000002963189100,distributor,0.5852433889622828,"Гипотеза: распределение: 7 получателей, макс. доля=35%; выборка неполна. Приоритет: охват=0.262, структура=0.094, оборот=0.229"
72,100000001616816100,consolidator,0.5851141945594218,"Гипотеза: сбор: 5 плательщиков, seed=10, макс. доля=39%; вход seed неполон. Приоритет: охват=0.303, структура=0.094, оборот=0.188"
73,100000005287097100,distributor,0.5844164698075187,"Гипотеза: распределение: 9 получателей, макс. доля=56%; выборка неполна. Приоритет: охват=0.262, структура=0.122, оборот=0.200"
74,100000008512552100,distributor,0.5835121593701872,"Гипотеза: распределение: 6 получателей, макс. доля=42%; выборка неполна. Приоритет: охват=0.262, структура=0.110, оборот=0.211"
75,100000003404627100,terminal,0.5823710919069225,"Гипотеза: удержание в выборке: вход=877700 ₸, выход/вход=0.00; выборка неполна. Приоритет: охват=0.314, структура=0.067, оборот=0.201"
76,100000002723538100,distributor,0.5823115075731575,"Гипотеза: распределение: 12 получателей, макс. доля=16%; выборка неполна. Приоритет: охват=0.262, структура=0.123, оборот=0.197"
77,100000005612411100,distributor,0.5811126415204236,"Гипотеза: распределение: 8 получателей, макс. доля=39%; выборка неполна. Приоритет: охват=0.277, структура=0.107, оборот=0.196"
78,100000003589877100,distributor,0.5802985000886531,"Гипотеза: распределение: 6 получателей, макс. доля=43%; выборка неполна. Приоритет: охват=0.291, структура=0.094, оборот=0.196"
79,100000008731444100,distributor,0.5799398657061698,"Гипотеза: распределение: 9 получателей, макс. доля=36%; выборка неполна. Приоритет: охват=0.262, структура=0.110, оборот=0.207"
80,100000000661912100,transit,0.579735406523287,"Гипотеза: транзит: выход/вход=1.10, близость ≤2д=75%; не трассировка; выборка неполна. Приоритет: охват=0.262, структура=0.117, оборот=0.200"
81,100000005523088100,peripheral,0.5770131164055705,"Гипотеза: оснований мало: входящих=1, исходящих=0, операций=2; вход seed неполон. Приоритет: охват=0.350, структура=0.029, оборот=0.198"
82,100000004150593100,distributor,0.5769535008794542,"Гипотеза: распределение: 11 получателей, макс. доля=28%; выборка неполна. Приоритет: охват=0.262, структура=0.112, оборот=0.202"
83,100000006579678100,distributor,0.5768877411641131,"Гипотеза: распределение: 6 получателей, макс. доля=61%; выборка неполна. Приоритет: охват=0.262, структура=0.102, оборот=0.212"
84,100000004997515100,consolidator,0.5761122112470789,"Гипотеза: сбор: 4 плательщиков, seed=9, макс. доля=33%; выборка неполна. Приоритет: охват=0.291, структура=0.094, оборот=0.191"
85,100000002741024100,peripheral,0.5757158314053994,"Гипотеза: оснований мало: входящих=5, исходящих=6, операций=16; выборка неполна. Приоритет: охват=0.262, структура=0.107, оборот=0.207"
86,100000002894076100,terminal,0.5750101019014162,"Гипотеза: удержание в выборке: вход=1122782 ₸, выход/вход=0.00; выборка неполна. Приоритет: охват=0.303, структура=0.067, оборот=0.205"
87,100000007593823100,distributor,0.5749584428304886,"Гипотеза: распределение: 13 получателей, макс. доля=23%; выборка неполна. Приоритет: охват=0.262, структура=0.134, оборот=0.179"
88,100000004906181100,distributor,0.5746197136955303,"Гипотеза: распределение: 7 получателей, макс. доля=75%; выборка неполна. Приоритет: охват=0.262, структура=0.095, оборот=0.217"
89,100000000089154100,distributor,0.5745270310940523,"Гипотеза: распределение: 15 получателей, макс. доля=20%; выборка неполна. Приоритет: охват=0.262, структура=0.121, оборот=0.191"
90,100000008730846100,consolidator,0.5744566765989226,"Гипотеза: сбор: 7 плательщиков, seed=8, макс. доля=39%; выборка неполна. Приоритет: охват=0.277, структура=0.104, оборот=0.194"
91,100000002175422100,distributor,0.5733803864403478,"Гипотеза: распределение: 6 получателей, макс. доля=41%; выборка неполна. Приоритет: охват=0.262, структура=0.100, оборот=0.211"
92,100000002241986100,distributor,0.5731713958511504,"Гипотеза: распределение: 6 получателей, макс. доля=65%; выборка неполна. Приоритет: охват=0.262, структура=0.090, оборот=0.221"
93,100000001303311100,terminal,0.5730336931544495,"Гипотеза: удержание в выборке: вход=1324000 ₸, выход/вход=0.00; выборка неполна. Приоритет: охват=0.291, структура=0.075, оборот=0.207"
94,100000001887715100,consolidator,0.5725651980133115,"Гипотеза: сбор: 3 плательщиков, seed=9, макс. доля=52%; выборка неполна. Приоритет: охват=0.291, структура=0.068, оборот=0.214"
95,100000002849158100,consolidator,0.5722444712742957,"Гипотеза: сбор: 3 плательщиков, seed=9, макс. доля=53%; выборка неполна. Приоритет: охват=0.291, структура=0.068, оборот=0.214"
96,100000001072022100,terminal,0.5716355085886622,"Гипотеза: удержание в выборке: вход=1684000 ₸, выход/вход=0.00; выборка неполна. Приоритет: охват=0.303, структура=0.058, оборот=0.211"
97,100000008172352100,distributor,0.570903241800296,"Гипотеза: распределение: 7 получателей, макс. доля=49%; выборка неполна. Приоритет: охват=0.277, структура=0.105, оборот=0.189"
98,100000002217161100,distributor,0.5705324774785011,"Гипотеза: распределение: 7 получателей, макс. доля=55%; выборка неполна. Приоритет: охват=0.262, структура=0.100, оборот=0.208"
99,100000008137435100,distributor,0.570476201313448,"Гипотеза: распределение: 6 получателей, макс. доля=29%; выборка неполна. Приоритет: охват=0.262, структура=0.099, оборот=0.209"
100,100000003360542100,peripheral,0.569637269431166,"Гипотеза: оснований мало: входящих=2, исходящих=2, операций=8; выборка неполна. Приоритет: охват=0.314, структура=0.067, оборот=0.189"
101,100000002748532100,consolidator,0.5696337462240773,"Гипотеза: сбор: 3 плательщиков, seed=9, макс. доля=49%; выборка неполна. Приоритет: охват=0.291, структура=0.076, оборот=0.203"
102,100000004299488100,consolidator,0.5690427730340506,"Гипотеза: сбор: 6 плательщиков, seed=7, макс. доля=35%; выборка неполна. Приоритет: охват=0.262, структура=0.092, оборот=0.214"
103,100000002547110100,terminal,0.5680205880411106,"Гипотеза: удержание в выборке: вход=1500000 ₸, выход/вход=0.00; выборка неполна. Приоритет: охват=0.277, структура=0.081, оборот=0.209"
104,100000003390036100,peripheral,0.5679959043140977,"Гипотеза: оснований мало: входящих=2, исходящих=2, операций=6; выборка неполна. Приоритет: охват=0.314, структура=0.069, оборот=0.185"
105,100000007055802100,consolidator,0.5670988021317077,"Гипотеза: сбор: 6 плательщиков, seed=7, макс. доля=50%; выборка неполна. Приоритет: охват=0.262, структура=0.087, оборот=0.217"
106,100000003701161100,consolidator,0.5667959922281256,"Гипотеза: сбор: 4 плательщиков, seed=7, макс. доля=56%; выборка неполна. Приоритет: охват=0.262, структура=0.092, оборот=0.213"
107,100000005665181100,distributor,0.5659953887989049,"Гипотеза: распределение: 11 получателей, макс. доля=39%; выборка неполна. Приоритет: охват=0.262, структура=0.122, оборот=0.181"
108,100000001526235100,distributor,0.5657125240759052,"Гипотеза: распределение: 8 получателей, макс. доля=72%; выборка неполна. Приоритет: охват=0.262, структура=0.110, оборот=0.193"
109,100000002205022100,peripheral,0.5650487199253187,"Гипотеза: оснований мало: входящих=1, исходящих=3, операций=4; выборка неполна. Приоритет: охват=0.303, структура=0.069, оборот=0.194"
110,100000004390333100,distributor,0.5650439426982764,"Гипотеза: распределение: 9 получателей, макс. доля=20%; выборка неполна. Приоритет: охват=0.262, структура=0.108, оборот=0.195"
111,100000000332284100,consolidator,0.5650414839120653,"Гипотеза: сбор: 10 плательщиков, seed=7, макс. доля=22%; выборка неполна. Приоритет: охват=0.262, структура=0.113, оборот=0.190"
112,100000008733194100,distributor,0.5644993464972453,"Гипотеза: распределение: 8 получателей, макс. доля=19%; выборка неполна. Приоритет: охват=0.262, структура=0.112, оборот=0.190"
113,100000007392365100,distributor,0.5637980106874751,"Гипотеза: распределение: 6 получателей, макс. доля=33%; выборка неполна. Приоритет: охват=0.262, структура=0.090, оборот=0.212"
114,100000008223661100,distributor,0.5636431438223007,"Гипотеза: распределение: 5 получателей, макс. доля=59%; выборка неполна. Приоритет: охват=0.277, структура=0.094, оборот=0.192"
115,100000004717647100,distributor,0.5626383078069725,"Гипотеза: распределение: 5 получателей, макс. доля=66%; выборка неполна. Приоритет: охват=0.262, структура=0.083, оборот=0.217"
116,100000008632060100,distributor,0.5624524453181562,"Гипотеза: распределение: 9 получателей, макс. доля=20%; выборка неполна. Приоритет: охват=0.262, структура=0.112, оборот=0.188"
117,100000003635170100,transit,0.5622853170562161,"Гипотеза: транзит: выход/вход=0.94, близость ≤2д=100%; не трассировка; выборка неполна. Приоритет: охват=0.277, структура=0.091, оборот=0.194"
118,100000008389800100,distributor,0.5619181775228665,"Гипотеза: распределение: 7 получателей, макс. доля=24%; выборка неполна. Приоритет: охват=0.262, структура=0.104, оборот=0.196"
119,100000003366154100,peripheral,0.5617129591305529,"Гипотеза: оснований мало: входящих=1, исходящих=3, операций=4; выборка неполна. Приоритет: охват=0.303, структура=0.069, оборот=0.190"
120,100000000490383100,distributor,0.5613900906516114,"Гипотеза: распределение: 8 получателей, макс. доля=74%; выборка неполна. Приоритет: охват=0.262, структура=0.105, оборот=0.194"
121,100000000673868100,distributor,0.5610677214190914,"Гипотеза: распределение: 5 получателей, макс. доля=39%; выборка неполна. Приоритет: охват=0.262, структура=0.082, оборот=0.216"
122,100000002988894100,peripheral,0.5608063805858027,"Гипотеза: оснований мало: входящих=1, исходящих=3, операций=4; выборка неполна. Приоритет: охват=0.303, структура=0.069, оборот=0.189"
123,100000006424479100,peripheral,0.5607705784861841,"Гипотеза: оснований мало: входящих=1, исходящих=2, операций=5; выборка неполна. Приоритет: охват=0.303, структура=0.060, оборот=0.198"
124,100000004017410100,peripheral,0.5598871054839695,"Гипотеза: оснований мало: входящих=2, исходящих=5, операций=17; выборка неполна. Приоритет: охват=0.262, структура=0.088, оборот=0.209"
125,100000008490127100,distributor,0.5598213745507242,"Гипотеза: распределение: 6 получателей, макс. доля=57%; выборка неполна. Приоритет: охват=0.262, структура=0.090, оборот=0.208"
126,100000004759121100,consolidator,0.5597483939877436,"Гипотеза: сбор: 6 плательщиков, seed=7, макс. доля=31%; выборка неполна. Приоритет: охват=0.262, структура=0.094, оборот=0.204"
127,100000004486525100,transit,0.5594567969129094,"Гипотеза: транзит: выход/вход=0.75, близость ≤2д=100%; не трассировка; выборка неполна. Приоритет: охват=0.262, структура=0.100, оборот=0.197"
128,100000008628231100,peripheral,0.5593117817500789,"Гипотеза: оснований мало: входящих=1, исходящих=2, операций=20; выборка неполна. Приоритет: охват=0.303, структура=0.059, оборот=0.198"
129,100000008258083100,peripheral,0.5590846949157038,"Гипотеза: оснований мало: входящих=2, исходящих=2, операций=19; выборка неполна. Приоритет: охват=0.262, структура=0.069, оборот=0.227"
130,100000004159526100,consolidator,0.5590214837186042,"Гипотеза: сбор: 4 плательщиков, seed=8, макс. доля=52%; выборка неполна. Приоритет: охват=0.277, структура=0.094, оборот=0.188"
131,100000004140487100,distributor,0.5586613261312785,"Гипотеза: распределение: 10 получателей, макс. доля=19%; выборка неполна. Приоритет: охват=0.262, структура=0.111, оборот=0.185"
132,100000008603331100,distributor,0.5584514794329303,"Гипотеза: распределение: 6 получателей, макс. доля=40%; выборка неполна. Приоритет: охват=0.262, структура=0.096, оборот=0.200"
133,100000005514161100,consolidator,0.5581102105910628,"Гипотеза: сбор: 4 плательщиков, seed=9, макс. доля=57%; выборка неполна. Приоритет: охват=0.291, структура=0.076, оборот=0.192"
134,100000001253557100,terminal,0.557990113241807,"Гипотеза: удержание в выборке: вход=210200 ₸, выход/вход=0.00; выборка неполна. Приоритет: охват=0.303, структура=0.075, оборот=0.180"
135,100000003213473100,distributor,0.5577113785095453,"Гипотеза: распределение: 11 получателей, макс. доля=21%; выборка неполна. Приоритет: охват=0.262, структура=0.110, оборот=0.185"
136,100000008104567100,consolidator,0.5576042252155957,"Гипотеза: сбор: 3 плательщиков, seed=7, макс. доля=51%; выборка неполна. Приоритет: охват=0.262, структура=0.127, оборот=0.168"
137,100000002173161100,terminal,0.5571728414510896,"Гипотеза: удержание в выборке: вход=1427500 ₸, выход/вход=0.00; выборка неполна. Приоритет: охват=0.291, структура=0.058, оборот=0.208"
138,100000003946524100,peripheral,0.5571723947098959,"Гипотеза: оснований мало: входящих=2, исходящих=2, операций=4; выборка неполна. Приоритет: охват=0.303, структура=0.070, оборот=0.184"
139,100000008003034100,peripheral,0.5570881421508884,"Гипотеза: оснований мало: входящих=1, исходящих=4, операций=5; выборка неполна. Приоритет: охват=0.262, структура=0.120, оборот=0.175"
140,100000007382543100,consolidator,0.5567208548921875,"Гипотеза: сбор: 3 плательщиков, seed=7, макс. доля=50%; выборка неполна. Приоритет: охват=0.262, структура=0.097, оборот=0.197"
141,100000004420041100,distributor,0.5563512555452025,"Гипотеза: распределение: 7 получателей, макс. доля=31%; выборка неполна. Приоритет: охват=0.262, структура=0.095, оборот=0.198"
142,100000008314203100,peripheral,0.5562169051935437,"Гипотеза: оснований мало: входящих=2, исходящих=2, операций=23; вход seed неполон. Приоритет: охват=0.291, структура=0.067, оборот=0.198"
143,100000004962193100,terminal,0.556161737464207,"Гипотеза: удержание в выборке: вход=900468 ₸, выход/вход=0.00; выборка неполна. Приоритет: охват=0.262, структура=0.092, оборот=0.202"
144,100000001899164100,consolidator,0.5557754563415429,"Гипотеза: сбор: 4 плательщиков, seed=8, макс. доля=65%; выборка неполна. Приоритет: охват=0.277, структура=0.090, оборот=0.189"
145,100000002939838100,terminal,0.5557299880429043,"Гипотеза: удержание в выборке: вход=571233 ₸, выход/вход=0.00; выборка неполна. Приоритет: охват=0.303, структура=0.058, оборот=0.195"
146,100000005048668100,distributor,0.5551798049326517,"Гипотеза: распределение: 8 получателей, макс. доля=41%; выборка неполна. Приоритет: охват=0.262, структура=0.115, оборот=0.178"
147,100000003265158100,coordinator,0.5551554589180274,"Гипотеза: связующий: seed=9, внеш. кластеров=2, посредничество=0.0002; выборка неполна. Приоритет: охват=0.291, структура=0.079, оборот=0.186"
148,100000003528285100,consolidator,0.5543167428418527,"Гипотеза: сбор: 4 плательщиков, seed=7, макс. доля=50%; выборка неполна. Приоритет: охват=0.262, структура=0.095, оборот=0.197"
149,100000002838861100,terminal,0.5540778876245454,"Гипотеза: удержание в выборке: вход=554524 ₸, выход/вход=0.02; выборка неполна. Приоритет: охват=0.277, структура=0.082, оборот=0.195"
150,100000002369874100,terminal,0.5537595258931478,"Гипотеза: удержание в выборке: вход=600000 ₸, выход/вход=0.00; выборка неполна. Приоритет: охват=0.291, структура=0.067, оборот=0.196"
151,100000004480280100,peripheral,0.5527736038831429,"Гипотеза: оснований мало: входящих=1, исходящих=2, операций=8; выборка неполна. Приоритет: охват=0.303, структура=0.059, оборот=0.191"
152,100000006734214100,terminal,0.5526053273179303,"Гипотеза: удержание в выборке: вход=610000 ₸, выход/вход=0.06; выборка неполна. Приоритет: охват=0.262, структура=0.093, оборот=0.197"
153,100000008111003100,consolidator,0.5525456008175285,"Гипотеза: сбор: 6 плательщиков, seed=7, макс. доля=25%; выборка неполна. Приоритет: охват=0.262, структура=0.107, оборот=0.183"
154,100000003157679100,terminal,0.5522366884269581,"Гипотеза: удержание в выборке: вход=541000 ₸, выход/вход=0.00; выборка неполна. Приоритет: охват=0.291, структура=0.067, оборот=0.194"
155,100000008759857100,peripheral,0.5520850689426233,"Гипотеза: оснований мало: входящих=1, исходящих=2, операций=4; выборка неполна. Приоритет: охват=0.291, структура=0.058, оборот=0.203"
156,100000004071080100,consolidator,0.55191041525587,"Гипотеза: сбор: 9 плательщиков, seed=7, макс. доля=28%; выборка неполна. Приоритет: охват=0.262, структура=0.105, оборот=0.185"
157,100000004019124100,consolidator,0.5507499439596912,"Гипотеза: сбор: 3 плательщиков, seed=11, макс. доля=51%; вход seed неполон. Приоритет: охват=0.314, структура=0.058, оборот=0.179"
158,100000008011159100,distributor,0.5507024125672686,"Гипотеза: распределение: 5 получателей, макс. доля=32%; выборка неполна. Приоритет: охват=0.262, структура=0.095, оборот=0.194"
159,100000005339662100,consolidator,0.5505735738927495,"Гипотеза: сбор: 4 плательщиков, seed=7, макс. доля=67%; выборка неполна. Приоритет: охват=0.262, структура=0.095, оборот=0.193"
160,100000007629096100,transit,0.5500510875121896,"Гипотеза: транзит: выход/вход=0.71, близость ≤2д=93%; не трассировка; выборка неполна. Приоритет: охват=0.262, структура=0.075, оборот=0.212"
161,100000007229557100,terminal,0.550022346496033,"Гипотеза: удержание в выборке: вход=878000 ₸, выход/вход=0.00; выборка неполна. Приоритет: охват=0.291, структура=0.058, оборот=0.201"
162,100000003741418100,consolidator,0.549980680476815,"Гипотеза: сбор: 9 плательщиков, seed=7, макс. доля=41%; выборка неполна. Приоритет: охват=0.262, структура=0.109, оборот=0.179"
163,100000008761219100,peripheral,0.5496196041398236,"Гипотеза: оснований мало: входящих=2, исходящих=2, операций=4; выборка неполна. Приоритет: охват=0.291, структура=0.068, оборот=0.191"
164,100000004076740100,distributor,0.5494519764250896,"Гипотеза: распределение: 6 получателей, макс. доля=26%; выборка неполна. Приоритет: охват=0.262, структура=0.106, оборот=0.181"
165,100000008560717100,terminal,0.5494453434654948,"Гипотеза: удержание в выборке: вход=529000 ₸, выход/вход=0.05; выборка неполна. Приоритет: охват=0.262, структура=0.092, оборот=0.195"
166,100000002957306100,terminal,0.5493768440753002,"Гипотеза: удержание в выборке: вход=398490 ₸, выход/вход=0.00; выборка неполна. Приоритет: охват=0.314, структура=0.046, оборот=0.190"
167,100000002956769100,terminal,0.5493714211319114,"Гипотеза: удержание в выборке: вход=840000 ₸, выход/вход=0.00; выборка неполна. Приоритет: охват=0.291, структура=0.058, оборот=0.201"
168,100000007898453100,peripheral,0.5488370958990294,"Гипотеза: оснований мало: входящих=1, исходящих=2, операций=3; выборка неполна. Приоритет: охват=0.303, структура=0.059, оборот=0.188"
169,100000002793881100,terminal,0.5483863960352546,"Гипотеза: удержание в выборке: вход=785600 ₸, выход/вход=0.00; выборка неполна. Приоритет: охват=0.291, структура=0.058, оборот=0.200"
170,100000002267998100,peripheral,0.5483568338828219,"Гипотеза: оснований мало: входящих=2, исходящих=3, операций=16; выборка неполна. Приоритет: охват=0.262, структура=0.076, оборот=0.210"
171,100000004722765100,peripheral,0.5479746097921906,"Гипотеза: оснований мало: входящих=1, исходящих=3, операций=10; выборка неполна. Приоритет: охват=0.262, структура=0.069, оборот=0.217"
172,100000005124479100,peripheral,0.547386532052711,"Гипотеза: оснований мало: входящих=2, исходящих=2, операций=4; выборка неполна. Приоритет: охват=0.303, структура=0.068, оборот=0.176"
173,100000003154105100,distributor,0.5472834031749108,"Гипотеза: распределение: 7 получателей, макс. доля=54%; выборка неполна. Приоритет: охват=0.262, структура=0.095, оборот=0.190"
174,100000001330685100,terminal,0.5472291951896759,"Гипотеза: удержание в выборке: вход=2435923 ₸, выход/вход=0.04; выборка неполна. Приоритет: охват=0.262, структура=0.068, оборот=0.217"
175,100000003134934100,terminal,0.5470146988601516,"Гипотеза: удержание в выборке: вход=379354 ₸, выход/вход=0.00; выборка неполна. Приоритет: охват=0.291, структура=0.067, оборот=0.189"
176,100000007472293100,peripheral,0.5469420669695982,"Гипотеза: оснований мало: входящих=1, исходящих=3, операций=4; выборка неполна. Приоритет: охват=0.291, структура=0.068, оборот=0.188"
177,100000001875239100,terminal,0.5469391850947676,"Гипотеза: удержание в выборке: вход=712000 ₸, выход/вход=0.00; выборка неполна. Приоритет: охват=0.291, структура=0.058, оборот=0.198"
178,100000008379273100,peripheral,0.5468877771606885,"Гипотеза: оснований мало: входящих=2, исходящих=4, операций=6; выборка неполна. Приоритет: охват=0.262, структура=0.119, оборот=0.165"
179,100000008692291100,consolidator,0.5465430888169854,"Гипотеза: сбор: 3 плательщиков, seed=8, макс. доля=47%; выборка неполна. Приоритет: охват=0.277, структура=0.083, оборот=0.186"
180,100000002883402100,terminal,0.546255295049574,"Гипотеза: удержание в выборке: вход=300000 ₸, выход/вход=0.00; выборка неполна. Приоритет: охват=0.303, структура=0.058, оборот=0.186"
181,100000007998965100,terminal,0.5449807338161351,"Гипотеза: удержание в выборке: вход=278000 ₸, выход/вход=0.09; выборка неполна. Приоритет: охват=0.277, структура=0.082, оборот=0.186"
182,100000005778283100,terminal,0.5448027086911156,"Гипотеза: удержание в выборке: вход=615760 ₸, выход/вход=0.00; выборка неполна. Приоритет: охват=0.291, структура=0.058, оборот=0.196"
183,100000002773323100,peripheral,0.544648588414177,"Гипотеза: оснований мало: входящих=2, исходящих=1, операций=4; выборка неполна. Приоритет: охват=0.277, структура=0.058, оборот=0.209"
184,100000006518161100,transit,0.5445905736001718,"Гипотеза: транзит: выход/вход=1.00, близость ≤2д=71%; не трассировка; выборка неполна. Приоритет: охват=0.262, структура=0.076, оборот=0.206"
185,100000002343825100,consolidator,0.5444768592641201,"Гипотеза: сбор: 3 плательщиков, seed=8, макс. доля=43%; выборка неполна. Приоритет: охват=0.277, структура=0.076, оборот=0.191"
186,100000004386258100,consolidator,0.5444229466451926,"Гипотеза: сбор: 3 плательщиков, seed=9, макс. доля=76%; выборка неполна. Приоритет: охват=0.291, структура=0.084, оборот=0.170"
187,100000003747133100,transit,0.5443415856839859,"Гипотеза: транзит: выход/вход=1.05, близость ≤2д=92%; не трассировка; выборка неполна. Приоритет: охват=0.262, структура=0.089, оборот=0.193"
188,100000003718221100,transit,0.5442860842971542,"Гипотеза: транзит: выход/вход=1.21, близость ≤2д=80%; не трассировка; выборка неполна. Приоритет: охват=0.262, структура=0.082, оборот=0.199"
189,100000005830339100,consolidator,0.5442730250590675,"Гипотеза: сбор: 5 плательщиков, seed=7, макс. доля=30%; выборка неполна. Приоритет: охват=0.262, структура=0.082, оборот=0.200"
190,100000004707703100,transit,0.5440926130801773,"Гипотеза: транзит: выход/вход=0.97, близость ≤2д=89%; не трассировка; выборка неполна. Приоритет: охват=0.262, структура=0.089, оборот=0.192"
191,100000007138613100,consolidator,0.5440521810242862,"Гипотеза: сбор: 3 плательщиков, seed=7, макс. доля=47%; выборка неполна. Приоритет: охват=0.262, структура=0.076, оборот=0.206"
192,100000002945626100,terminal,0.5440236192981407,"Гипотеза: удержание в выборке: вход=584000 ₸, выход/вход=0.00; выборка неполна. Приоритет: охват=0.291, структура=0.058, оборот=0.195"
193,100000002480800100,terminal,0.5436397390742094,"Гипотеза: удержание в выборке: вход=569251 ₸, выход/вход=0.00; выборка неполна. Приоритет: охват=0.303, структура=0.046, оборот=0.195"
194,100000003873332100,peripheral,0.5434591692095905,"Гипотеза: оснований мало: входящих=1, исходящих=4, операций=9; выборка неполна. Приоритет: охват=0.262, структура=0.095, оборот=0.186"
195,100000002443664100,terminal,0.5433240492577684,"Гипотеза: удержание в выборке: вход=556880 ₸, выход/вход=0.00; выборка неполна. Приоритет: охват=0.291, структура=0.058, оборот=0.195"
196,100000000791285100,peripheral,0.5423749832607916,"Гипотеза: оснований мало: входящих=1, исходящих=3, операций=5; выборка неполна. Приоритет: охват=0.262, структура=0.068, оборот=0.212"
197,100000002921047100,peripheral,0.5422514705338228,"Гипотеза: оснований мало: входящих=2, исходящих=1, операций=3; выборка неполна. Приоритет: охват=0.291, структура=0.058, оборот=0.193"
198,100000001141268100,terminal,0.5419425834880817,"Гипотеза: удержание в выборке: вход=480000 ₸, выход/вход=0.02; выборка неполна. Приоритет: охват=0.291, структура=0.059, оборот=0.193"
199,100000005079754100,peripheral,0.5418169629355889,"Гипотеза: оснований мало: входящих=1, исходящих=2, операций=3; выборка неполна. Приоритет: охват=0.303, структура=0.060, оборот=0.179"
200,100000001052945100,peripheral,0.5417829697949386,"Гипотеза: оснований мало: входящих=1, исходящих=3, операций=7; выборка неполна. Приоритет: охват=0.262, структура=0.069, оборот=0.211"
201,100000008144528100,terminal,0.5417066242117522,"Гипотеза: удержание в выборке: вход=1068203 ₸, выход/вход=0.00; выборка неполна. Приоритет: охват=0.262, структура=0.075, оборот=0.204"
202,100000008121806100,peripheral,0.5412248548233245,"Гипотеза: оснований мало: входящих=1, исходящих=4, операций=7; выборка неполна. Приоритет: охват=0.262, структура=0.092, оборот=0.186"
203,100000001049200100,peripheral,0.540985488127751,"Гипотеза: оснований мало: входящих=2, исходящих=4, операций=7; выборка неполна. Приоритет: охват=0.262, структура=0.107, оборот=0.171"
204,100000008232832100,peripheral,0.5409767821542413,"Гипотеза: оснований мало: входящих=1, исходящих=1, операций=3; выборка неполна. Приоритет: охват=0.303, структура=0.046, оборот=0.192"
205,100000004679953100,terminal,0.5407821529597845,"Гипотеза: удержание в выборке: вход=343538 ₸, выход/вход=0.10; выборка неполна. Приоритет: охват=0.262, структура=0.089, оборот=0.189"
206,100000007864477100,distributor,0.5406370521655881,"Гипотеза: распределение: 6 получателей, макс. доля=25%; выборка неполна. Приоритет: охват=0.262, структура=0.094, оборот=0.184"
207,100000004105288100,terminal,0.5402989456545563,"Гипотеза: удержание в выборке: вход=215000 ₸, выход/вход=0.00; выборка неполна. Приоритет: охват=0.314, структура=0.046, оборот=0.181"
208,100000003001661100,distributor,0.5402397331069536,"Гипотеза: распределение: 5 получателей, макс. доля=64%; выборка неполна. Приоритет: охват=0.262, структура=0.083, оборот=0.194"
209,100000008555918100,peripheral,0.5400076194381349,"Гипотеза: оснований мало: входящих=1, исходящих=2, операций=3; выборка неполна. Приоритет: охват=0.303, структура=0.059, оборот=0.178"
210,100000007129492100,peripheral,0.5397571718389583,"Гипотеза: оснований мало: входящих=2, исходящих=1, операций=3; выборка неполна. Приоритет: охват=0.314, структура=0.059, оборот=0.167"
211,100000003004487100,consolidator,0.5397095986845896,"Гипотеза: сбор: 4 плательщиков, seed=7, макс. доля=63%; выборка неполна. Приоритет: охват=0.262, структура=0.086, оборот=0.191"
212,100000000413678100,peripheral,0.5393674952908538,"Гипотеза: оснований мало: входящих=2, исходящих=3, операций=20; выборка неполна. Приоритет: охват=0.262, структура=0.076, оборот=0.201"
213,100000004077081100,peripheral,0.5391957904461631,"Гипотеза: оснований мало: входящих=1, исходящих=4, операций=7; выборка неполна. Приоритет: охват=0.262, структура=0.078, оборот=0.199"
214,100000006788200100,consolidator,0.5389255729272975,"Гипотеза: сбор: 4 плательщиков, seed=7, макс. доля=34%; выборка неполна. Приоритет: охват=0.262, структура=0.089, оборот=0.187"
215,100000000596954100,peripheral,0.538815275569519,"Гипотеза: оснований мало: входящих=1, исходящих=2, операций=3; выборка неполна. Приоритет: охват=0.303, структура=0.059, оборот=0.177"
216,100000003299365100,transit,0.5384485344807138,"Гипотеза: транзит: выход/вход=1.00, близость ≤2д=100%; не трассировка; выборка неполна. Приоритет: охват=0.303, структура=0.046, оборот=0.190"
217,100000006069103100,peripheral,0.5382532362590854,"Гипотеза: оснований мало: входящих=3, исходящих=3, операций=7; выборка неполна. Приоритет: охват=0.262, структура=0.083, оборот=0.193"
218,100000002306369100,distributor,0.5382160571863095,"Гипотеза: распределение: 6 получателей, макс. доля=44%; выборка неполна. Приоритет: охват=0.262, структура=0.089, оборот=0.187"
219,100000003071930100,terminal,0.5382135160937723,"Гипотеза: удержание в выборке: вход=477610 ₸, выход/вход=0.01; выборка неполна. Приоритет: охват=0.277, структура=0.068, оборот=0.193"
220,100000003111305100,terminal,0.5380491790811492,"Гипотеза: удержание в выборке: вход=509338 ₸, выход/вход=0.00; выборка неполна. Приоритет: охват=0.277, структура=0.067, оборот=0.193"
221,100000000733451100,peripheral,0.5378511675255959,"Гипотеза: оснований мало: входящих=1, исходящих=1, операций=3; выборка неполна. Приоритет: охват=0.303, структура=0.047, оборот=0.189"
222,100000002628576100,transit,0.537446138363901,"Гипотеза: транзит: выход/вход=0.74, близость ≤2д=100%; не трассировка; выборка неполна. Приоритет: охват=0.262, структура=0.068, оборот=0.207"
223,100000003178549100,peripheral,0.537361922952091,"Гипотеза: оснований мало: входящих=2, исходящих=4, операций=6; выборка неполна. Приоритет: охват=0.262, структура=0.088, оборот=0.187"
224,100000006225798100,terminal,0.5373300692717466,"Гипотеза: удержание в выборке: вход=722000 ₸, выход/вход=0.04; выборка неполна. Приоритет: охват=0.262, структура=0.076, оборот=0.199"
225,100000003158727100,terminal,0.5372269882863131,"Гипотеза: удержание в выборке: вход=367940 ₸, выход/вход=0.00; выборка неполна. Приоритет: охват=0.291, структура=0.058, оборот=0.189"
226,100000000667713100,distributor,0.5370567389621155,"Гипотеза: распределение: 6 получателей, макс. доля=28%; выборка неполна. Приоритет: охват=0.262, структура=0.095, оборот=0.179"
227,100000005610717100,consolidator,0.536927648764896,"Гипотеза: сбор: 4 плательщиков, seed=7, макс. доля=38%; выборка неполна. Приоритет: охват=0.262, структура=0.075, оборот=0.199"
228,100000005634552100,peripheral,0.5367064715369128,"Гипотеза: оснований мало: входящих=1, исходящих=3, операций=5; выборка неполна. Приоритет: охват=0.262, структура=0.068, оборот=0.206"
229,100000004394765100,consolidator,0.5366563269440929,"Гипотеза: сбор: 3 плательщиков, seed=7, макс. доля=75%; выборка неполна. Приоритет: охват=0.262, структура=0.076, оборот=0.198"
230,100000008516839100,consolidator,0.5365401922943693,"Гипотеза: сбор: 3 плательщиков, seed=10, макс. доля=42%; вход seed неполон. Приоритет: охват=0.303, структура=0.058, оборот=0.176"
231,100000006169033100,peripheral,0.536533803457593,"Гипотеза: оснований мало: входящих=1, исходящих=3, операций=11; выборка неполна. Приоритет: охват=0.262, структура=0.068, оборот=0.206"
232,100000005432267100,terminal,0.5364840737475761,"Гипотеза: удержание в выборке: вход=350001 ₸, выход/вход=0.00; выборка неполна. Приоритет: охват=0.303, структура=0.046, оборот=0.188"
233,100000000640800100,peripheral,0.5364220720013528,"Гипотеза: оснований мало: входящих=1, исходящих=4, операций=7; выборка неполна. Приоритет: охват=0.262, структура=0.078, оборот=0.196"
234,100000008188026100,peripheral,0.5364143486736767,"Гипотеза: оснований мало: входящих=2, исходящих=4, операций=9; выборка неполна. Приоритет: охват=0.262, структура=0.083, оборот=0.191"
235,100000003171587100,peripheral,0.535789737790562,"Гипотеза: оснований мало: входящих=2, исходящих=2, операций=9; выборка неполна. Приоритет: охват=0.262, структура=0.068, оборот=0.205"
236,100000001904863100,terminal,0.5357471787629771,"Гипотеза: удержание в выборке: вход=500000 ₸, выход/вход=0.00; выборка неполна. Приоритет: охват=0.314, структура=0.029, оборот=0.193"
237,100000005882013100,peripheral,0.5355590382488372,"Гипотеза: оснований мало: входящих=2, исходящих=1, операций=4; выборка неполна. Приоритет: охват=0.303, структура=0.058, оборот=0.175"
238,100000000706545100,terminal,0.53555103640374,"Гипотеза: удержание в выборке: вход=1070300 ₸, выход/вход=0.07; выборка неполна. Приоритет: охват=0.262, структура=0.068, оборот=0.205"
239,100000008722417100,peripheral,0.5351402060732003,"Гипотеза: оснований мало: входящих=1, исходящих=3, операций=7; выборка неполна. Приоритет: охват=0.262, структура=0.069, оборот=0.204"
240,100000001924185100,peripheral,0.5351003843657826,"Гипотеза: оснований мало: входящих=2, исходящих=0, операций=2; выборка неполна. Приоритет: охват=0.314, структура=0.046, оборот=0.175"
241,100000002559089100,terminal,0.5349619289547705,"Гипотеза: удержание в выборке: вход=715000 ₸, выход/вход=0.00; выборка неполна. Приоритет: охват=0.291, структура=0.046, оборот=0.198"
242,100000005031696100,peripheral,0.5349200634818926,"Гипотеза: оснований мало: входящих=1, исходящих=2, операций=4; выборка неполна. Приоритет: охват=0.303, структура=0.060, оборот=0.172"
243,100000008086440100,distributor,0.534551671608375,"Гипотеза: распределение: 5 получателей, макс. доля=40%; выборка неполна. Приоритет: охват=0.262, структура=0.084, оборот=0.188"
244,100000004479404100,peripheral,0.5344992985028172,"Гипотеза: оснований мало: входящих=2, исходящих=1, операций=10; выборка неполна. Приоритет: охват=0.262, структура=0.060, оборот=0.212"
245,100000005539910100,peripheral,0.5343299256158529,"Гипотеза: оснований мало: входящих=1, исходящих=2, операций=3; выборка неполна. Приоритет: охват=0.303, структура=0.059, оборот=0.173"
246,100000008324800100,transit,0.5340775848279107,"Гипотеза: транзит: выход/вход=0.97, близость ≤2д=100%; не трассировка; выборка неполна. Приоритет: охват=0.262, структура=0.068, оборот=0.204"
247,100000005493505100,consolidator,0.534048602536341,"Гипотеза: сбор: 3 плательщиков, seed=11, макс. доля=42%; вход seed неполон. Приоритет: охват=0.314, структура=0.058, оборот=0.162"
248,100000006755850100,terminal,0.5339822646673286,"Гипотеза: удержание в выборке: вход=443476 ₸, выход/вход=0.00; выборка неполна. Приоритет: охват=0.314, структура=0.029, оборот=0.191"
249,100000001317336100,peripheral,0.5339753185692842,"Гипотеза: оснований мало: входящих=1, исходящих=2, операций=4; выборка неполна. Приоритет: охват=0.262, структура=0.059, оборот=0.213"
250,100000005519998100,consolidator,0.5338981100136578,"Гипотеза: сбор: 3 плательщиков, seed=7, макс. доля=78%; выборка неполна. Приоритет: охват=0.262, структура=0.083, оборот=0.189"
251,100000004715209100,distributor,0.5337067697167879,"Гипотеза: распределение: 5 получателей, макс. доля=57%; выборка неполна. Приоритет: охват=0.262, структура=0.083, оборот=0.188"
252,100000003031003100,terminal,0.5332134481760229,"Гипотеза: удержание в выборке: вход=280090 ₸, выход/вход=0.00; выборка неполна. Приоритет: охват=0.291, структура=0.058, оборот=0.185"
253,100000008254069100,distributor,0.5326692233996921,"Гипотеза: распределение: 5 получателей, макс. доля=54%; выборка неполна. Приоритет: охват=0.277, структура=0.084, оборот=0.172"
254,100000006704530100,peripheral,0.532516627084803,"Гипотеза: оснований мало: входящих=1, исходящих=3, операций=6; выборка неполна. Приоритет: охват=0.262, структура=0.069, оборот=0.201"
255,100000000291906100,peripheral,0.5323545738344079,"Гипотеза: оснований мало: входящих=2, исходящих=2, операций=9; выборка неполна. Приоритет: охват=0.262, структура=0.069, оборот=0.201"
256,100000004905207100,terminal,0.5317096851563698,"Гипотеза: удержание в выборке: вход=380000 ₸, выход/вход=0.00; выборка неполна. Приоритет: охват=0.314, структура=0.029, оборот=0.189"
257,100000008587459100,peripheral,0.5314199682018064,"Гипотеза: оснований мало: входящих=2, исходящих=2, операций=6; выборка неполна. Приоритет: охват=0.262, структура=0.068, оборот=0.201"
258,100000008258458100,peripheral,0.5313291730465795,"Гипотеза: оснований мало: входящих=1, исходящих=2, операций=5; выборка неполна. Приоритет: охват=0.262, структура=0.059, оборот=0.210"
259,100000008293431100,distributor,0.531323306356521,"Гипотеза: распределение: 5 получателей, макс. доля=72%; выборка неполна. Приоритет: охват=0.262, структура=0.083, оборот=0.186"
260,100000001788284100,distributor,0.5310325556599074,"Гипотеза: распределение: 5 получателей, макс. доля=65%; выборка неполна. Приоритет: охват=0.262, структура=0.083, оборот=0.186"
261,100000002679516100,consolidator,0.530432228616446,"Гипотеза: сбор: 3 плательщиков, seed=10, макс. доля=36%; выборка неполна. Приоритет: охват=0.303, структура=0.058, оборот=0.170"
262,100000005357705100,peripheral,0.5303665473981156,"Гипотеза: оснований мало: входящих=1, исходящих=4, операций=6; выборка неполна. Приоритет: охват=0.262, структура=0.077, оборот=0.191"
263,100000008566737100,terminal,0.5303071821896872,"Гипотеза: удержание в выборке: вход=230000 ₸, выход/вход=0.00; выборка неполна. Приоритет: охват=0.303, структура=0.046, оборот=0.182"
264,100000003037476100,consolidator,0.5299740277906493,"Гипотеза: сбор: 3 плательщиков, seed=8, макс. доля=67%; граница depth=4. Приоритет: охват=0.277, структура=0.058, оборот=0.195"
265,100000005668605100,consolidator,0.5292604050978458,"Гипотеза: сбор: 3 плательщиков, seed=10, макс. доля=57%; вход seed неполон. Приоритет: охват=0.303, структура=0.058, оборот=0.169"
266,100000003171006100,terminal,0.5292517333648905,"Гипотеза: удержание в выборке: вход=485000 ₸, выход/вход=0.00; выборка неполна. Приоритет: охват=0.291, структура=0.046, оборот=0.193"
267,100000001527186100,terminal,0.5292435861227881,"Гипотеза: удержание в выборке: вход=678000 ₸, выход/вход=0.00; выборка неполна. Приоритет: охват=0.303, структура=0.029, оборот=0.198"
268,100000003809101100,peripheral,0.52876454938449,"Гипотеза: оснований мало: входящих=2, исходящих=2, операций=7; выборка неполна. Приоритет: охват=0.277, структура=0.070, оборот=0.181"
269,100000008708207100,terminal,0.5286321923347232,"Гипотеза: удержание в выборке: вход=465000 ₸, выход/вход=0.00; выборка неполна. Приоритет: охват=0.291, структура=0.046, оборот=0.192"
270,100000001884825100,terminal,0.5282908309097418,"Гипотеза: удержание в выборке: вход=495000 ₸, выход/вход=0.00; выборка неполна. Приоритет: охват=0.277, структура=0.058, оборот=0.193"
271,100000008438656100,peripheral,0.5282335797796918,"Гипотеза: оснований мало: входящих=2, исходящих=1, операций=3; выборка неполна. Приоритет: охват=0.303, структура=0.059, оборот=0.167"
272,100000007311010100,peripheral,0.528147734039919,"Гипотеза: оснований мало: входящих=2, исходящих=1, операций=3; выборка неполна. Приоритет: охват=0.303, структура=0.059, оборот=0.167"
273,100000006972210100,terminal,0.5281046440997683,"Гипотеза: удержание в выборке: вход=488775 ₸, выход/вход=0.00; выборка неполна. Приоритет: охват=0.277, структура=0.058, оборот=0.193"
274,100000008747113100,terminal,0.5280883672076169,"Гипотеза: удержание в выборке: вход=197801 ₸, выход/вход=0.00; выборка неполна. Приоритет: охват=0.303, структура=0.046, оборот=0.179"
275,100000002593344100,terminal,0.5275151260545086,"Гипотеза: удержание в выборке: вход=431000 ₸, выход/вход=0.00; выборка неполна. Приоритет: охват=0.291, структура=0.046, оборот=0.191"
276,100000008213966100,consolidator,0.5271317842570675,"Гипотеза: сбор: 3 плательщиков, seed=7, макс. доля=78%; выборка неполна. Приоритет: охват=0.262, структура=0.068, оборот=0.196"
277,100000002126791100,peripheral,0.5269354815503168,"Гипотеза: оснований мало: входящих=1, исходящих=0, операций=3; граница depth=4. Приоритет: охват=0.291, структура=0.029, оборот=0.207"
278,100000008094734100,terminal,0.5267471122931959,"Гипотеза: удержание в выборке: вход=236249 ₸, выход/вход=0.00; выборка неполна. Приоритет: охват=0.277, структура=0.067, оборот=0.182"
279,100000003249054100,consolidator,0.5267329113660337,"Гипотеза: сбор: 7 плательщиков, seed=7, макс. доля=33%; выборка неполна. Приоритет: охват=0.262, структура=0.093, оборот=0.171"
280,100000008556318100,terminal,0.5267117538056617,"Гипотеза: удержание в выборке: вход=180132 ₸, выход/вход=0.00; выборка неполна. Приоритет: охват=0.303, структура=0.046, оборот=0.178"
281,100000000076451100,consolidator,0.5266226342797431,"Гипотеза: сбор: 3 плательщиков, seed=7, макс. доля=49%; выборка неполна. Приоритет: охват=0.262, структура=0.089, оборот=0.175"
282,100000004180097100,consolidator,0.5265499435574321,"Гипотеза: сбор: 3 плательщиков, seed=7, макс. доля=73%; выборка неполна. Приоритет: охват=0.262, структура=0.088, оборот=0.176"
283,100000001066017100,peripheral,0.5265385302561657,"Гипотеза: оснований мало: входящих=2, исходящих=4, операций=7; выборка неполна. Приоритет: охват=0.262, структура=0.083, оборот=0.181"
284,100000008760098100,peripheral,0.5264695113955598,"Гипотеза: оснований мало: входящих=1, исходящих=1, операций=2; выборка неполна. Приоритет: охват=0.291, структура=0.046, оборот=0.190"
285,100000007181706100,terminal,0.5263930702141096,"Гипотеза: удержание в выборке: вход=176272 ₸, выход/вход=0.00; выборка неполна. Приоритет: охват=0.303, структура=0.046, оборот=0.178"
286,100000001609499100,terminal,0.5263431791084121,"Гипотеза: удержание в выборке: вход=263113 ₸, выход/вход=0.08; выборка неполна. Приоритет: охват=0.262, структура=0.079, оборот=0.185"
287,100000002603769100,terminal,0.5262696035094476,"Гипотеза: удержание в выборке: вход=1185368 ₸, выход/вход=0.00; выборка неполна. Приоритет: охват=0.262, структура=0.058, оборот=0.206"
288,100000003834495100,terminal,0.5261952642330222,"Гипотеза: удержание в выборке: вход=602441 ₸, выход/вход=0.03; выборка неполна. Приоритет: охват=0.262, структура=0.067, оборот=0.196"
289,100000005519347100,peripheral,0.5260822202369559,"Гипотеза: оснований мало: входящих=2, исходящих=1, операций=3; вход seed неполон. Приоритет: охват=0.291, структура=0.058, оборот=0.177"
290,100000001534244100,peripheral,0.5260380487536043,"Гипотеза: оснований мало: входящих=2, исходящих=1, операций=3; выборка неполна. Приоритет: охват=0.277, структура=0.058, оборот=0.190"
291,100000002713074100,peripheral,0.525995775962371,"Гипотеза: оснований мало: входящих=2, исходящих=1, операций=4; выборка неполна. Приоритет: охват=0.262, структура=0.058, оборот=0.205"
292,100000006638021100,peripheral,0.5259878092114257,"Гипотеза: оснований мало: входящих=2, исходящих=0, операций=2; граница depth=4. Приоритет: охват=0.291, структура=0.046, оборот=0.189"
293,100000004004621100,consolidator,0.5259364478171128,"Гипотеза: сбор: 3 плательщиков, seed=10, макс. доля=34%; выборка неполна. Приоритет: охват=0.303, структура=0.058, оборот=0.165"
294,100000008650785100,peripheral,0.5256637203454294,"Гипотеза: оснований мало: входящих=2, исходящих=2, операций=4; вход seed неполон. Приоритет: охват=0.277, структура=0.068, оборот=0.180"
295,100000002645993100,distributor,0.5255911300097772,"Гипотеза: распределение: 5 получателей, макс. доля=62%; выборка неполна. Приоритет: охват=0.262, структура=0.089, оборот=0.174"
296,100000008561016100,transit,0.5255706899685809,"Гипотеза: транзит: выход/вход=1.03, близость ≤2д=100%; не трассировка; выборка неполна. Приоритет: охват=0.291, структура=0.046, оборот=0.188"
297,100000002548759100,terminal,0.5254674906978762,"Гипотеза: удержание в выборке: вход=375000 ₸, выход/вход=0.00; выборка неполна. Приоритет: охват=0.291, структура=0.046, оборот=0.189"
298,100000004330371100,peripheral,0.5253485711870156,"Гипотеза: оснований мало: входящих=2, исходящих=2, операций=18; выборка неполна. Приоритет: охват=0.262, структура=0.075, оборот=0.188"
299,100000001126374100,consolidator,0.5252230365179149,"Гипотеза: сбор: 4 плательщиков, seed=7, макс. доля=77%; выборка неполна. Приоритет: охват=0.262, структура=0.082, оборот=0.180"
300,100000000913911100,peripheral,0.5251562331280851,"Гипотеза: оснований мало: входящих=2, исходящих=1, операций=3; выборка неполна. Приоритет: охват=0.262, структура=0.058, оборот=0.204"
301,100000001346560100,peripheral,0.524981465063483,"Гипотеза: оснований мало: входящих=2, исходящих=1, операций=3; выборка неполна. Приоритет: охват=0.314, структура=0.059, оборот=0.153"
302,100000005475379100,peripheral,0.5249556917738529,"Гипотеза: оснований мало: входящих=1, исходящих=3, операций=4; выборка неполна. Приоритет: охват=0.277, структура=0.069, оборот=0.179"
303,100000004315838100,peripheral,0.5249507448599726,"Гипотеза: оснований мало: входящих=2, исходящих=1, операций=3; выборка неполна. Приоритет: охват=0.303, структура=0.059, оборот=0.164"
304,100000003163886100,terminal,0.5247632265806395,"Гипотеза: удержание в выборке: вход=500000 ₸, выход/вход=0.00; выборка неполна. Приоритет: охват=0.303, структура=0.029, оборот=0.193"
305,100000004209339100,peripheral,0.5247544069975586,"Гипотеза: оснований мало: входящих=1, исходящих=2, операций=17; выборка неполна. Приоритет: охват=0.277, структура=0.058, оборот=0.189"
306,100000003917461100,peripheral,0.5244783234116427,"Гипотеза: оснований мало: входящих=1, исходящих=2, операций=6; выборка неполна. Приоритет: охват=0.291, структура=0.058, оборот=0.175"
307,100000004659919100,peripheral,0.5244610036674122,"Гипотеза: оснований мало: входящих=1, исходящих=1, операций=3; выборка неполна. Приоритет: охват=0.303, структура=0.047, оборот=0.175"
308,100000002121357100,peripheral,0.5244242190973842,"Гипотеза: оснований мало: входящих=2, исходящих=1, операций=3; выборка неполна. Приоритет: охват=0.277, структура=0.058, оборот=0.189"
309,100000008739887100,peripheral,0.5243736401829635,"Гипотеза: оснований мало: входящих=2, исходящих=2, операций=5; выборка неполна. Приоритет: охват=0.262, структура=0.068, оборот=0.194"
310,100000008751380100,terminal,0.5242740116916093,"Гипотеза: удержание в выборке: вход=345780 ₸, выход/вход=0.00; выборка неполна. Приоритет: охват=0.291, структура=0.046, оборот=0.188"
311,100000002565277100,terminal,0.5242640331551974,"Гипотеза: удержание в выборке: вход=483319 ₸, выход/вход=0.00; выборка неполна. Приоритет: охват=0.303, структура=0.029, оборот=0.193"
312,100000002645609100,terminal,0.5242254219739821,"Гипотеза: удержание в выборке: вход=546821 ₸, выход/вход=0.00; выборка неполна. Приоритет: охват=0.262, структура=0.067, оборот=0.194"
313,100000002193259100,peripheral,0.524026695067424,"Гипотеза: оснований мало: входящих=2, исходящих=3, операций=5; выборка неполна. Приоритет: охват=0.277, структура=0.076, оборот=0.170"
314,100000002537811100,peripheral,0.5237352452597128,"Гипотеза: оснований мало: входящих=1, исходящих=1, операций=2; выборка неполна. Приоритет: охват=0.314, структура=0.047, оборот=0.163"
315,100000003062895100,terminal,0.5235172841133237,"Гипотеза: удержание в выборке: вход=328444 ₸, выход/вход=0.00; выборка неполна. Приоритет: охват=0.291, структура=0.046, оборот=0.187"
316,100000002901457100,peripheral,0.5233428640436978,"Гипотеза: оснований мало: входящих=1, исходящих=3, операций=4; выборка неполна. Приоритет: охват=0.262, структура=0.069, оборот=0.192"
317,100000001073568100,peripheral,0.5230820189696864,"Гипотеза: оснований мало: входящих=1, исходящих=2, операций=7; выборка неполна. Приоритет: охват=0.262, структура=0.058, оборот=0.202"
318,100000008723830100,transit,0.5228962446944679,"Гипотеза: транзит: выход/вход=0.99, близость ≤2д=100%; не трассировка; выборка неполна. Приоритет: охват=0.262, структура=0.058, оборот=0.202"
319,100000008343874100,peripheral,0.5225484440864858,"Гипотеза: оснований мало: входящих=2, исходящих=2, операций=7; выборка неполна. Приоритет: охват=0.262, структура=0.068, оборот=0.192"
320,100000004666651100,terminal,0.5225186488647333,"Гипотеза: удержание в выборке: вход=429250 ₸, выход/вход=0.00; выборка неполна. Приоритет: охват=0.303, структура=0.029, оборот=0.191"
321,100000004662806100,peripheral,0.5224669428668501,"Гипотеза: оснований мало: входящих=2, исходящих=2, операций=5; выборка неполна. Приоритет: охват=0.277, структура=0.068, оборот=0.177"
322,100000008473207100,terminal,0.5224131817405893,"Гипотеза: удержание в выборке: вход=202000 ₸, выход/вход=0.00; выборка неполна. Приоритет: охват=0.314, структура=0.029, оборот=0.180"
323,100000003159641100,consolidator,0.5223357725609621,"Гипотеза: сбор: 4 плательщиков, seed=7, макс. доля=31%; выборка неполна. Приоритет: охват=0.262, структура=0.076, оборот=0.184"
324,100000004670388100,peripheral,0.522331821622537,"Гипотеза: оснований мало: входящих=1, исходящих=2, операций=5; выборка неполна. Приоритет: охват=0.262, структура=0.058, оборот=0.201"
325,100000008546855100,consolidator,0.5221878043902105,"Гипотеза: сбор: 6 плательщиков, seed=7, макс. доля=47%; выборка неполна. Приоритет: охват=0.262, структура=0.093, оборот=0.166"
326,100000003831324100,terminal,0.5221846223162113,"Гипотеза: удержание в выборке: вход=300000 ₸, выход/вход=0.00; выборка неполна. Приоритет: охват=0.291, структура=0.046, оборот=0.186"
327,100000001584286100,terminal,0.5221413849163647,"Гипотеза: удержание в выборке: вход=738699 ₸, выход/вход=0.00; выборка неполна. Приоритет: охват=0.277, структура=0.046, оборот=0.199"
328,100000008625905100,peripheral,0.5219625068222762,"Гипотеза: оснований мало: входящих=1, исходящих=2, операций=3; выборка неполна. Приоритет: охват=0.262, структура=0.059, оборот=0.201"
329,100000003097324100,terminal,0.5218874019685527,"Гипотеза: удержание в выборке: вход=294000 ₸, выход/вход=0.00; выборка неполна. Приоритет: охват=0.291, структура=0.046, оборот=0.185"
330,100000004820260100,transit,0.5217825325102723,"Гипотеза: транзит: выход/вход=0.92, близость ≤2д=100%; не трассировка; выборка неполна. Приоритет: охват=0.262, структура=0.068, оборот=0.191"
331,100000002188829100,terminal,0.5214803557469947,"Гипотеза: удержание в выборке: вход=400000 ₸, выход/вход=0.00; выборка неполна. Приоритет: охват=0.303, структура=0.029, оборот=0.190"
332,100000003035737100,terminal,0.521201029956821,"Гипотеза: удержание в выборке: вход=809170 ₸, выход/вход=0.01; выборка неполна. Приоритет: охват=0.262, структура=0.058, оборот=0.200"
333,100000001538095100,terminal,0.521169605704376,"Гипотеза: удержание в выборке: вход=280000 ₸, выход/вход=0.00; выборка неполна. Приоритет: охват=0.291, структура=0.046, оборот=0.185"
334,100000003557488100,peripheral,0.5209830592775077,"Гипотеза: оснований мало: входящих=1, исходящих=2, операций=7; выборка неполна. Приоритет: охват=0.262, структура=0.058, оборот=0.200"
335,100000000810551100,peripheral,0.5208005486146187,"Гипотеза: оснований мало: входящих=1, исходящих=1, операций=2; выборка неполна. Приоритет: охват=0.303, структура=0.048, оборот=0.170"
336,100000002481974100,peripheral,0.52076573701255,"Гипотеза: оснований мало: входящих=2, исходящих=2, операций=6; выборка неполна. Приоритет: охват=0.262, структура=0.068, оборот=0.190"
337,100000005140601100,consolidator,0.5206606439558719,"Гипотеза: сбор: 3 плательщиков, seed=7, макс. доля=47%; выборка неполна. Приоритет: охват=0.262, структура=0.075, оборот=0.183"
338,100000002605548100,peripheral,0.5203249521700493,"Гипотеза: оснований мало: входящих=2, исходящих=0, операций=2; выборка неполна. Приоритет: охват=0.303, структура=0.046, оборот=0.172"
339,100000001232297100,peripheral,0.5198952531218164,"Гипотеза: оснований мало: входящих=1, исходящих=2, операций=3; выборка неполна. Приоритет: охват=0.303, структура=0.058, оборот=0.159"
340,100000003131693100,terminal,0.5196529576849042,"Гипотеза: удержание в выборке: вход=353277 ₸, выход/вход=0.00; выборка неполна. Приоритет: охват=0.303, структура=0.029, оборот=0.188"
341,100000001169666100,peripheral,0.5196369122175654,"Гипотеза: оснований мало: входящих=1, исходящих=1, операций=3; выборка неполна. Приоритет: охват=0.291, структура=0.046, оборот=0.183"
342,100000001463701100,terminal,0.5195879896529105,"Гипотеза: удержание в выборке: вход=621000 ₸, выход/вход=0.00; выборка неполна. Приоритет: охват=0.277, структура=0.046, оборот=0.196"
343,100000003457710100,peripheral,0.5193696076388326,"Гипотеза: оснований мало: входящих=1, исходящих=1, операций=3; выборка неполна. Приоритет: охват=0.262, структура=0.046, оборот=0.210"
344,100000003968044100,peripheral,0.5191707909214881,"Гипотеза: оснований мало: входящих=1, исходящих=3, операций=5; выборка неполна. Приоритет: охват=0.262, структура=0.069, оборот=0.188"
345,100000001285440100,terminal,0.5190845152018744,"Гипотеза: удержание в выборке: вход=243000 ₸, выход/вход=0.00; выборка неполна. Приоритет: охват=0.291, структура=0.046, оборот=0.182"
346,100000001427082100,distributor,0.5189152247075101,"Гипотеза: распределение: 5 получателей, макс. доля=48%; выборка неполна. Приоритет: охват=0.262, структура=0.083, оборот=0.173"
347,100000000806727100,peripheral,0.5188400908989106,"Гипотеза: оснований мало: входящих=1, исходящих=1, операций=2; выборка неполна. Приоритет: охват=0.314, структура=0.046, оборот=0.159"
348,100000008724461100,peripheral,0.5187835650806261,"Гипотеза: оснований мало: входящих=1, исходящих=1, операций=2; выборка неполна. Приоритет: охват=0.291, структура=0.046, оборот=0.182"
349,100000002622822100,peripheral,0.518696843421748,"Гипотеза: оснований мало: входящих=1, исходящих=0, операций=1; граница depth=4. Приоритет: охват=0.291, структура=0.029, оборот=0.199"
350,100000002513028100,peripheral,0.5186861937229477,"Гипотеза: оснований мало: входящих=1, исходящих=3, операций=25; выборка неполна. Приоритет: охват=0.262, структура=0.069, оборот=0.187"
351,100000007544358100,peripheral,0.5183695734550477,"Гипотеза: оснований мало: входящих=2, исходящих=1, операций=5; выборка неполна. Приоритет: охват=0.262, структура=0.058, оборот=0.197"
352,100000008169544100,peripheral,0.5181463559302106,"Гипотеза: оснований мало: входящих=1, исходящих=4, операций=9; выборка неполна. Приоритет: охват=0.262, структура=0.078, оборот=0.178"
353,100000004677680100,peripheral,0.5180001904248225,"Гипотеза: оснований мало: входящих=2, исходящих=1, операций=5; выборка неполна. Приоритет: охват=0.277, структура=0.059, оборот=0.182"
354,100000001660397100,peripheral,0.5177584047609902,"Гипотеза: оснований мало: входящих=2, исходящих=3, операций=6; выборка неполна. Приоритет: охват=0.262, структура=0.086, оборот=0.169"
355,100000004226848100,terminal,0.5173392265596475,"Гипотеза: удержание в выборке: вход=301866 ₸, выход/вход=0.00; выборка неполна. Приоритет: охват=0.303, структура=0.029, оборот=0.186"
356,100000008430691100,peripheral,0.5172895634233978,"Гипотеза: оснований мало: входящих=1, исходящих=2, операций=3; выборка неполна. Приоритет: охват=0.262, структура=0.058, оборот=0.196"
357,100000000375150100,peripheral,0.5172480019106115,"Гипотеза: оснований мало: входящих=1, исходящих=0, операций=1; граница depth=4. Приоритет: охват=0.303, структура=0.029, оборот=0.186"
358,100000008427027100,terminal,0.5172480019106115,"Гипотеза: удержание в выборке: вход=300000 ₸, выход/вход=0.00; выборка неполна. Приоритет: охват=0.303, структура=0.029, оборот=0.186"
359,100000000838385100,peripheral,0.5170890171792265,"Гипотеза: оснований мало: входящих=1, исходящих=2, операций=14; выборка неполна. Приоритет: охват=0.262, структура=0.059, оборот=0.196"
360,100000005660203100,terminal,0.5170238293887832,"Гипотеза: удержание в выборке: вход=572899 ₸, выход/вход=0.07; выборка неполна. Приоритет: охват=0.262, структура=0.058, оборот=0.196"
361,100000003016438100,peripheral,0.5168782582036837,"Гипотеза: оснований мало: входящих=1, исходящих=1, операций=4; выборка неполна. Приоритет: охват=0.277, структура=0.046, оборот=0.193"
362,100000003321895100,peripheral,0.5165850914013576,"Гипотеза: оснований мало: входящих=1, исходящих=2, операций=4; выборка неполна. Приоритет: охват=0.262, структура=0.059, оборот=0.195"
363,100000002032323100,peripheral,0.5165825890267038,"Гипотеза: оснований мало: входящих=1, исходящих=1, операций=3; выборка неполна. Приоритет: охват=0.262, структура=0.046, оборот=0.208"
364,100000001279272100,peripheral,0.516483711934915,"Гипотеза: оснований мало: входящих=1, исходящих=2, операций=3; выборка неполна. Приоритет: охват=0.262, структура=0.065, оборот=0.189"
365,100000001714173100,terminal,0.516338263754089,"Гипотеза: удержание в выборке: вход=638905 ₸, выход/вход=0.00; выборка неполна. Приоритет: охват=0.291, структура=0.029, оборот=0.197"
366,100000005584222100,peripheral,0.5163213795195796,"Гипотеза: оснований мало: входящих=2, исходящих=2, операций=9; выборка неполна. Приоритет: охват=0.262, структура=0.068, оборот=0.186"
367,100000001236706100,consolidator,0.5162789332344786,"Гипотеза: сбор: 3 плательщиков, seed=7, макс. доля=56%; выборка неполна. Приоритет: охват=0.262, структура=0.076, оборот=0.178"
368,100000002983879100,terminal,0.5162231393698873,"Гипотеза: удержание в выборке: вход=200050 ₸, выход/вход=0.00; выборка неполна. Приоритет: охват=0.291, структура=0.046, оборот=0.180"
369,100000002578405100,distributor,0.5160667554939259,"Гипотеза: распределение: 116 получателей, макс. доля=4%; выборка неполна. Приоритет: охват=0.087, структура=0.204, оборот=0.225"
370,100000005268319100,distributor,0.515714111869303,"Гипотеза: распределение: 5 получателей, макс. доля=41%; выборка неполна. Приоритет: охват=0.262, структура=0.082, оборот=0.171"
371,100000003254723100,terminal,0.515689772500723,"Гипотеза: удержание в выборке: вход=269850 ₸, выход/вход=0.00; выборка неполна. Приоритет: охват=0.303, структура=0.029, оборот=0.184"
372,100000007777377100,terminal,0.5155836980330494,"Гипотеза: удержание в выборке: вход=456290 ₸, выход/вход=0.02; выборка неполна. Приоритет: охват=0.262, структура=0.061, оборот=0.192"
373,100000001746925100,peripheral,0.5155178821003887,"Гипотеза: оснований мало: входящих=1, исходящих=1, операций=2; выборка неполна. Приоритет: охват=0.303, структура=0.049, оборот=0.164"
374,100000008244300100,consolidator,0.5154884298139879,"Гипотеза: сбор: 5 плательщиков, seed=8, макс. доля=42%; выборка неполна. Приоритет: охват=0.277, структура=0.075, оборот=0.163"
375,100000007511163100,peripheral,0.5154517798291113,"Гипотеза: оснований мало: входящих=2, исходящих=3, операций=5; выборка неполна. Приоритет: охват=0.262, структура=0.078, оборот=0.175"
376,100000001927599100,terminal,0.515309158314695,"Гипотеза: удержание в выборке: вход=188000 ₸, выход/вход=0.00; выборка неполна. Приоритет: охват=0.291, структура=0.046, оборот=0.179"
377,100000004450649100,peripheral,0.5151558026096275,"Гипотеза: оснований мало: входящих=2, исходящих=2, операций=4; выборка неполна. Приоритет: охват=0.262, структура=0.070, оборот=0.182"
378,100000003582677100,peripheral,0.5150520532791889,"Гипотеза: оснований мало: входящих=2, исходящих=4, операций=7; выборка неполна. Приоритет: охват=0.262, структура=0.085, оборот=0.167"
379,100000004336312100,consolidator,0.5148100379022275,"Гипотеза: сбор: 3 плательщиков, seed=7, макс. доля=65%; выборка неполна. Приоритет: охват=0.262, структура=0.076, оборот=0.177"
380,100000006446271100,peripheral,0.5147707012625805,"Гипотеза: оснований мало: входящих=2, исходящих=0, операций=2; выборка неполна. Приоритет: охват=0.303, структура=0.046, оборот=0.166"
381,100000004544958100,peripheral,0.5147616950021456,"Гипотеза: оснований мало: входящих=1, исходящих=2, операций=5; выборка неполна. Приоритет: охват=0.277, структура=0.058, оборот=0.179"
382,100000002472632100,terminal,0.5146626668957798,"Гипотеза: удержание в выборке: вход=502400 ₸, выход/вход=0.04; выборка неполна. Приоритет: охват=0.262, структура=0.058, оборот=0.194"
383,100000000288317100,peripheral,0.5144680926484225,"Гипотеза: оснований мало: входящих=2, исходящих=3, операций=5; выборка неполна. Приоритет: охват=0.262, структура=0.076, оборот=0.176"
384,100000001222263100,peripheral,0.5144126230125263,"Гипотеза: оснований мало: входящих=1, исходящих=1, операций=6; выборка неполна. Приоритет: охват=0.262, структура=0.046, оборот=0.206"
385,100000001650895100,peripheral,0.5137469331575489,"Гипотеза: оснований мало: входящих=1, исходящих=1, операций=2; выборка неполна. Приоритет: охват=0.291, структура=0.046, оборот=0.177"
386,100000006844768100,peripheral,0.5135286581464554,"Гипотеза: оснований мало: входящих=1, исходящих=2, операций=10; выборка неполна. Приоритет: охват=0.262, структура=0.059, оборот=0.192"
387,100000003190207100,peripheral,0.5129091283026826,"Гипотеза: оснований мало: входящих=1, исходящих=1, операций=9; выборка неполна. Приоритет: охват=0.277, структура=0.046, оборот=0.189"
388,100000007242833100,peripheral,0.5126735213705982,"Гипотеза: оснований мало: входящих=1, исходящих=1, операций=5; выборка неполна. Приоритет: охват=0.291, структура=0.046, оборот=0.176"
389,100000004744306100,peripheral,0.5126446844401162,"Гипотеза: оснований мало: входящих=1, исходящих=2, операций=4; выборка неполна. Приоритет: охват=0.277, структура=0.059, оборот=0.176"
390,100000004424023100,peripheral,0.5124436412035638,"Гипотеза: оснований мало: входящих=1, исходящих=1, операций=2; выборка неполна. Приоритет: охват=0.291, структура=0.046, оборот=0.175"
391,100000008443341100,peripheral,0.5124363235029814,"Гипотеза: оснований мало: входящих=2, исходящих=3, операций=6; выборка неполна. Приоритет: охват=0.262, структура=0.083, оборот=0.167"
392,100000004186824100,terminal,0.5123506681223743,"Гипотеза: удержание в выборке: вход=451700 ₸, выход/вход=0.02; выборка неполна. Приоритет: охват=0.262, структура=0.058, оборот=0.192"
393,100000002884708100,peripheral,0.5119594217585609,"Гипотеза: оснований мало: входящих=1, исходящих=0, операций=2; граница depth=4. Приоритет: охват=0.277, структура=0.029, оборот=0.206"
394,100000003964910100,terminal,0.5117286750451544,"Гипотеза: удержание в выборке: вход=1000000 ₸, выход/вход=0.00; выборка неполна. Приоритет: охват=0.262, структура=0.046, оборот=0.203"
395,100000002681449100,peripheral,0.5117271774873422,"Гипотеза: оснований мало: входящих=2, исходящих=2, операций=4; выборка неполна. Приоритет: охват=0.262, структура=0.068, оборот=0.181"
396,100000005133757100,peripheral,0.5117159624264781,"Гипотеза: оснований мало: входящих=2, исходящих=0, операций=2; выборка неполна. Приоритет: охват=0.303, структура=0.046, оборот=0.163"
397,100000004948177100,terminal,0.5115944125201385,"Гипотеза: удержание в выборке: вход=437163 ₸, выход/вход=0.00; выборка неполна. Приоритет: охват=0.262, структура=0.058, оборот=0.191"
398,100000004183610100,peripheral,0.5112101317850908,"Гипотеза: оснований мало: входящих=1, исходящих=1, операций=4; выборка неполна. Приоритет: охват=0.262, структура=0.046, оборот=0.202"
399,100000005664632100,terminal,0.5111809776279284,"Гипотеза: удержание в выборке: вход=198620 ₸, выход/вход=0.00; выборка неполна. Приоритет: охват=0.303, структура=0.029, оборот=0.179"
400,100000002870463100,terminal,0.5110626859521521,"Гипотеза: удержание в выборке: вход=207000 ₸, выход/вход=0.05; выборка неполна. Приоритет: охват=0.262, структура=0.068, оборот=0.181"
401,100000004539443100,peripheral,0.5110184179488971,"Гипотеза: оснований мало: входящих=2, исходящих=0, операций=2; выборка неполна. Приоритет: охват=0.303, структура=0.046, оборот=0.162"
402,100000008647905100,peripheral,0.5109331659448602,"Гипотеза: оснований мало: входящих=1, исходящих=2, операций=3; выборка неполна. Приоритет: охват=0.262, структура=0.059, оборот=0.190"
403,100000008555233100,terminal,0.5108710413285766,"Гипотеза: удержание в выборке: вход=440600 ₸, выход/вход=0.00; выборка неполна. Приоритет: охват=0.291, структура=0.029, оборот=0.191"
404,100000002941114100,peripheral,0.5105362032760785,"Гипотеза: оснований мало: входящих=2, исходящих=1, операций=16; выборка неполна. Приоритет: охват=0.277, структура=0.058, оборот=0.175"
405,100000001445848100,peripheral,0.5101434301351349,"Гипотеза: оснований мало: входящих=1, исходящих=1, операций=27; выборка неполна. Приоритет: охват=0.262, структура=0.046, оборот=0.202"
406,100000002459832100,terminal,0.5098581257578223,"Гипотеза: удержание в выборке: вход=880606 ₸, выход/вход=0.00; выборка неполна. Приоритет: охват=0.262, структура=0.046, оборот=0.201"
407,100000007390016100,peripheral,0.5094669481201524,"Гипотеза: оснований мало: входящих=1, исходящих=1, операций=27; выборка неполна. Приоритет: охват=0.262, структура=0.046, оборот=0.201"
408,100000001680944100,terminal,0.5091890594371636,"Гипотеза: удержание в выборке: вход=393000 ₸, выход/вход=0.00; выборка неполна. Приоритет: охват=0.291, структура=0.029, оборот=0.190"
409,100000002692750100,peripheral,0.5091035649170256,"Гипотеза: оснований мало: входящих=3, исходящих=1, операций=11; выборка неполна. Приоритет: охват=0.262, структура=0.068, оборот=0.179"
410,100000003366471100,terminal,0.5087439353560208,"Гипотеза: удержание в выборке: вход=329789 ₸, выход/вход=0.06; выборка неполна. Приоритет: охват=0.262, структура=0.058, оборот=0.188"
411,100000002618492100,terminal,0.5087117036412595,"Гипотеза: удержание в выборке: вход=296500 ₸, выход/вход=0.00; выборка неполна. Приоритет: охват=0.277, структура=0.046, оборот=0.185"
412,100000008531133100,peripheral,0.5086653464591646,"Гипотеза: оснований мало: входящих=1, исходящих=3, операций=4; выборка неполна. Приоритет: охват=0.262, структура=0.068, оборот=0.178"
413,100000002621949100,terminal,0.5084180542488691,"Гипотеза: удержание в выборке: вход=164612 ₸, выход/вход=0.00; выборка неполна. Приоритет: охват=0.303, структура=0.029, оборот=0.177"
414,100000005242320100,distributor,0.5084106234994927,"Гипотеза: распределение: 21 получателей, макс. доля=9%; выборка неполна. Приоритет: охват=0.139, структура=0.134, оборот=0.236"
415,100000008620570100,peripheral,0.5083542036759959,"Гипотеза: оснований мало: входящих=2, исходящих=2, операций=4; выборка неполна. Приоритет: охват=0.262, структура=0.068, оборот=0.178"
416,100000002712416100,peripheral,0.5083066253226105,"Гипотеза: оснований мало: входящих=2, исходящих=0, операций=2; выборка неполна. Приоритет: охват=0.291, структура=0.046, оборот=0.172"
417,100000002356167100,terminal,0.5082947626745533,"Гипотеза: удержание в выборке: вход=300000 ₸, выход/вход=0.10; выборка неполна. Приоритет: охват=0.262, структура=0.059, оборот=0.187"
418,100000000583220100,peripheral,0.508250556477992,"Гипотеза: оснований мало: входящих=1, исходящих=1, операций=5; выборка неполна. Приоритет: охват=0.262, структура=0.046, оборот=0.199"
419,100000002936322100,terminal,0.5082072538568232,"Гипотеза: удержание в выборке: вход=787133 ₸, выход/вход=0.00; выборка неполна. Приоритет: охват=0.262, структура=0.046, оборот=0.200"
420,100000005783452100,peripheral,0.5082069575365294,"Гипотеза: оснований мало: входящих=2, исходящих=0, операций=2; граница depth=4. Приоритет: охват=0.277, структура=0.046, оборот=0.185"
421,100000001689968100,terminal,0.5080827551005564,"Гипотеза: удержание в выборке: вход=344334 ₸, выход/вход=0.00; выборка неполна. Приоритет: охват=0.262, структура=0.058, оборот=0.188"
422,100000001611488100,terminal,0.5080601175699928,"Гипотеза: удержание в выборке: вход=779300 ₸, выход/вход=0.00; выборка неполна. Приоритет: охват=0.262, структура=0.046, оборот=0.200"
423,100000000041368100,peripheral,0.5079999816534897,"Гипотеза: оснований мало: входящих=1, исходящих=0, операций=1; выборка неполна. Приоритет: охват=0.303, структура=0.029, оборот=0.176"
424,100000004591973100,peripheral,0.5078806910976743,"Гипотеза: оснований мало: входящих=1, исходящих=1, операций=2; выборка неполна. Приоритет: охват=0.291, структура=0.046, оборот=0.171"
425,100000006111439100,consolidator,0.5074036925625909,"Гипотеза: сбор: 3 плательщиков, seed=7, макс. доля=45%; выборка неполна. Приоритет: охват=0.262, структура=0.087, оборот=0.157"
426,100000004451012100,peripheral,0.5071551572084612,"Гипотеза: оснований мало: входящих=1, исходящих=3, операций=4; выборка неполна. Приоритет: охват=0.262, структура=0.069, оборот=0.176"
427,100000002822472100,terminal,0.5071545912916811,"Гипотеза: удержание в выборке: вход=266722 ₸, выход/вход=0.00; выборка неполна. Приоритет: охват=0.277, структура=0.046, оборот=0.184"
428,100000003270419100,peripheral,0.5070504998767271,"Гипотеза: оснований мало: входящих=1, исходящих=0, операций=1; выборка неполна. Приоритет: охват=0.303, структура=0.029, оборот=0.175"
429,100000000764836100,peripheral,0.5069987879553912,"Гипотеза: оснований мало: входящих=1, исходящих=2, операций=3; выборка неполна. Приоритет: охват=0.262, структура=0.059, оборот=0.186"
430,100000005075949100,peripheral,0.5065330876819607,"Гипотеза: оснований мало: входящих=1, исходящих=0, операций=7; граница depth=4. Приоритет: охват=0.262, структура=0.029, оборот=0.215"
431,100000008536546100,terminal,0.5062020546601282,"Гипотеза: удержание в выборке: вход=250000 ₸, выход/вход=0.00; выборка неполна. Приоритет: охват=0.277, структура=0.046, оборот=0.183"
432,100000002677201100,peripheral,0.5059415930022808,"Гипотеза: оснований мало: входящих=1, исходящих=1, операций=2; выборка неполна. Приоритет: охват=0.277, структура=0.046, оборот=0.182"
433,100000001363952100,peripheral,0.5058667525844189,"Гипотеза: оснований мало: входящих=2, исходящих=1, операций=4; выборка неполна. Приоритет: охват=0.262, структура=0.058, оборот=0.185"
434,100000000489417100,consolidator,0.5058496823550079,"Гипотеза: сбор: 3 плательщиков, seed=7, макс. доля=39%; выборка неполна. Приоритет: охват=0.262, структура=0.068, оборот=0.176"
435,100000003205210100,peripheral,0.5057771403697927,"Гипотеза: оснований мало: входящих=1, исходящих=0, операций=1; выборка неполна. Приоритет: охват=0.303, структура=0.029, оборот=0.174"
436,100000002864256100,peripheral,0.5055852086334363,"Гипотеза: оснований мало: входящих=1, исходящих=0, операций=1; выборка неполна. Приоритет: охват=0.303, структура=0.029, оборот=0.174"
437,100000001674850100,terminal,0.5054164279910983,"Гипотеза: удержание в выборке: вход=237000 ₸, выход/вход=0.00; выборка неполна. Приоритет: охват=0.277, структура=0.046, оборот=0.182"
438,100000005873152100,peripheral,0.5053689675516634,"Гипотеза: оснований мало: входящих=1, исходящих=1, операций=2; выборка неполна. Приоритет: охват=0.314, структура=0.046, оборот=0.146"
439,100000002632742100,terminal,0.5053230188259369,"Гипотеза: удержание в выборке: вход=235500 ₸, выход/вход=0.00; выборка неполна. Приоритет: охват=0.277, структура=0.046, оборот=0.182"
440,100000004527381100,peripheral,0.5051840027850858,"Гипотеза: оснований мало: входящих=1, исходящих=1, операций=2; выборка неполна. Приоритет: охват=0.262, структура=0.053, оборот=0.190"
441,100000001053894100,peripheral,0.5049580400289562,"Гипотеза: оснований мало: входящих=1, исходящих=0, операций=7; граница depth=4. Приоритет: охват=0.262, структура=0.029, оборот=0.213"
442,100000000941942100,peripheral,0.5049452215986632,"Гипотеза: оснований мало: входящих=1, исходящих=0, операций=1; выборка неполна. Приоритет: охват=0.303, структура=0.029, оборот=0.173"
443,100000004746397100,terminal,0.5048472142678349,"Гипотеза: удержание в выборке: вход=219520 ₸, выход/вход=0.03; выборка неполна. Приоритет: охват=0.262, структура=0.061, оборот=0.181"
444,100000005375968100,peripheral,0.504586205402236,"Гипотеза: оснований мало: входящих=1, исходящих=2, операций=5; выборка неполна. Приоритет: охват=0.262, структура=0.059, оборот=0.183"
445,100000000933075100,peripheral,0.5044848930015926,"Гипотеза: оснований мало: входящих=1, исходящих=2, операций=3; выборка неполна. Приоритет: охват=0.277, структура=0.058, оборот=0.169"
446,100000003022835100,peripheral,0.5043682127049489,"Гипотеза: оснований мало: входящих=1, исходящих=0, операций=1; выборка неполна. Приоритет: охват=0.303, структура=0.029, оборот=0.173"
447,100000002736316100,terminal,0.5043362404566788,"Гипотеза: удержание в выборке: вход=266921 ₸, выход/вход=0.00; выборка неполна. Приоритет: охват=0.262, структура=0.058, оборот=0.184"
448,100000003105929100,peripheral,0.5042940380822565,"Гипотеза: оснований мало: входящих=1, исходящих=1, операций=3; выборка неполна. Приоритет: охват=0.262, структура=0.046, оборот=0.195"
449,100000004386331100,peripheral,0.5040835154988788,"Гипотеза: оснований мало: входящих=1, исходящих=2, операций=3; выборка неполна. Приоритет: охват=0.291, структура=0.058, оборот=0.155"
450,100000004500444100,peripheral,0.5040406184591886,"Гипотеза: оснований мало: входящих=2, исходящих=1, операций=12; выборка неполна. Приоритет: охват=0.262, структура=0.058, оборот=0.183"
451,100000001140785100,terminal,0.5039831644676575,"Гипотеза: удержание в выборке: вход=215000 ₸, выход/вход=0.00; выборка неполна. Приоритет: охват=0.277, структура=0.046, оборот=0.181"
452,100000006165886100,peripheral,0.503935827371804,"Гипотеза: оснований мало: входящих=2, исходящих=1, операций=3; выборка неполна. Приоритет: охват=0.262, структура=0.058, оборот=0.183"
453,100000002696152100,peripheral,0.503819660718558,"Гипотеза: оснований мало: входящих=1, исходящих=2, операций=11; выборка неполна. Приоритет: охват=0.277, структура=0.058, оборот=0.168"
454,100000008175078100,peripheral,0.5037848950930812,"Гипотеза: оснований мало: входящих=1, исходящих=0, операций=15; граница depth=4. Приоритет: охват=0.262, структура=0.029, оборот=0.212"
455,100000008517061100,peripheral,0.5037632818596094,"Гипотеза: оснований мало: входящих=1, исходящих=0, операций=4; граница depth=4. Приоритет: охват=0.262, структура=0.029, оборот=0.212"
456,100000005222360100,peripheral,0.503745005480136,"Гипотеза: оснований мало: входящих=1, исходящих=1, операций=2; выборка неполна. Приоритет: охват=0.262, структура=0.089, оборот=0.153"
457,100000002973903100,consolidator,0.5036741870577075,"Гипотеза: сбор: 3 плательщиков, seed=8, макс. доля=46%; выборка неполна. Приоритет: охват=0.277, структура=0.058, оборот=0.168"
458,100000004877085100,peripheral,0.5032760696025675,"Гипотеза: оснований мало: входящих=1, исходящих=3, операций=10; выборка неполна. Приоритет: охват=0.262, структура=0.069, оборот=0.172"
459,100000002704875100,terminal,0.5030689645426061,"Гипотеза: удержание в выборке: вход=244891 ₸, выход/вход=0.00; выборка неполна. Приоритет: охват=0.262, структура=0.058, оборот=0.183"
460,100000002185328100,peripheral,0.502991644863659,"Гипотеза: оснований мало: входящих=1, исходящих=4, операций=5; выборка неполна. Приоритет: охват=0.262, структура=0.076, оборот=0.164"
461,100000002156381100,peripheral,0.5029325820808446,"Гипотеза: оснований мало: входящих=2, исходящих=1, операций=10; выборка неполна. Приоритет: охват=0.277, структура=0.059, оборот=0.167"
462,100000002878467100,terminal,0.502919191182412,"Гипотеза: удержание в выборке: вход=200000 ₸, выход/вход=0.00; выборка неполна. Приоритет: охват=0.277, структура=0.046, оборот=0.180"
463,100000000011452100,consolidator,0.5027858414269755,"Гипотеза: сбор: 3 плательщиков, seed=7, макс. доля=68%; выборка неполна. Приоритет: охват=0.262, структура=0.067, оборот=0.173"
464,100000007034089100,peripheral,0.5027713318229268,"Гипотеза: оснований мало: входящих=2, исходящих=0, операций=2; граница depth=4. Приоритет: охват=0.277, структура=0.046, оборот=0.179"
465,100000008221543100,terminal,0.5027177719530367,"Гипотеза: удержание в выборке: вход=542000 ₸, выход/вход=0.00; выборка неполна. Приоритет: охват=0.262, структура=0.046, оборот=0.194"
466,100000002975437100,terminal,0.5026224606489085,"Гипотеза: удержание в выборке: вход=530000 ₸, выход/вход=0.02; выборка неполна. Приоритет: охват=0.262, структура=0.046, оборот=0.194"
467,100000004508696100,peripheral,0.5025432474671032,"Гипотеза: оснований мало: входящих=1, исходящих=3, операций=5; выборка неполна. Приоритет: охват=0.262, структура=0.068, оборот=0.172"
468,100000004587414100,terminal,0.5024880615903332,"Гипотеза: удержание в выборке: вход=533603 ₸, выход/вход=0.00; выборка неполна. Приоритет: охват=0.262, структура=0.046, оборот=0.194"
469,100000003899899100,terminal,0.50248412852978,"Гипотеза: удержание в выборке: вход=218500 ₸, выход/вход=0.05; выборка неполна. Приоритет: охват=0.262, структура=0.058, оборот=0.182"
470,100000003131016100,peripheral,0.5024355003374746,"Гипотеза: оснований мало: входящих=1, исходящих=1, операций=11; выборка неполна. Приоритет: охват=0.262, структура=0.046, оборот=0.194"
471,100000003406094100,peripheral,0.5024091754093509,"Гипотеза: оснований мало: входящих=1, исходящих=3, операций=7; выборка неполна. Приоритет: охват=0.262, структура=0.068, оборот=0.172"
472,100000005413948100,peripheral,0.5023338844127689,"Гипотеза: оснований мало: входящих=2, исходящих=1, операций=3; выборка неполна. Приоритет: охват=0.291, структура=0.059, оборот=0.153"
473,100000003068941100,consolidator,0.5022330473664908,"Гипотеза: сбор: 3 плательщиков, seed=7, макс. доля=53%; выборка неполна. Приоритет: охват=0.262, структура=0.068, оборот=0.172"
474,100000008730371100,terminal,0.5021081509723428,"Гипотеза: удержание в выборке: вход=520000 ₸, выход/вход=0.00; выборка неполна. Приоритет: охват=0.262, структура=0.046, оборот=0.194"
475,100000003215448100,peripheral,0.5020348173163609,"Гипотеза: оснований мало: входящих=1, исходящих=2, операций=5; выборка неполна. Приоритет: охват=0.262, структура=0.059, оборот=0.181"
476,100000005667841100,terminal,0.5018515398529265,"Гипотеза: удержание в выборке: вход=186000 ₸, выход/вход=0.00; выборка неполна. Приоритет: охват=0.277, структура=0.046, оборот=0.179"
477,100000008775471100,terminal,0.5016149421563025,"Гипотеза: удержание в выборке: вход=580000 ₸, выход/вход=0.00; выборка неполна. Приоритет: охват=0.277, структура=0.029, оборот=0.195"
478,100000006564102100,terminal,0.5015129293726054,"Гипотеза: удержание в выборке: вход=233235 ₸, выход/вход=0.00; выборка неполна. Приоритет: охват=0.291, структура=0.029, оборот=0.182"
479,100000003823811100,peripheral,0.5014352494786647,"Гипотеза: оснований мало: входящих=1, исходящих=3, операций=4; выборка неполна. Приоритет: охват=0.262, структура=0.070, оборот=0.169"
480,100000001131403100,peripheral,0.5013966957985702,"Гипотеза: оснований мало: входящих=1, исходящих=0, операций=3; граница depth=4. Приоритет: охват=0.262, структура=0.029, оборот=0.210"
481,100000004904960100,peripheral,0.5012905478426282,"Гипотеза: оснований мало: входящих=2, исходящих=0, операций=2; выборка неполна. Приоритет: охват=0.303, структура=0.046, оборот=0.153"
482,100000003237045100,peripheral,0.5012399215783592,"Гипотеза: оснований мало: входящих=1, исходящих=1, операций=3; выборка неполна. Приоритет: охват=0.262, структура=0.046, оборот=0.193"
483,100000000998559100,peripheral,0.5010853639389905,"Гипотеза: оснований мало: входящих=1, исходящих=0, операций=1; выборка неполна. Приоритет: охват=0.303, структура=0.029, оборот=0.169"
484,100000007170072100,peripheral,0.5009128893903478,"Гипотеза: оснований мало: входящих=1, исходящих=2, операций=10; выборка неполна. Приоритет: охват=0.262, структура=0.059, оборот=0.180"
485,100000004689658100,terminal,0.5008360977673104,"Гипотеза: удержание в выборке: вход=456100 ₸, выход/вход=0.02; выборка неполна. Приоритет: охват=0.262, структура=0.046, оборот=0.192"
486,100000004921657100,peripheral,0.5005794366898257,"Гипотеза: оснований мало: входящих=1, исходящих=1, операций=2; выборка неполна. Приоритет: охват=0.303, структура=0.046, оборот=0.152"
487,100000008468762100,terminal,0.5005282327645562,"Гипотеза: удержание в выборке: вход=170000 ₸, выход/вход=0.00; выборка неполна. Приоритет: охват=0.277, структура=0.046, оборот=0.177"
488,100000003104347100,terminal,0.5004110103692533,"Гипотеза: удержание в выборке: вход=418000 ₸, выход/вход=0.08; выборка неполна. Приоритет: охват=0.262, структура=0.046, оборот=0.192"
489,100000008333492100,peripheral,0.5004107441977046,"Гипотеза: оснований мало: входящих=1, исходящих=0, операций=1; граница depth=4. Приоритет: охват=0.291, структура=0.029, оборот=0.181"
490,100000007357489100,peripheral,0.5000443907961128,"Гипотеза: оснований мало: входящих=2, исходящих=0, операций=2; граница depth=4. Приоритет: охват=0.277, структура=0.046, оборот=0.177"
491,100000003072205100,peripheral,0.49990962466426203,"Гипотеза: оснований мало: входящих=2, исходящих=0, операций=2; граница depth=4. Приоритет: охват=0.277, структура=0.046, оборот=0.177"
492,100000008738526100,peripheral,0.4996479307784511,"Гипотеза: оснований мало: входящих=1, исходящих=1, операций=2; выборка неполна. Приоритет: охват=0.277, структура=0.046, оборот=0.176"
493,100000000976943100,peripheral,0.49956157242673105,"Гипотеза: оснований мало: входящих=1, исходящих=1, операций=4; выборка неполна. Приоритет: охват=0.277, структура=0.046, оборот=0.176"
494,100000000724540100,peripheral,0.4991300739329937,"Гипотеза: оснований мало: входящих=1, исходящих=1, операций=2; выборка неполна. Приоритет: охват=0.277, структура=0.046, оборот=0.175"
495,100000003286537100,peripheral,0.4989781830714193,"Гипотеза: оснований мало: входящих=2, исходящих=0, операций=2; выборка неполна. Приоритет: охват=0.277, структура=0.046, оборот=0.176"
496,100000002815005100,terminal,0.4987231599260819,"Гипотеза: удержание в выборке: вход=476500 ₸, выход/вход=0.00; выборка неполна. Приоритет: охват=0.277, структура=0.029, оборот=0.192"
497,100000003220685100,peripheral,0.4986881295965638,"Гипотеза: оснований мало: входящих=1, исходящих=0, операций=2; граница depth=4. Приоритет: охват=0.262, структура=0.029, оборот=0.207"
498,100000001439416100,peripheral,0.49856859477567084,"Гипотеза: оснований мало: входящих=1, исходящих=2, операций=4; выборка неполна. Приоритет: охват=0.262, структура=0.058, оборот=0.178"
499,100000003071649100,terminal,0.4984578957863798,"Гипотеза: удержание в выборке: вход=189500 ₸, выход/вход=0.00; выборка неполна. Приоритет: охват=0.291, структура=0.029, оборот=0.179"
500,100000002529880100,peripheral,0.49838963025902977,"Гипотеза: оснований мало: входящих=2, исходящих=0, операций=2; выборка неполна. Приоритет: охват=0.277, структура=0.046, оборот=0.175"
501,100000005958064100,peripheral,0.49823784952550454,"Гипотеза: оснований мало: входящих=1, исходящих=2, операций=4; выборка неполна. Приоритет: охват=0.262, структура=0.059, оборот=0.177"
502,100000001831496100,peripheral,0.49821589171365077,"Гипотеза: оснований мало: входящих=1, исходящих=1, операций=2; выборка неполна. Приоритет: охват=0.262, структура=0.046, оборот=0.190"
503,100000001724740100,peripheral,0.49810432229332025,"Гипотеза: оснований мало: входящих=1, исходящих=0, операций=4; граница depth=4. Приоритет: охват=0.291, структура=0.029, оборот=0.178"
504,100000001362940100,peripheral,0.49798527983066243,"Гипотеза: оснований мало: входящих=1, исходящих=0, операций=1; выборка неполна. Приоритет: охват=0.303, структура=0.029, оборот=0.166"
505,100000002293421100,peripheral,0.49778878627072776,"Гипотеза: оснований мало: входящих=2, исходящих=2, операций=11; выборка неполна. Приоритет: охват=0.262, структура=0.068, оборот=0.167"
506,100000001384826100,terminal,0.4976996499217441,"Гипотеза: удержание в выборке: вход=364260 ₸, выход/вход=0.03; выборка неполна. Приоритет: охват=0.262, структура=0.046, оборот=0.189"
507,100000004726132100,terminal,0.4976500365797434,"Гипотеза: удержание в выборке: вход=349000 ₸, выход/вход=0.07; выборка неполна. Приоритет: охват=0.262, структура=0.046, оборот=0.189"
508,100000008721637100,peripheral,0.4975991639512871,"Гипотеза: оснований мало: входящих=1, исходящих=2, операций=3; выборка неполна. Приоритет: охват=0.262, структура=0.060, оборот=0.175"
509,100000000201868100,transit,0.4974936450769879,"Гипотеза: транзит: выход/вход=1.00, близость ≤2д=100%; не трассировка; выборка неполна. Приоритет: охват=0.262, структура=0.046, оборот=0.189"
510,100000006852430100,peripheral,0.49744217055837914,"Гипотеза: оснований мало: входящих=1, исходящих=0, операций=1; выборка неполна. Приоритет: охват=0.314, структура=0.029, оборот=0.155"
511,100000005481280100,peripheral,0.497412738205643,"Гипотеза: оснований мало: входящих=1, исходящих=3, операций=4; выборка неполна. Приоритет: охват=0.262, структура=0.068, оборот=0.167"
512,100000005409680100,peripheral,0.49724279321377485,"Гипотеза: оснований мало: входящих=2, исходящих=0, операций=2; вход seed неполон. Приоритет: охват=0.291, структура=0.046, оборот=0.161"
513,100000002991079100,peripheral,0.4972410346989477,"Гипотеза: оснований мало: входящих=2, исходящих=1, операций=4; выборка неполна. Приоритет: охват=0.262, структура=0.058, оборот=0.176"
514,100000005530114100,peripheral,0.4970867681661194,"Гипотеза: оснований мало: входящих=2, исходящих=1, операций=3; выборка неполна. Приоритет: охват=0.262, структура=0.058, оборот=0.176"
515,100000000254336100,peripheral,0.496975046231226,"Гипотеза: оснований мало: входящих=2, исходящих=1, операций=3; выборка неполна. Приоритет: охват=0.262, структура=0.058, оборот=0.176"
516,100000001223977100,peripheral,0.4969729589515868,"Гипотеза: оснований мало: входящих=1, исходящих=1, операций=2; выборка неполна. Приоритет: охват=0.303, структура=0.047, оборот=0.148"
517,100000002592567100,peripheral,0.4969043283783011,"Гипотеза: оснований мало: входящих=1, исходящих=2, операций=3; выборка неполна. Приоритет: охват=0.262, структура=0.074, оборот=0.160"
518,100000008671929100,peripheral,0.49685304688196186,"Гипотеза: оснований мало: входящих=1, исходящих=0, операций=2; выборка неполна. Приоритет: охват=0.303, структура=0.029, оборот=0.165"
519,100000000656682100,peripheral,0.4968151271449998,"Гипотеза: оснований мало: входящих=1, исходящих=2, операций=4; выборка неполна. Приоритет: охват=0.262, структура=0.059, оборот=0.175"
520,100000008714412100,terminal,0.4967735287648636,"Гипотеза: удержание в выборке: вход=169000 ₸, выход/вход=0.00; выборка неполна. Приоритет: охват=0.291, структура=0.029, оборот=0.177"
521,100000001637376100,peripheral,0.4967535710509325,"Гипотеза: оснований мало: входящих=1, исходящих=1, операций=3; выборка неполна. Приоритет: охват=0.262, структура=0.046, оборот=0.188"
522,100000008192264100,peripheral,0.4967439262308893,"Гипотеза: оснований мало: входящих=1, исходящих=1, операций=3; выборка неполна. Приоритет: охват=0.262, структура=0.046, оборот=0.188"
523,100000003031633100,terminal,0.4966546377873604,"Гипотеза: удержание в выборке: вход=414000 ₸, выход/вход=0.00; выборка неполна. Приоритет: охват=0.277, структура=0.029, оборот=0.190"
524,100000004071444100,peripheral,0.49660187876843254,"Гипотеза: оснований мало: входящих=1, исходящих=1, операций=2; выборка неполна. Приоритет: охват=0.262, структура=0.046, оборот=0.188"
525,100000005264990100,peripheral,0.4964814044157856,"Гипотеза: оснований мало: входящих=1, исходящих=2, операций=3; вход seed неполон. Приоритет: охват=0.262, структура=0.060, оборот=0.174"
526,100000004035925100,peripheral,0.4963168671602898,"Гипотеза: оснований мало: входящих=1, исходящих=0, операций=2; граница depth=4. Приоритет: охват=0.262, структура=0.029, оборот=0.205"
527,100000004407753100,peripheral,0.49628376508283156,"Гипотеза: оснований мало: входящих=1, исходящих=1, операций=5; выборка неполна. Приоритет: охват=0.262, структура=0.046, оборот=0.188"
528,100000002635780100,peripheral,0.4962417184121215,"Гипотеза: оснований мало: входящих=1, исходящих=0, операций=1; выборка неполна. Приоритет: охват=0.291, структура=0.029, оборот=0.177"
529,100000003246024100,peripheral,0.49616322391496137,"Гипотеза: оснований мало: входящих=1, исходящих=1, операций=2; выборка неполна. Приоритет: охват=0.262, структура=0.082, оборот=0.152"
530,100000005767403100,peripheral,0.4961626941802112,"Гипотеза: оснований мало: входящих=1, исходящих=0, операций=2; граница depth=4. Приоритет: охват=0.262, структура=0.029, оборот=0.205"
531,100000003221510100,peripheral,0.49611680625659776,"Гипотеза: оснований мало: входящих=1, исходящих=2, операций=4; выборка неполна. Приоритет: охват=0.262, структура=0.059, оборот=0.175"
532,100000008417359100,peripheral,0.49601071023598753,"Гипотеза: оснований мало: входящих=1, исходящих=2, операций=5; выборка неполна. Приоритет: охват=0.262, структура=0.058, оборот=0.175"
533,100000007322059100,peripheral,0.49589358744952383,"Гипотеза: оснований мало: входящих=2, исходящих=1, операций=4; выборка неполна. Приоритет: охват=0.277, структура=0.059, оборот=0.160"
534,100000002666248100,peripheral,0.49584476461143745,"Гипотеза: оснований мало: входящих=1, исходящих=0, операций=1; выборка неполна. Приоритет: охват=0.303, структура=0.029, оборот=0.164"
535,100000003284932100,peripheral,0.49582226974311855,"Гипотеза: оснований мало: входящих=1, исходящих=0, операций=1; выборка неполна. Приоритет: охват=0.303, структура=0.029, оборот=0.164"
536,100000004325327100,peripheral,0.49578796508560796,"Гипотеза: оснований мало: входящих=2, исходящих=1, операций=4; выборка неполна. Приоритет: охват=0.262, структура=0.059, оборот=0.174"
537,100000000629812100,peripheral,0.4957782831336047,"Гипотеза: оснований мало: входящих=2, исходящих=0, операций=2; выборка неполна. Приоритет: охват=0.303, структура=0.046, оборот=0.147"
538,100000008223756100,terminal,0.4954929044765185,"Гипотеза: удержание в выборке: вход=331682 ₸, выход/вход=0.00; выборка неполна. Приоритет: охват=0.262, структура=0.046, оборот=0.187"
539,100000002671326100,peripheral,0.4954782943770679,"Гипотеза: оснований мало: входящих=1, исходящих=0, операций=2; граница depth=4. Приоритет: охват=0.262, структура=0.029, оборот=0.204"
540,100000004664905100,terminal,0.49537435384036643,"Гипотеза: удержание в выборке: вход=329020 ₸, выход/вход=0.00; выборка неполна. Приоритет: охват=0.262, структура=0.046, оборот=0.187"
541,100000001471706100,peripheral,0.4952772963511349,"Гипотеза: оснований мало: входящих=1, исходящих=0, операций=8; граница depth=4. Приоритет: охват=0.277, структура=0.029, оборот=0.189"
542,100000005168487100,peripheral,0.49522018044542426,"Гипотеза: оснований мало: входящих=1, исходящих=1, операций=15; выборка неполна. Приоритет: охват=0.277, структура=0.046, оборот=0.172"
543,100000005911352100,peripheral,0.49518847454271986,"Гипотеза: оснований мало: входящих=2, исходящих=3, операций=5; выборка неполна. Приоритет: охват=0.262, структура=0.077, оборот=0.156"
544,100000001275752100,peripheral,0.4951653294108367,"Гипотеза: оснований мало: входящих=1, исходящих=0, операций=1; выборка неполна. Приоритет: охват=0.291, структура=0.029, оборот=0.175"
545,100000008335401100,peripheral,0.4950189415486078,"Гипотеза: оснований мало: входящих=1, исходящих=0, операций=3; выборка неполна. Приоритет: охват=0.291, структура=0.029, оборот=0.175"
546,100000004475818100,peripheral,0.49488887642827833,"Гипотеза: оснований мало: входящих=1, исходящих=3, операций=4; выборка неполна. Приоритет: охват=0.262, структура=0.069, оборот=0.163"
547,100000000291908100,terminal,0.49488447936705526,"Гипотеза: удержание в выборке: вход=295500 ₸, выход/вход=0.05; выборка неполна. Приоритет: охват=0.262, структура=0.046, оборот=0.186"
548,100000001875167100,terminal,0.49476049631143515,"Гипотеза: удержание в выборке: вход=1000000 ₸, выход/вход=0.00; выборка неполна. Приоритет: охват=0.262, структура=0.029, оборот=0.203"
549,100000002594214100,peripheral,0.49476049631143515,"Гипотеза: оснований мало: входящих=1, исходящих=0, операций=1; граница depth=4. Приоритет: охват=0.262, структура=0.029, оборот=0.203"
550,100000005042822100,peripheral,0.49476049631143515,"Гипотеза: оснований мало: входящих=1, исходящих=0, операций=1; граница depth=4. Приоритет: охват=0.262, структура=0.029, оборот=0.203"
551,100000004097972100,peripheral,0.4944845696573859,"Гипотеза: оснований мало: входящих=1, исходящих=2, операций=3; выборка неполна. Приоритет: охват=0.262, структура=0.059, оборот=0.173"
552,100000001138283100,peripheral,0.4943806068225551,"Гипотеза: оснований мало: входящих=1, исходящих=2, операций=3; выборка неполна. Приоритет: охват=0.262, структура=0.058, оборот=0.173"
553,100000004285800100,peripheral,0.4943761507967169,"Гипотеза: оснований мало: входящих=1, исходящих=1, операций=2; выборка неполна. Приоритет: охват=0.303, структура=0.046, оборот=0.146"
554,100000000297649100,peripheral,0.4942039277461959,"Гипотеза: оснований мало: входящих=1, исходящих=1, операций=3; выборка неполна. Приоритет: охват=0.277, структура=0.046, оборот=0.171"
555,100000001063678100,peripheral,0.4940616790852756,"Гипотеза: оснований мало: входящих=1, исходящих=2, операций=3; выборка неполна. Приоритет: охват=0.262, структура=0.059, оборот=0.173"
556,100000001686328100,peripheral,0.4940039284395829,"Гипотеза: оснований мало: входящих=1, исходящих=0, операций=1; выборка неполна. Приоритет: охват=0.291, структура=0.029, оборот=0.174"
557,100000004816564100,terminal,0.4939714158910774,"Гипотеза: удержание в выборке: вход=285480 ₸, выход/вход=0.02; выборка неполна. Приоритет: охват=0.262, структура=0.046, оборот=0.185"
558,100000006492770100,terminal,0.4938962669036707,"Гипотеза: удержание в выборке: вход=269000 ₸, выход/вход=0.07; выборка неполна. Приоритет: охват=0.262, структура=0.046, оборот=0.185"
559,100000000607941100,peripheral,0.4938644311013767,"Гипотеза: оснований мало: входящих=2, исходящих=1, операций=7; выборка неполна. Приоритет: охват=0.262, структура=0.059, оборот=0.172"
560,100000005198906100,peripheral,0.49384373980997787,"Гипотеза: оснований мало: входящих=1, исходящих=1, операций=2; выборка неполна. Приоритет: охват=0.262, структура=0.046, оборот=0.185"
561,100000004217419100,peripheral,0.49371514487091517,"Гипотеза: оснований мало: входящих=2, исходящих=1, операций=4; выборка неполна. Приоритет: охват=0.262, структура=0.058, оборот=0.173"
562,100000008583360100,peripheral,0.49357945022842664,"Гипотеза: оснований мало: входящих=1, исходящих=1, операций=2; выборка неполна. Приоритет: охват=0.262, структура=0.046, оборот=0.185"
563,100000002956898100,terminal,0.4935293278905917,"Гипотеза: удержание в выборке: вход=290240 ₸, выход/вход=0.00; выборка неполна. Приоритет: охват=0.262, структура=0.046, оборот=0.185"
564,100000003718715100,peripheral,0.4934536167383994,"Гипотеза: оснований мало: входящих=1, исходящих=0, операций=3; граница depth=4. Приоритет: охват=0.262, структура=0.029, оборот=0.202"
565,100000008571243100,peripheral,0.4933595108717324,"Гипотеза: оснований мало: входящих=1, исходящих=0, операций=1; выборка неполна. Приоритет: охват=0.291, структура=0.029, оборот=0.174"
566,100000002954780100,peripheral,0.493293489012271,"Гипотеза: оснований мало: входящих=1, исходящих=0, операций=1; выборка неполна. Приоритет: охват=0.291, структура=0.029, оборот=0.174"
567,100000001102676100,peripheral,0.4932580139881737,"Гипотеза: оснований мало: входящих=1, исходящих=1, операций=2; выборка неполна. Приоритет: охват=0.277, структура=0.047, оборот=0.169"
568,100000002970466100,peripheral,0.4929759150263795,"Гипотеза: оснований мало: входящих=1, исходящих=2, операций=4; выборка неполна. Приоритет: охват=0.262, структура=0.059, оборот=0.172"
569,100000001246806100,peripheral,0.49291366327054387,"Гипотеза: оснований мало: входящих=1, исходящих=0, операций=1; граница depth=4. Приоритет: охват=0.291, структура=0.029, оборот=0.173"
570,100000004200745100,peripheral,0.49291366327054387,"Гипотеза: оснований мало: входящих=1, исходящих=0, операций=4; граница depth=4. Приоритет: охват=0.291, структура=0.029, оборот=0.173"
571,100000003739818100,peripheral,0.49289103552058244,"Гипотеза: оснований мало: входящих=1, исходящих=0, операций=1; выборка неполна. Приоритет: охват=0.303, структура=0.029, оборот=0.161"
572,100000004889043100,terminal,0.4925744355695512,"Гипотеза: удержание в выборке: вход=272000 ₸, выход/вход=0.00; выборка неполна. Приоритет: охват=0.262, структура=0.046, оборот=0.184"
573,100000008531186100,peripheral,0.4923366543768296,"Гипотеза: оснований мало: входящих=1, исходящих=0, операций=1; выборка неполна. Приоритет: охват=0.291, структура=0.029, оборот=0.173"
574,100000000723383100,peripheral,0.49228159474751454,"Гипотеза: оснований мало: входящих=1, исходящих=2, операций=3; выборка неполна. Приоритет: охват=0.262, структура=0.063, оборот=0.166"
575,100000003843844100,peripheral,0.4920364054096452,"Гипотеза: оснований мало: входящих=1, исходящих=1, операций=2; выборка неполна. Приоритет: охват=0.262, структура=0.046, оборот=0.183"
576,100000001554432100,peripheral,0.49199837441915606,"Гипотеза: оснований мало: входящих=1, исходящих=0, операций=1; выборка неполна. Приоритет: охват=0.303, структура=0.029, оборот=0.160"
577,100000003975102100,peripheral,0.49197170278349656,"Гипотеза: оснований мало: входящих=1, исходящих=2, операций=3; вход seed неполон. Приоритет: охват=0.262, структура=0.058, оборот=0.171"
578,100000001733687100,terminal,0.4919161729060503,"Гипотеза: удержание в выборке: вход=300000 ₸, выход/вход=0.00; выборка неполна. Приоритет: охват=0.277, структура=0.029, оборот=0.186"
579,100000003128638100,peripheral,0.4919161729060503,"Гипотеза: оснований мало: входящих=1, исходящих=0, операций=1; граница depth=4. Приоритет: охват=0.277, структура=0.029, оборот=0.186"
580,100000004006327100,peripheral,0.4919161729060503,"Гипотеза: оснований мало: входящих=1, исходящих=0, операций=3; граница depth=4. Приоритет: охват=0.277, структура=0.029, оборот=0.186"
581,100000008740295100,peripheral,0.4919161729060503,"Гипотеза: оснований мало: входящих=1, исходящих=0, операций=1; граница depth=4. Приоритет: охват=0.277, структура=0.029, оборот=0.186"
582,100000005409156100,terminal,0.491915154233109,"Гипотеза: удержание в выборке: вход=260080 ₸, выход/вход=0.00; выборка неполна. Приоритет: охват=0.262, структура=0.046, оборот=0.183"
583,100000001567366100,terminal,0.49191373882042166,"Гипотеза: удержание в выборке: вход=824070 ₸, выход/вход=0.00; выборка неполна. Приоритет: охват=0.262, структура=0.029, оборот=0.200"
584,100000003037660100,peripheral,0.49174519296176866,"Гипотеза: оснований мало: входящих=1, исходящих=0, операций=1; выборка неполна. Приоритет: охват=0.303, структура=0.029, оборот=0.160"
585,100000001641951100,peripheral,0.4916746553219981,"Гипотеза: оснований мало: входящих=1, исходящих=0, операций=4; выборка неполна. Приоритет: охват=0.314, структура=0.029, оборот=0.149"
586,100000000910216100,peripheral,0.49163804578103676,"Гипотеза: оснований мало: входящих=1, исходящих=1, операций=4; выборка неполна. Приоритет: охват=0.262, структура=0.057, оборот=0.172"
587,100000004580202100,peripheral,0.4914951214282936,"Гипотеза: оснований мало: входящих=1, исходящих=3, операций=5; выборка неполна. Приоритет: охват=0.262, структура=0.069, оборот=0.160"
588,100000002433697100,peripheral,0.4911629758089548,"Гипотеза: оснований мало: входящих=1, исходящих=1, операций=2; выборка неполна. Приоритет: охват=0.262, структура=0.046, оборот=0.182"
589,100000003204491100,peripheral,0.4911629758089548,"Гипотеза: оснований мало: входящих=1, исходящих=1, операций=3; выборка неполна. Приоритет: охват=0.262, структура=0.046, оборот=0.182"
590,100000005022552100,terminal,0.49109632322768354,"Гипотеза: удержание в выборке: вход=241000 ₸, выход/вход=0.02; выборка неполна. Приоритет: охват=0.262, структура=0.046, оборот=0.183"
591,100000008352542100,peripheral,0.49095254930652554,"Гипотеза: оснований мало: входящих=1, исходящих=0, операций=1; выборка неполна. Приоритет: охват=0.303, структура=0.029, оборот=0.159"
592,100000005844459100,terminal,0.49094000410183936,"Гипотеза: удержание в выборке: вход=243400 ₸, выход/вход=0.00; выборка неполна. Приоритет: охват=0.262, структура=0.046, оборот=0.182"
593,100000003014659100,terminal,0.4909011562942149,"Гипотеза: удержание в выборке: вход=280000 ₸, выход/вход=0.00; выборка неполна. Приоритет: охват=0.277, структура=0.029, оборот=0.185"
594,100000001194266100,peripheral,0.4908879599828537,"Гипотеза: оснований мало: входящих=1, исходящих=0, операций=1; выборка неполна. Приоритет: охват=0.303, структура=0.029, оборот=0.159"
595,100000003476560100,peripheral,0.4908879599828537,"Гипотеза: оснований мало: входящих=1, исходящих=0, операций=1; выборка неполна. Приоритет: охват=0.303, структура=0.029, оборот=0.159"
596,100000002530224100,peripheral,0.49085184916519226,"Гипотеза: оснований мало: входящих=1, исходящих=0, операций=1; выборка неполна. Приоритет: охват=0.291, структура=0.029, оборот=0.171"
597,100000004586598100,peripheral,0.4907472720763372,"Гипотеза: оснований мало: входящих=1, исходящих=0, операций=4; граница depth=4. Приоритет: охват=0.262, структура=0.029, оборот=0.199"
598,100000006534886100,peripheral,0.49068392651917514,"Гипотеза: оснований мало: входящих=1, исходящих=1, операций=13; выборка неполна. Приоритет: охват=0.262, структура=0.046, оборот=0.182"
599,100000002794374100,peripheral,0.49058913102307966,"Гипотеза: оснований мало: входящих=1, исходящих=0, операций=1; граница depth=4. Приоритет: охват=0.291, структура=0.029, оборот=0.171"
600,100000003292979100,peripheral,0.4905757250809515,"Гипотеза: оснований мало: входящих=1, исходящих=0, операций=1; выборка неполна. Приоритет: охват=0.303, структура=0.029, оборот=0.159"
601,100000000733940100,peripheral,0.4905673147341987,"Гипотеза: оснований мало: входящих=1, исходящих=0, операций=2; граница depth=4. Приоритет: охват=0.262, структура=0.029, оборот=0.199"
602,100000005942793100,consolidator,0.49043542156684267,"Гипотеза: сбор: 4 плательщиков, seed=7, макс. доля=45%; выборка неполна. Приоритет: охват=0.262, структура=0.067, оборот=0.161"
603,100000001690558100,terminal,0.49033065649479846,"Гипотеза: удержание в выборке: вход=740000 ₸, выход/вход=0.00; выборка неполна. Приоритет: охват=0.262, структура=0.029, оборот=0.199"
604,100000004652395100,consolidator,0.4901154867614044,"Гипотеза: сбор: 3 плательщиков, seed=7, макс. доля=74%; граница depth=4. Приоритет: охват=0.262, структура=0.058, оборот=0.170"
605,100000008576243100,peripheral,0.4899662843111398,"Гипотеза: оснований мало: входящих=2, исходящих=0, операций=4; выборка неполна. Приоритет: охват=0.277, структура=0.046, оборот=0.167"
606,100000004959752100,peripheral,0.4899271913432044,"Гипотеза: оснований мало: входящих=1, исходящих=0, операций=1; выборка неполна. Приоритет: охват=0.314, структура=0.029, оборот=0.147"
607,100000002847207100,peripheral,0.4897387902486457,"Гипотеза: оснований мало: входящих=1, исходящих=0, операций=1; выборка неполна. Приоритет: охват=0.303, структура=0.029, оборот=0.158"
608,100000000534581100,peripheral,0.48971562170478267,"Гипотеза: оснований мало: входящих=2, исходящих=1, операций=3; выборка неполна. Приоритет: охват=0.262, структура=0.058, оборот=0.169"
609,100000007281639100,terminal,0.48923534748675807,"Гипотеза: удержание в выборке: вход=216770 ₸, выход/вход=0.00; выборка неполна. Приоритет: охват=0.262, структура=0.046, оборот=0.181"
610,100000008599354100,peripheral,0.4892259160627254,"Гипотеза: оснований мало: входящих=1, исходящих=1, операций=3; выборка неполна. Приоритет: охват=0.262, структура=0.046, оборот=0.181"
611,100000003147719100,peripheral,0.4890538056108712,"Гипотеза: оснований мало: входящих=1, исходящих=0, операций=1; выборка неполна. Приоритет: охват=0.291, структура=0.029, оборот=0.169"
612,100000004671609100,peripheral,0.4890538056108712,"Гипотеза: оснований мало: входящих=1, исходящих=0, операций=1; выборка неполна. Приоритет: охват=0.291, структура=0.029, оборот=0.169"
613,100000007745062100,peripheral,0.4890538056108712,"Гипотеза: оснований мало: входящих=1, исходящих=0, операций=1; граница depth=4. Приоритет: охват=0.291, структура=0.029, оборот=0.169"
614,100000008332511100,peripheral,0.4890538056108712,"Гипотеза: оснований мало: входящих=1, исходящих=0, операций=1; выборка неполна. Приоритет: охват=0.291, структура=0.029, оборот=0.169"
615,100000008417029100,peripheral,0.4890538056108712,"Гипотеза: оснований мало: входящих=1, исходящих=0, операций=1; выборка неполна. Приоритет: охват=0.291, структура=0.029, оборот=0.169"
616,100000008659950100,terminal,0.4889965821201667,"Гипотеза: удержание в выборке: вход=246000 ₸, выход/вход=0.00; выборка неполна. Приоритет: охват=0.277, структура=0.029, оборот=0.183"
617,100000005175148100,peripheral,0.4889820915982632,"Гипотеза: оснований мало: входящих=2, исходящих=1, операций=5; выборка неполна. Приоритет: охват=0.262, структура=0.058, оборот=0.168"
618,100000004737477100,peripheral,0.48878828600249047,"Гипотеза: оснований мало: входящих=2, исходящих=1, операций=6; выборка неполна. Приоритет: охват=0.262, структура=0.058, оборот=0.168"
619,100000003001564100,peripheral,0.48873735824063796,"Гипотеза: оснований мало: входящих=1, исходящих=1, операций=2; выборка неполна. Приоритет: охват=0.262, структура=0.046, оборот=0.180"
620,100000004552204100,peripheral,0.48867801181030607,"Гипотеза: оснований мало: входящих=1, исходящих=2, операций=4; выборка неполна. Приоритет: охват=0.277, структура=0.058, оборот=0.153"
621,100000008699083100,peripheral,0.48854106908882483,"Гипотеза: оснований мало: входящих=1, исходящих=0, операций=1; граница depth=4. Приоритет: охват=0.277, структура=0.029, оборот=0.182"
622,100000005053653100,peripheral,0.48845385828920285,"Гипотеза: оснований мало: входящих=2, исходящих=1, операций=3; выборка неполна. Приоритет: охват=0.262, структура=0.058, оборот=0.168"
623,100000008665380100,peripheral,0.48832416573421,"Гипотеза: оснований мало: входящих=2, исходящих=1, операций=3; выборка неполна. Приоритет: охват=0.262, структура=0.058, оборот=0.167"
624,100000002539625100,peripheral,0.48825265681538693,"Гипотеза: оснований мало: входящих=1, исходящих=0, операций=1; выборка неполна. Приоритет: охват=0.291, структура=0.029, оборот=0.169"
625,100000004622227100,peripheral,0.48819965545897415,"Гипотеза: оснований мало: входящих=1, исходящих=3, операций=4; выборка неполна. Приоритет: охват=0.262, структура=0.068, оборот=0.157"
626,100000002529877100,peripheral,0.4881345509412508,"Гипотеза: оснований мало: входящих=1, исходящих=0, операций=1; граница depth=4. Приоритет: охват=0.277, структура=0.029, оборот=0.182"
627,100000002596035100,terminal,0.48810725790780435,"Гипотеза: удержание в выборке: вход=231570 ₸, выход/вход=0.00; выборка неполна. Приоритет: охват=0.277, структура=0.029, оборот=0.182"
628,100000003886323100,peripheral,0.4880722751155523,"Гипотеза: оснований мало: входящих=2, исходящих=1, операций=7; выборка неполна. Приоритет: охват=0.262, структура=0.058, оборот=0.167"
629,100000002448088100,consolidator,0.48794860780586075,"Гипотеза: сбор: 3 плательщиков, seed=7, макс. доля=50%; выборка неполна. Приоритет: охват=0.262, структура=0.068, оборот=0.158"
630,100000008237827100,peripheral,0.4876055231364913,"Гипотеза: оснований мало: входящих=1, исходящих=0, операций=1; выборка неполна. Приоритет: охват=0.303, структура=0.029, оборот=0.156"
631,100000003003821100,peripheral,0.48760515535137416,"Гипотеза: оснований мало: входящих=1, исходящих=0, операций=1; выборка неполна. Приоритет: охват=0.303, структура=0.029, оборот=0.156"
632,100000003877908100,peripheral,0.48760515535137416,"Гипотеза: оснований мало: входящих=1, исходящих=0, операций=1; выборка неполна. Приоритет: охват=0.303, структура=0.029, оборот=0.156"
633,100000004509286100,peripheral,0.48760515535137416,"Гипотеза: оснований мало: входящих=1, исходящих=0, операций=1; выборка неполна. Приоритет: охват=0.303, структура=0.029, оборот=0.156"
634,100000004417753100,terminal,0.4874577690771097,"Гипотеза: удержание в выборке: вход=192099 ₸, выход/вход=0.00; выборка неполна. Приоритет: охват=0.262, структура=0.046, оборот=0.179"
635,100000001600934100,terminal,0.48739645014392463,"Гипотеза: удержание в выборке: вход=180300 ₸, выход/вход=0.06; выборка неполна. Приоритет: охват=0.262, структура=0.046, оборот=0.179"
636,100000002697752100,terminal,0.4873567907882535,"Гипотеза: удержание в выборке: вход=190785 ₸, выход/вход=0.00; выборка неполна. Приоритет: охват=0.262, структура=0.046, оборот=0.179"
637,100000005815602100,peripheral,0.4873381526510272,"Гипотеза: оснований мало: входящих=1, исходящих=1, операций=2; выборка неполна. Приоритет: охват=0.262, структура=0.046, оборот=0.178"
638,100000002799941100,terminal,0.48724526183347555,"Гипотеза: удержание в выборке: вход=600000 ₸, выход/вход=0.00; выборка неполна. Приоритет: охват=0.262, структура=0.029, оборот=0.196"
639,100000004737764100,terminal,0.48724526183347555,"Гипотеза: удержание в выборке: вход=600000 ₸, выход/вход=0.00; выборка неполна. Приоритет: охват=0.262, структура=0.029, оборот=0.196"
640,100000002700161100,peripheral,0.48723269029560645,"Гипотеза: оснований мало: входящих=1, исходящих=0, операций=1; граница depth=4. Приоритет: охват=0.303, структура=0.029, оборот=0.156"
641,100000007330432100,peripheral,0.4868702729009143,"Гипотеза: оснований мало: входящих=1, исходящих=0, операций=1; граница depth=4. Приоритет: охват=0.262, структура=0.029, оборот=0.195"
642,100000007865484100,peripheral,0.4868627250950863,"Гипотеза: оснований мало: входящих=1, исходящих=0, операций=2; граница depth=4. Приоритет: охват=0.262, структура=0.029, оборот=0.195"
643,100000007274584100,peripheral,0.4868505499999737,"Гипотеза: оснований мало: входящих=1, исходящих=0, операций=1; выборка неполна. Приоритет: охват=0.303, структура=0.029, оборот=0.155"
644,100000001641789100,peripheral,0.4866990472273308,"Гипотеза: оснований мало: входящих=1, исходящих=0, операций=1; выборка неполна. Приоритет: охват=0.314, структура=0.029, оборот=0.144"
645,100000002947299100,peripheral,0.48666286017394134,"Гипотеза: оснований мало: входящих=1, исходящих=0, операций=1; выборка неполна. Приоритет: охват=0.291, структура=0.029, оборот=0.167"
646,100000005857058100,consolidator,0.48665031766601236,"Гипотеза: сбор: 3 плательщиков, seed=7, макс. доля=49%; выборка неполна. Приоритет: охват=0.262, структура=0.058, оборот=0.166"
647,100000002958139100,terminal,0.48663373764486695,"Гипотеза: удержание в выборке: вход=209500 ₸, выход/вход=0.00; выборка неполна. Приоритет: охват=0.277, структура=0.029, оборот=0.180"
648,100000005505655100,peripheral,0.4865898734957561,"Гипотеза: оснований мало: входящих=2, исходящих=1, операций=3; выборка неполна. Приоритет: охват=0.262, структура=0.064, оборот=0.160"
649,100000008655779100,peripheral,0.4863233102409289,"Гипотеза: оснований мало: входящих=1, исходящих=2, операций=3; выборка неполна. Приоритет: охват=0.262, структура=0.059, оборот=0.164"
650,100000005661829100,peripheral,0.48631558492308113,"Гипотеза: оснований мало: входящих=1, исходящих=2, операций=5; выборка неполна. Приоритет: охват=0.262, структура=0.058, оборот=0.166"
651,100000001490461100,peripheral,0.48611930201219794,"Гипотеза: оснований мало: входящих=1, исходящих=1, операций=2; выборка неполна. Приоритет: охват=0.291, структура=0.046, оборот=0.149"
652,100000002432143100,peripheral,0.4860099183582028,"Гипотеза: оснований мало: входящих=1, исходящих=0, операций=1; выборка неполна. Приоритет: охват=0.291, структура=0.029, оборот=0.166"
653,100000002621434100,peripheral,0.485953721502543,"Гипотеза: оснований мало: входящих=1, исходящих=0, операций=1; выборка неполна. Приоритет: охват=0.291, структура=0.029, оборот=0.166"
654,100000002964966100,terminal,0.4859510124486928,"Гипотеза: удержание в выборке: вход=200000 ₸, выход/вход=0.00; выборка неполна. Приоритет: охват=0.277, структура=0.029, оборот=0.180"
655,100000004388353100,peripheral,0.4859150108079249,"Гипотеза: оснований мало: входящих=2, исходящих=0, операций=2; выборка неполна. Приоритет: охват=0.277, структура=0.046, оборот=0.163"
656,100000002720627100,terminal,0.48589943053824014,"Гипотеза: удержание в выборке: вход=199300 ₸, выход/вход=0.00; выборка неполна. Приоритет: охват=0.277, структура=0.029, оборот=0.180"
657,100000005888829100,peripheral,0.4857286623889402,"Гипотеза: оснований мало: входящих=1, исходящих=0, операций=1; граница depth=4. Приоритет: охват=0.277, структура=0.029, оборот=0.179"
658,100000003832231100,peripheral,0.4856406998712933,"Гипотеза: оснований мало: входящих=1, исходящих=0, операций=1; выборка неполна. Приоритет: охват=0.303, структура=0.029, оборот=0.154"
659,100000008205937100,peripheral,0.4856406998712933,"Гипотеза: оснований мало: входящих=1, исходящих=0, операций=3; выборка неполна. Приоритет: охват=0.303, структура=0.029, оборот=0.154"
660,100000008356606100,terminal,0.48552940844054737,"Гипотеза: удержание в выборке: вход=168500 ₸, выход/вход=0.00; выборка неполна. Приоритет: охват=0.262, структура=0.046, оборот=0.177"
661,100000005616568100,peripheral,0.48542020791801077,"Гипотеза: оснований мало: входящих=1, исходящих=0, операций=1; граница depth=4. Приоритет: охват=0.262, структура=0.029, оборот=0.194"
662,100000002570206100,terminal,0.4853942963629532,"Гипотеза: удержание в выборке: вход=166960 ₸, выход/вход=0.00; выборка неполна. Приоритет: охват=0.262, структура=0.046, оборот=0.177"
663,100000002681544100,terminal,0.48531587566674217,"Гипотеза: удержание в выборке: вход=166072 ₸, выход/вход=0.00; выборка неполна. Приоритет: охват=0.262, структура=0.046, оборот=0.177"
664,100000004114962100,terminal,0.48522060226962765,"Гипотеза: удержание в выборке: вход=165000 ₸, выход/вход=0.00; выборка неполна. Приоритет: охват=0.262, структура=0.046, оборот=0.177"
665,100000002760175100,terminal,0.4849944660492146,"Гипотеза: удержание в выборке: вход=187410 ₸, выход/вход=0.00; выборка неполна. Приоритет: охват=0.277, структура=0.029, оборот=0.179"
666,100000005849100100,peripheral,0.4849082032460954,"Гипотеза: оснований мало: входящих=1, исходящих=0, операций=1; выборка неполна. Приоритет: охват=0.303, структура=0.029, оборот=0.153"
667,100000003221384100,terminal,0.48488887040041884,"Гипотеза: удержание в выборке: вход=511200 ₸, выход/вход=0.00; выборка неполна. Приоритет: охват=0.262, структура=0.029, оборот=0.193"
668,100000003692843100,peripheral,0.4848542947615905,"Гипотеза: оснований мало: входящих=1, исходящих=0, операций=2; граница depth=4. Приоритет: охват=0.262, структура=0.029, оборот=0.193"
669,100000005317181100,peripheral,0.48480175373923445,"Гипотеза: оснований мало: входящих=1, исходящих=1, операций=2; выборка неполна. Приоритет: охват=0.262, структура=0.046, оборот=0.176"
670,100000006020215100,peripheral,0.4846351707398505,"Гипотеза: оснований мало: входящих=1, исходящих=2, операций=3; выборка неполна. Приоритет: охват=0.262, структура=0.059, оборот=0.163"
671,100000001957974100,peripheral,0.48456295994987586,"Гипотеза: оснований мало: входящих=1, исходящих=0, операций=1; граница depth=4. Приоритет: охват=0.262, структура=0.029, оборот=0.193"
672,100000008038077100,terminal,0.4845585457096263,"Гипотеза: удержание в выборке: вход=499850 ₸, выход/вход=0.00; выборка неполна. Приоритет: охват=0.262, структура=0.029, оборот=0.193"
673,100000005386383100,peripheral,0.48452847228021506,"Гипотеза: оснований мало: входящих=2, исходящих=1, операций=3; вход seed неполон. Приоритет: охват=0.262, структура=0.059, оборот=0.163"
674,100000003988112100,peripheral,0.48439542162784543,"Гипотеза: оснований мало: входящих=1, исходящих=1, операций=7; выборка неполна. Приоритет: охват=0.262, структура=0.046, оборот=0.176"
675,100000003116106100,terminal,0.4843868380049867,"Гипотеза: удержание в выборке: вход=494050 ₸, выход/вход=0.00; выборка неполна. Приоритет: охват=0.262, структура=0.029, оборот=0.193"
676,100000002836052100,peripheral,0.48415980333399444,"Гипотеза: оснований мало: входящих=1, исходящих=0, операций=1; выборка неполна. Приоритет: охват=0.314, структура=0.029, оборот=0.141"
677,100000003622955100,peripheral,0.48415980333399444,"Гипотеза: оснований мало: входящих=1, исходящих=0, операций=1; граница depth=4. Приоритет: охват=0.314, структура=0.029, оборот=0.141"
678,100000001373265100,peripheral,0.48399928032108913,"Гипотеза: оснований мало: входящих=1, исходящих=1, операций=2; выборка неполна. Приоритет: охват=0.262, структура=0.046, оборот=0.175"
679,100000003152964100,peripheral,0.48398580742137504,"Гипотеза: оснований мало: входящих=1, исходящих=1, операций=2; выборка неполна. Приоритет: охват=0.262, структура=0.046, оборот=0.175"
680,100000008732488100,peripheral,0.48395112035790383,"Гипотеза: оснований мало: входящих=1, исходящих=1, операций=2; выборка неполна. Приоритет: охват=0.262, структура=0.046, оборот=0.175"
681,100000001252290100,peripheral,0.48385120156518124,"Гипотеза: оснований мало: входящих=1, исходящих=1, операций=2; выборка неполна. Приоритет: охват=0.262, структура=0.046, оборот=0.175"
682,100000000817146100,peripheral,0.4838106852060652,"Гипотеза: оснований мало: входящих=1, исходящих=0, операций=1; выборка неполна. Приоритет: охват=0.291, структура=0.029, оборот=0.164"
683,100000005367284100,peripheral,0.4837194859597447,"Гипотеза: оснований мало: входящих=1, исходящих=2, операций=6; выборка неполна. Приоритет: охват=0.262, структура=0.059, оборот=0.162"
684,100000004403641100,peripheral,0.48368929530300353,"Гипотеза: оснований мало: входящих=1, исходящих=0, операций=1; граница depth=4. Приоритет: охват=0.277, структура=0.029, оборот=0.177"
685,100000002943472100,terminal,0.483560054030837,"Гипотеза: удержание в выборке: вход=170000 ₸, выход/вход=0.00; выборка неполна. Приоритет: охват=0.277, структура=0.029, оборот=0.177"
686,100000008336318100,peripheral,0.483560054030837,"Гипотеза: оснований мало: входящих=1, исходящих=0, операций=1; граница depth=4. Приоритет: охват=0.277, структура=0.029, оборот=0.177"
687,100000006530134100,peripheral,0.4832854250375158,"Гипотеза: оснований мало: входящих=2, исходящих=0, операций=2; выборка неполна. Приоритет: охват=0.262, структура=0.046, оборот=0.175"
688,100000006232642100,peripheral,0.483207766678248,"Гипотеза: оснований мало: входящих=1, исходящих=0, операций=4; граница depth=4. Приоритет: охват=0.262, структура=0.029, оборот=0.192"
689,100000008532050100,terminal,0.483180511482724,"Гипотеза: удержание в выборке: вход=455156 ₸, выход/вход=0.00; выборка неполна. Приоритет: охват=0.262, структура=0.029, оборот=0.192"
690,100000005614315100,terminal,0.48317546825898683,"Гипотеза: удержание в выборке: вход=455000 ₸, выход/вход=0.00; выборка неполна. Приоритет: охват=0.262, структура=0.029, оборот=0.192"
691,100000007617808100,terminal,0.48301290391045765,"Гипотеза: удержание в выборке: вход=450000 ₸, выход/вход=0.00; выборка неполна. Приоритет: охват=0.262, структура=0.029, оборот=0.192"
692,100000007841978100,peripheral,0.48298017436718477,"Гипотеза: оснований мало: входящих=1, исходящих=0, операций=1; граница depth=4. Приоритет: охват=0.262, структура=0.029, оборот=0.191"
693,100000002922000100,peripheral,0.48294737184844394,"Гипотеза: оснований мало: входящих=1, исходящих=0, операций=1; граница depth=4. Приоритет: охват=0.262, структура=0.029, оборот=0.191"
694,100000008619159100,peripheral,0.4828947352146024,"Гипотеза: оснований мало: входящих=1, исходящих=0, операций=2; граница depth=4. Приоритет: охват=0.262, структура=0.029, оборот=0.191"
695,100000007629121100,peripheral,0.48287417061195637,"Гипотеза: оснований мало: входящих=1, исходящих=0, операций=1; выборка неполна. Приоритет: охват=0.303, структура=0.029, оборот=0.151"
696,100000003122817100,terminal,0.48283794000075886,"Гипотеза: удержание в выборке: вход=444680 ₸, выход/вход=0.00; выборка неполна. Приоритет: охват=0.262, структура=0.029, оборот=0.191"
697,100000005602999100,peripheral,0.4827408250842326,"Гипотеза: оснований мало: входящих=1, исходящих=2, операций=4; выборка неполна. Приоритет: охват=0.277, структура=0.059, оборот=0.146"
698,100000001703168100,peripheral,0.48269829129369307,"Гипотеза: оснований мало: входящих=1, исходящих=1, операций=2; выборка неполна. Приоритет: охват=0.262, структура=0.046, оборот=0.174"
699,100000002132479100,peripheral,0.48252430971201177,"Гипотеза: оснований мало: входящих=1, исходящих=1, операций=3; выборка неполна. Приоритет: охват=0.277, структура=0.046, оборот=0.159"
700,100000002686226100,peripheral,0.4823440649674969,"Гипотеза: оснований мало: входящих=1, исходящих=0, операций=2; граница depth=4. Приоритет: охват=0.262, структура=0.029, оборот=0.191"
701,100000008695157100,peripheral,0.48219088210543504,"Гипотеза: оснований мало: входящих=1, исходящих=0, операций=3; граница depth=4. Приоритет: охват=0.262, структура=0.029, оборот=0.191"
702,100000003985389100,peripheral,0.4820920904596943,"Гипотеза: оснований мало: входящих=1, исходящих=0, операций=16; граница depth=4. Приоритет: охват=0.262, структура=0.029, оборот=0.191"
703,100000001222245100,peripheral,0.4819978861310134,"Гипотеза: оснований мало: входящих=1, исходящих=0, операций=5; граница depth=4. Приоритет: охват=0.262, структура=0.029, оборот=0.190"
704,100000007591246100,peripheral,0.4819818074241542,"Гипотеза: оснований мало: входящих=1, исходящих=1, операций=2; выборка неполна. Приоритет: охват=0.262, структура=0.046, оборот=0.173"
705,100000008106997100,peripheral,0.4818446175269475,"Гипотеза: оснований мало: входящих=2, исходящих=1, операций=3; выборка неполна. Приоритет: охват=0.262, структура=0.058, оборот=0.161"
706,100000007334196100,peripheral,0.4817188670289687,"Гипотеза: оснований мало: входящих=1, исходящих=0, операций=1; выборка неполна. Приоритет: охват=0.277, структура=0.029, оборот=0.175"
707,100000001537524100,peripheral,0.48171867087216597,"Гипотеза: оснований мало: входящих=1, исходящих=0, операций=1; граница depth=4. Приоритет: охват=0.277, структура=0.029, оборот=0.175"
708,100000003089553100,peripheral,0.48171867087216597,"Гипотеза: оснований мало: входящих=1, исходящих=0, операций=1; выборка неполна. Приоритет: охват=0.277, структура=0.029, оборот=0.175"
709,100000008551752100,peripheral,0.48149912919000004,"Гипотеза: оснований мало: входящих=1, исходящих=0, операций=2; граница depth=4. Приоритет: охват=0.262, структура=0.029, оборот=0.190"
710,100000000821507100,terminal,0.4812800891162311,"Гипотеза: удержание в выборке: вход=400000 ₸, выход/вход=0.00; выборка неполна. Приоритет: охват=0.262, структура=0.029, оборот=0.190"
711,100000003795588100,terminal,0.4812800891162311,"Гипотеза: удержание в выборке: вход=400000 ₸, выход/вход=0.00; выборка неполна. Приоритет: охват=0.262, структура=0.029, оборот=0.190"
712,100000006689603100,peripheral,0.4812800891162311,"Гипотеза: оснований мало: входящих=1, исходящих=0, операций=2; граница depth=4. Приоритет: охват=0.262, структура=0.029, оборот=0.190"
713,100000001009583100,terminal,0.48104802691875137,"Гипотеза: удержание в выборке: вход=393740 ₸, выход/вход=0.00; выборка неполна. Приоритет: охват=0.262, структура=0.029, оборот=0.190"
714,100000007797290100,peripheral,0.4809654860348962,"Гипотеза: оснований мало: входящих=1, исходящих=1, операций=2; выборка неполна. Приоритет: охват=0.262, структура=0.046, оборот=0.172"
715,100000001987030100,peripheral,0.4809313785383623,"Гипотеза: оснований мало: входящих=2, исходящих=1, операций=3; выборка неполна. Приоритет: охват=0.262, структура=0.059, оборот=0.159"
716,100000000993112100,peripheral,0.48080836889309,"Гипотеза: оснований мало: входящих=1, исходящих=0, операций=1; выборка неполна. Приоритет: охват=0.277, структура=0.029, оборот=0.174"
717,100000002659265100,peripheral,0.48080836889309,"Гипотеза: оснований мало: входящих=1, исходящих=0, операций=1; граница depth=4. Приоритет: охват=0.277, структура=0.029, оборот=0.174"
718,100000003025903100,peripheral,0.4807673746597432,"Гипотеза: оснований мало: входящих=1, исходящих=0, операций=6; граница depth=4. Приоритет: охват=0.262, структура=0.029, оборот=0.189"
719,100000007647294100,terminal,0.48071778173406077,"Гипотеза: удержание в выборке: вход=385000 ₸, выход/вход=0.00; выборка неполна. Приоритет: охват=0.262, структура=0.029, оборот=0.189"
720,100000008183752100,peripheral,0.48070365776314106,"Гипотеза: оснований мало: входящих=1, исходящих=0, операций=1; граница depth=4. Приоритет: охват=0.277, структура=0.029, оборот=0.174"
721,100000008664469100,peripheral,0.4806907031396605,"Гипотеза: оснований мало: входящих=1, исходящих=0, операций=1; выборка неполна. Приоритет: охват=0.303, структура=0.029, оборот=0.149"
722,100000004917367100,peripheral,0.48053555830981975,"Гипотеза: оснований мало: входящих=2, исходящих=0, операций=2; выборка неполна. Приоритет: охват=0.262, структура=0.046, оборот=0.172"
723,100000003484058100,peripheral,0.48046673211354546,"Гипотеза: оснований мало: входящих=1, исходящих=1, операций=2; выборка неполна. Приоритет: охват=0.262, структура=0.046, оборот=0.172"
724,100000008595687100,peripheral,0.48031453848188355,"Гипотеза: оснований мало: входящих=1, исходящих=1, операций=2; выборка неполна. Приоритет: охват=0.262, структура=0.053, оборот=0.165"
725,100000005756189100,peripheral,0.4802173189199427,"Гипотеза: оснований мало: входящих=1, исходящих=1, операций=2; выборка неполна. Приоритет: охват=0.262, структура=0.046, оборот=0.171"
726,100000005852946100,peripheral,0.47993363149467194,"Гипотеза: оснований мало: входящих=1, исходящих=0, операций=1; выборка неполна. Приоритет: охват=0.303, структура=0.029, оборот=0.148"
727,100000008579978100,peripheral,0.47981852917923107,"Гипотеза: оснований мало: входящих=1, исходящих=1, операций=7; выборка неполна. Приоритет: охват=0.262, структура=0.046, оборот=0.171"
728,100000001065234100,peripheral,0.47973003389413993,"Гипотеза: оснований мало: входящих=1, исходящих=0, операций=1; граница depth=4. Приоритет: охват=0.262, структура=0.029, оборот=0.188"
729,100000000555721100,peripheral,0.4796513195962672,"Гипотеза: оснований мало: входящих=2, исходящих=0, операций=3; выборка неполна. Приоритет: охват=0.262, структура=0.046, оборот=0.171"
730,100000004408683100,peripheral,0.4796408587641341,"Гипотеза: оснований мало: входящих=2, исходящих=0, операций=3; выборка неполна. Приоритет: охват=0.262, структура=0.046, оборот=0.171"
731,100000003470579100,peripheral,0.4796069209135685,"Гипотеза: оснований мало: входящих=1, исходящих=0, операций=2; граница depth=4. Приоритет: охват=0.262, структура=0.029, оборот=0.188"
732,100000001382002100,peripheral,0.47945472212330387,"Гипотеза: оснований мало: входящих=1, исходящих=1, операций=5; выборка неполна. Приоритет: охват=0.262, структура=0.046, оборот=0.171"
733,100000008295429100,terminal,0.4793994151482763,"Гипотеза: удержание в выборке: вход=352000 ₸, выход/вход=0.00; выборка неполна. Приоритет: охват=0.262, структура=0.029, оборот=0.188"
734,100000003798151100,terminal,0.4793155863491124,"Гипотеза: удержание в выборке: вход=350000 ₸, выход/вход=0.00; выборка неполна. Приоритет: охват=0.262, структура=0.029, оборот=0.188"
735,100000002521039100,terminal,0.4792890810414488,"Гипотеза: удержание в выборке: вход=349370 ₸, выход/вход=0.00; выборка неполна. Приоритет: охват=0.262, структура=0.029, оборот=0.188"
736,100000002224132100,consolidator,0.479287951439774,"Гипотеза: сбор: 5 плательщиков, seed=2, макс. доля=73%; выборка неполна. Приоритет: охват=0.139, структура=0.096, оборот=0.244"
737,100000001597505100,peripheral,0.4792306437120676,"Гипотеза: оснований мало: входящих=1, исходящих=1, операций=2; выборка неполна. Приоритет: охват=0.277, структура=0.046, оборот=0.156"
738,100000002757240100,peripheral,0.47920042571835364,"Гипотеза: оснований мало: входящих=1, исходящих=0, операций=1; выборка неполна. Приоритет: охват=0.291, структура=0.029, оборот=0.160"
739,100000008193258100,peripheral,0.4790009955275989,"Гипотеза: оснований мало: входящих=1, исходящих=1, операций=3; выборка неполна. Приоритет: охват=0.262, структура=0.046, оборот=0.170"
740,100000006641671100,peripheral,0.47890658459788554,"Гипотеза: оснований мало: входящих=2, исходящих=1, операций=5; выборка неполна. Приоритет: охват=0.262, структура=0.058, оборот=0.158"
741,100000004722630100,peripheral,0.47888912420785923,"Гипотеза: оснований мало: входящих=1, исходящих=0, операций=2; граница depth=4. Приоритет: охват=0.262, структура=0.029, оборот=0.187"
742,100000008675322100,peripheral,0.47888912420785923,"Гипотеза: оснований мало: входящих=1, исходящих=0, операций=4; граница depth=4. Приоритет: охват=0.262, структура=0.029, оборот=0.187"
743,100000003664994100,peripheral,0.47881411892931103,"Гипотеза: оснований мало: входящих=1, исходящих=0, операций=2; граница depth=4. Приоритет: охват=0.262, структура=0.029, оборот=0.187"
744,100000004071070100,peripheral,0.4787846970324462,"Гипотеза: оснований мало: входящих=2, исходящих=1, операций=6; выборка неполна. Приоритет: охват=0.262, структура=0.058, оборот=0.158"
745,100000005037490100,peripheral,0.47857931980149604,"Гипотеза: оснований мало: входящих=1, исходящих=2, операций=4; выборка неполна. Приоритет: охват=0.262, структура=0.058, оборот=0.158"
746,100000000795129100,terminal,0.4785388240259625,"Гипотеза: удержание в выборке: вход=332000 ₸, выход/вход=0.00; выборка неполна. Приоритет: охват=0.262, структура=0.029, оборот=0.187"
747,100000008060273100,peripheral,0.4781951087144942,"Гипотеза: оснований мало: входящих=1, исходящих=0, операций=2; выборка неполна. Приоритет: охват=0.314, структура=0.029, оборот=0.136"
748,100000005308954100,peripheral,0.47815161353479496,"Гипотеза: оснований мало: входящих=1, исходящих=1, операций=2; выборка неполна. Приоритет: охват=0.262, структура=0.046, оборот=0.169"
749,100000003920950100,terminal,0.4781477046867413,"Гипотеза: удержание в выборке: вход=323290 ₸, выход/вход=0.00; выборка неполна. Приоритет: охват=0.262, структура=0.029, оборот=0.187"
750,100000001633685100,consolidator,0.47814495987486405,"Гипотеза: сбор: 3 плательщиков, seed=7, макс. доля=62%; выборка неполна. Приоритет: охват=0.262, структура=0.058, оборот=0.158"
751,100000000569479100,terminal,0.47799722012157153,"Гипотеза: удержание в выборке: вход=320000 ₸, выход/вход=0.00; выборка неполна. Приоритет: охват=0.262, структура=0.029, оборот=0.186"
752,100000002633108100,terminal,0.47799722012157153,"Гипотеза: удержание в выборке: вход=320000 ₸, выход/вход=0.00; выборка неполна. Приоритет: охват=0.262, структура=0.029, оборот=0.186"
753,100000005572303100,peripheral,0.47795850626333547,"Гипотеза: оснований мало: входящих=1, исходящих=1, операций=2; выборка неполна. Приоритет: охват=0.262, структура=0.047, оборот=0.169"
754,100000003060517100,terminal,0.4778100670089701,"Гипотеза: удержание в выборке: вход=315955 ₸, выход/вход=0.00; выборка неполна. Приоритет: охват=0.262, структура=0.029, оборот=0.186"
755,100000003016773100,peripheral,0.47780615751708266,"Гипотеза: оснований мало: входящих=1, исходящих=0, операций=1; выборка неполна. Приоритет: охват=0.291, структура=0.029, оборот=0.158"
756,100000008730238100,peripheral,0.4775515784887504,"Гипотеза: оснований мало: входящих=1, исходящих=0, операций=1; граница depth=4. Приоритет: охват=0.277, структура=0.029, оборот=0.171"
757,100000001822650100,peripheral,0.4774208058446742,"Гипотеза: оснований мало: входящих=1, исходящих=0, операций=1; граница depth=4. Приоритет: охват=0.277, структура=0.029, оборот=0.171"
758,100000003292191100,peripheral,0.4774208058446742,"Гипотеза: оснований мало: входящих=1, исходящих=0, операций=1; выборка неполна. Приоритет: охват=0.277, структура=0.029, оборот=0.171"
759,100000004441291100,peripheral,0.4774079720629977,"Гипотеза: оснований мало: входящих=1, исходящих=0, операций=1; выборка неполна. Приоритет: охват=0.303, структура=0.029, оборот=0.146"
760,100000005022964100,peripheral,0.4774079720629977,"Гипотеза: оснований мало: входящих=1, исходящих=0, операций=1; выборка неполна. Приоритет: охват=0.303, структура=0.029, оборот=0.146"
761,100000003254277100,peripheral,0.4774037048316139,"Гипотеза: оснований мало: входящих=1, исходящих=1, операций=2; выборка неполна. Приоритет: охват=0.262, структура=0.046, оборот=0.168"
762,100000001541418100,peripheral,0.47738999142842153,"Гипотеза: оснований мало: входящих=2, исходящих=0, операций=2; выборка неполна. Приоритет: охват=0.262, структура=0.046, оборот=0.169"
763,100000003781406100,peripheral,0.47730637503854567,"Гипотеза: оснований мало: входящих=1, исходящих=0, операций=2; выборка неполна. Приоритет: охват=0.291, структура=0.029, оборот=0.158"
764,100000001484381100,peripheral,0.4771889750107312,"Гипотеза: оснований мало: входящих=2, исходящих=0, операций=4; выборка неполна. Приоритет: охват=0.262, структура=0.046, оборот=0.169"
765,100000008619857100,peripheral,0.47716929245482,"Гипотеза: оснований мало: входящих=1, исходящих=2, операций=3; выборка неполна. Приоритет: охват=0.262, структура=0.058, оборот=0.157"
766,100000002734815100,peripheral,0.4771557207662765,"Гипотеза: оснований мало: входящих=1, исходящих=0, операций=1; граница depth=4. Приоритет: охват=0.277, структура=0.029, оборот=0.171"
767,100000003230329100,peripheral,0.4771557207662765,"Гипотеза: оснований мало: входящих=1, исходящих=0, операций=1; граница depth=4. Приоритет: охват=0.277, структура=0.029, оборот=0.171"
768,100000003447411100,peripheral,0.47714548917761046,"Гипотеза: оснований мало: входящих=1, исходящих=0, операций=3; граница depth=4. Приоритет: охват=0.262, структура=0.029, оборот=0.186"
769,100000000190228100,peripheral,0.4771420856526025,"Гипотеза: оснований мало: входящих=1, исходящих=1, операций=2; выборка неполна. Приоритет: охват=0.277, структура=0.046, оборот=0.153"
770,100000002556775100,terminal,0.4770477352798479,"Гипотеза: удержание в выборке: вход=300000 ₸, выход/вход=0.00; выборка неполна. Приоритет: охват=0.262, структура=0.029, оборот=0.186"
771,100000002911170100,terminal,0.4770477352798479,"Гипотеза: удержание в выборке: вход=300000 ₸, выход/вход=0.00; выборка неполна. Приоритет: охват=0.262, структура=0.029, оборот=0.186"
772,100000001299323100,peripheral,0.47702136529361605,"Гипотеза: оснований мало: входящих=1, исходящих=0, операций=1; граница depth=4. Приоритет: охват=0.277, структура=0.029, оборот=0.171"
773,100000008624978100,peripheral,0.47702136529361605,"Гипотеза: оснований мало: входящих=1, исходящих=0, операций=1; выборка неполна. Приоритет: охват=0.277, структура=0.029, оборот=0.171"
774,100000003252446100,peripheral,0.47696727765495917,"Гипотеза: оснований мало: входящих=1, исходящих=0, операций=1; граница depth=4. Приоритет: охват=0.277, структура=0.029, оборот=0.171"
775,100000008088082100,peripheral,0.4765915754048853,"Гипотеза: оснований мало: входящих=1, исходящих=1, операций=2; выборка неполна. Приоритет: охват=0.262, структура=0.046, оборот=0.168"
776,100000003074515100,peripheral,0.4764713266950056,"Гипотеза: оснований мало: входящих=1, исходящих=0, операций=1; граница depth=4. Приоритет: охват=0.277, структура=0.029, оборот=0.170"
777,100000006532229100,peripheral,0.4764713266950056,"Гипотеза: оснований мало: входящих=1, исходящих=0, операций=1; выборка неполна. Приоритет: охват=0.277, структура=0.029, оборот=0.170"
778,100000000955529100,peripheral,0.47646008782366744,"Гипотеза: оснований мало: входящих=1, исходящих=1, операций=2; выборка неполна. Приоритет: охват=0.262, структура=0.046, оборот=0.168"
779,100000003042994100,terminal,0.4763490667140078,"Гипотеза: удержание в выборке: вход=286086 ₸, выход/вход=0.00; выборка неполна. Приоритет: охват=0.262, структура=0.029, оборот=0.185"
780,100000002691583100,terminal,0.47630343367502165,"Гипотеза: удержание в выборке: вход=285200 ₸, выход/вход=0.00; выборка неполна. Приоритет: охват=0.262, структура=0.029, оборот=0.185"
781,100000004975919100,peripheral,0.4762639952774662,"Гипотеза: оснований мало: входящих=1, исходящих=2, операций=3; выборка неполна. Приоритет: охват=0.262, структура=0.059, оборот=0.155"
782,100000004559194100,terminal,0.4761449928580549,"Гипотеза: удержание в выборке: вход=282145 ₸, выход/вход=0.00; выборка неполна. Приоритет: охват=0.262, структура=0.029, оборот=0.185"
783,100000002596039100,peripheral,0.4760327186680125,"Гипотеза: оснований мало: входящих=1, исходящих=0, операций=1; граница depth=4. Приоритет: охват=0.262, структура=0.029, оборот=0.185"
784,100000008722541100,peripheral,0.4760327186680125,"Гипотеза: оснований мало: входящих=1, исходящих=0, операций=4; граница depth=4. Приоритет: охват=0.262, структура=0.029, оборот=0.185"
785,100000002860934100,peripheral,0.4760064239268331,"Гипотеза: оснований мало: входящих=1, исходящих=0, операций=4; граница depth=4. Приоритет: охват=0.262, структура=0.029, оборот=0.184"
786,100000003180820100,peripheral,0.4758999223111231,"Гипотеза: оснований мало: входящих=1, исходящих=0, операций=1; граница depth=4. Приоритет: охват=0.277, структура=0.029, оборот=0.170"
787,100000004806903100,peripheral,0.47585799448304017,"Гипотеза: оснований мало: входящих=1, исходящих=0, операций=1; выборка неполна. Приоритет: охват=0.303, структура=0.029, оборот=0.144"
788,100000008461217100,peripheral,0.47585799448304017,"Гипотеза: оснований мало: входящих=1, исходящих=0, операций=1; граница depth=4. Приоритет: охват=0.303, структура=0.029, оборот=0.144"
789,100000003636627100,peripheral,0.4758044805674694,"Гипотеза: оснований мало: входящих=1, исходящих=1, операций=9; выборка неполна. Приоритет: охват=0.262, структура=0.046, оборот=0.167"
790,100000008757369100,peripheral,0.47578089374133314,"Гипотеза: оснований мало: входящих=1, исходящих=1, операций=4; выборка неполна. Приоритет: охват=0.262, структура=0.046, оборот=0.167"
791,100000002194320100,peripheral,0.4757676321566501,"Гипотеза: оснований мало: входящих=1, исходящих=0, операций=1; граница depth=4. Приоритет: охват=0.262, структура=0.029, оборот=0.184"
792,100000002877262100,peripheral,0.4757535349344293,"Гипотеза: оснований мало: входящих=1, исходящих=0, операций=1; выборка неполна. Приоритет: охват=0.277, структура=0.029, оборот=0.169"
793,100000003134550100,peripheral,0.4757535349344293,"Гипотеза: оснований мало: входящих=1, исходящих=0, операций=1; граница depth=4. Приоритет: охват=0.277, структура=0.029, оборот=0.169"
794,100000003321423100,peripheral,0.4757535349344293,"Гипотеза: оснований мало: входящих=1, исходящих=0, операций=2; выборка неполна. Приоритет: охват=0.277, структура=0.029, оборот=0.169"
795,100000004418967100,peripheral,0.4757535349344293,"Гипотеза: оснований мало: входящих=1, исходящих=0, операций=1; граница depth=4. Приоритет: охват=0.277, структура=0.029, оборот=0.169"
796,100000005241556100,peripheral,0.4757535349344293,"Гипотеза: оснований мало: входящих=1, исходящих=0, операций=1; выборка неполна. Приоритет: охват=0.277, структура=0.029, оборот=0.169"
797,100000008070101100,peripheral,0.4757535349344293,"Гипотеза: оснований мало: входящих=1, исходящих=0, операций=1; выборка неполна. Приоритет: охват=0.277, структура=0.029, оборот=0.169"
798,100000003677936100,peripheral,0.4757181523660847,"Гипотеза: оснований мало: входящих=1, исходящих=1, операций=3; выборка неполна. Приоритет: охват=0.262, структура=0.046, оборот=0.167"
799,100000002831727100,peripheral,0.4755419612761346,"Гипотеза: оснований мало: входящих=1, исходящих=1, операций=4; выборка неполна. Приоритет: охват=0.262, структура=0.046, оборот=0.167"
800,100000005897462100,peripheral,0.4755162425634796,"Гипотеза: оснований мало: входящих=1, исходящих=0, операций=1; выборка неполна. Приоритет: охват=0.277, структура=0.029, оборот=0.169"
801,100000000979923100,peripheral,0.47544129687684045,"Гипотеза: оснований мало: входящих=1, исходящих=0, операций=1; выборка неполна. Приоритет: охват=0.277, структура=0.029, оборот=0.169"
802,100000002663511100,terminal,0.47543980990929036,"Гипотеза: удержание в выборке: вход=268940 ₸, выход/вход=0.00; выборка неполна. Приоритет: охват=0.262, структура=0.029, оборот=0.184"
803,100000001378288100,peripheral,0.4753882987475295,"Гипотеза: оснований мало: входящих=1, исходящих=0, операций=3; граница depth=4. Приоритет: охват=0.262, структура=0.029, оборот=0.184"
804,100000003448713100,peripheral,0.47531951927985716,"Гипотеза: оснований мало: входящих=1, исходящих=0, операций=1; граница depth=4. Приоритет: охват=0.262, структура=0.029, оборот=0.184"
805,100000003631015100,peripheral,0.47527809672466653,"Гипотеза: оснований мало: входящих=1, исходящих=0, операций=1; граница depth=4. Приоритет: охват=0.262, структура=0.029, оборот=0.184"
806,100000008469048100,peripheral,0.4752337837364303,"Гипотеза: оснований мало: входящих=1, исходящих=0, операций=7; граница depth=4. Приоритет: охват=0.262, структура=0.029, оборот=0.184"
807,100000002445750100,peripheral,0.4750047945584489,"Гипотеза: оснований мало: входящих=1, исходящих=1, операций=2; выборка неполна. Приоритет: охват=0.262, структура=0.046, оборот=0.166"
808,100000003199390100,peripheral,0.47494244945727215,"Гипотеза: оснований мало: входящих=1, исходящих=0, операций=1; граница depth=4. Приоритет: охват=0.262, структура=0.029, оборот=0.183"
809,100000006901046100,peripheral,0.4748075793340861,"Гипотеза: оснований мало: входящих=1, исходящих=1, операций=4; выборка неполна. Приоритет: охват=0.262, структура=0.046, оборот=0.166"
810,100000007953156100,peripheral,0.47443750081997843,"Гипотеза: оснований мало: входящих=1, исходящих=1, операций=2; выборка неполна. Приоритет: охват=0.277, структура=0.046, оборот=0.151"
811,100000001714413100,terminal,0.47437555660541314,"Гипотеза: удержание в выборке: вход=250172 ₸, выход/вход=0.00; выборка неполна. Приоритет: охват=0.262, структура=0.029, оборот=0.183"
812,100000006445501100,peripheral,0.47436605488362293,"Гипотеза: оснований мало: входящих=1, исходящих=0, операций=1; выборка неполна. Приоритет: охват=0.277, структура=0.029, оборот=0.168"
813,100000000926078100,peripheral,0.4743654383002066,"Гипотеза: оснований мало: входящих=1, исходящих=0, операций=1; граница depth=4. Приоритет: охват=0.262, структура=0.029, оборот=0.183"
814,100000008634520100,peripheral,0.47420349197214,"Гипотеза: оснований мало: входящих=1, исходящих=0, операций=1; выборка неполна. Приоритет: охват=0.277, структура=0.029, оборот=0.168"
815,100000007749092100,peripheral,0.4742026794155465,"Гипотеза: оснований мало: входящих=1, исходящих=1, операций=6; выборка неполна. Приоритет: охват=0.262, структура=0.046, оборот=0.166"
816,100000004976946100,peripheral,0.47412814449396434,"Гипотеза: оснований мало: входящих=1, исходящих=0, операций=1; граница depth=4. Приоритет: охват=0.262, структура=0.029, оборот=0.183"
817,100000003149149100,terminal,0.4740682181527092,"Гипотеза: удержание в выборке: вход=245000 ₸, выход/вход=0.00; выборка неполна. Приоритет: охват=0.262, структура=0.029, оборот=0.183"
818,100000004134060100,peripheral,0.4739027707355774,"Гипотеза: оснований мало: входящих=1, исходящих=0, операций=1; выборка неполна. Приоритет: охват=0.277, структура=0.029, оборот=0.168"
819,100000003125997100,peripheral,0.4738310216772632,"Гипотеза: оснований мало: входящих=1, исходящих=0, операций=1; граница depth=4. Приоритет: охват=0.277, структура=0.029, оборот=0.167"
820,100000004610802100,peripheral,0.4738260415596679,"Гипотеза: оснований мало: входящих=1, исходящих=0, операций=18; граница depth=4. Приоритет: охват=0.262, структура=0.029, оборот=0.182"
821,100000000561160100,peripheral,0.47376486935015916,"Гипотеза: оснований мало: входящих=1, исходящих=0, операций=1; граница depth=4. Приоритет: охват=0.262, структура=0.029, оборот=0.182"
822,100000004790991100,terminal,0.4737288424310989,"Гипотеза: удержание в выборке: вход=239413 ₸, выход/вход=0.00; выборка неполна. Приоритет: охват=0.262, структура=0.029, оборот=0.182"
823,100000002933386100,peripheral,0.47367097623638565,"Гипотеза: оснований мало: входящих=1, исходящих=1, операций=2; выборка неполна. Приоритет: охват=0.262, структура=0.046, оборот=0.165"
824,100000000943371100,peripheral,0.4736582219576365,"Гипотеза: оснований мало: входящих=1, исходящих=0, операций=1; выборка неполна. Приоритет: охват=0.303, структура=0.029, оборот=0.142"
825,100000005539201100,peripheral,0.4736503844154067,"Гипотеза: оснований мало: входящих=1, исходящих=1, операций=2; выборка неполна. Приоритет: охват=0.262, структура=0.047, оборот=0.164"
826,100000005711521100,peripheral,0.4736417565412947,"Гипотеза: оснований мало: входящих=1, исходящих=0, операций=1; граница depth=4. Приоритет: охват=0.262, структура=0.029, оборот=0.182"
827,100000003057225100,terminal,0.47351760479787736,"Гипотеза: удержание в выборке: вход=236000 ₸, выход/вход=0.00; выборка неполна. Приоритет: охват=0.262, структура=0.029, оборот=0.182"
828,100000008279405100,terminal,0.4734387224704344,"Гипотеза: удержание в выборке: вход=234738 ₸, выход/вход=0.00; выборка неполна. Приоритет: охват=0.262, структура=0.029, оборот=0.182"
829,100000008376785100,peripheral,0.47340810588033144,"Гипотеза: оснований мало: входящих=1, исходящих=0, операций=2; граница depth=4. Приоритет: охват=0.262, структура=0.029, оборот=0.182"
830,100000005093521100,peripheral,0.4733707014452502,"Гипотеза: оснований мало: входящих=1, исходящих=0, операций=1; выборка неполна. Приоритет: охват=0.303, структура=0.029, оборот=0.142"
831,100000008676812100,terminal,0.47318981983662833,"Гипотеза: удержание в выборке: вход=230800 ₸, выход/вход=0.00; выборка неполна. Приоритет: охват=0.262, структура=0.029, оборот=0.182"
832,100000004601193100,peripheral,0.47318848353349147,"Гипотеза: оснований мало: входящих=1, исходящих=0, операций=3; граница depth=4. Приоритет: охват=0.277, структура=0.029, оборот=0.167"
833,100000008638859100,peripheral,0.4731826905282557,"Гипотеза: оснований мало: входящих=1, исходящих=0, операций=1; граница depth=4. Приоритет: охват=0.291, структура=0.029, оборот=0.154"
834,100000006209210100,terminal,0.47308176198217955,"Гипотеза: удержание в выборке: вход=229111 ₸, выход/вход=0.00; выборка неполна. Приоритет: охват=0.262, структура=0.029, оборот=0.182"
835,100000003050771100,terminal,0.47307463261807836,"Гипотеза: удержание в выборке: вход=229000 ₸, выход/вход=0.00; выборка неполна. Приоритет: охват=0.262, структура=0.029, оборот=0.182"
836,100000005904580100,peripheral,0.47302039575608507,"Гипотеза: оснований мало: входящих=2, исходящих=0, операций=2; выборка неполна. Приоритет: охват=0.262, структура=0.046, оборот=0.165"
837,100000006745291100,peripheral,0.4729294610379816,"Гипотеза: оснований мало: входящих=1, исходящих=0, операций=1; выборка неполна. Приоритет: охват=0.277, структура=0.029, оборот=0.167"
838,100000002710570100,terminal,0.4728163662901317,"Гипотеза: удержание в выборке: вход=225015 ₸, выход/вход=0.00; выборка неполна. Приоритет: охват=0.262, структура=0.029, оборот=0.181"
839,100000004931931100,peripheral,0.4728109719848905,"Гипотеза: оснований мало: входящих=1, исходящих=1, операций=2; выборка неполна. Приоритет: охват=0.262, структура=0.046, оборот=0.164"
840,100000007267915100,peripheral,0.4726997475583041,"Гипотеза: оснований мало: входящих=2, исходящих=1, операций=4; выборка неполна. Приоритет: охват=0.262, структура=0.058, оборот=0.152"
841,100000005745873100,peripheral,0.4726840284906236,"Гипотеза: оснований мало: входящих=1, исходящих=0, операций=1; граница depth=4. Приоритет: охват=0.262, структура=0.029, оборот=0.181"
842,100000007689942100,peripheral,0.47262316268643123,"Гипотеза: оснований мало: входящих=1, исходящих=2, операций=3; выборка неполна. Приоритет: охват=0.262, структура=0.058, оборот=0.152"
843,100000008254576100,peripheral,0.4726182878126066,"Гипотеза: оснований мало: входящих=1, исходящих=1, операций=2; выборка неполна. Приоритет: охват=0.262, структура=0.046, оборот=0.164"
844,100000002606567100,peripheral,0.47241231289460406,"Гипотеза: оснований мало: входящих=1, исходящих=1, операций=2; выборка неполна. Приоритет: охват=0.262, структура=0.046, оборот=0.164"
845,100000005314565100,terminal,0.4723841154830286,"Гипотеза: удержание в выборке: вход=218500 ₸, выход/вход=0.00; выборка неполна. Приоритет: охват=0.262, структура=0.029, оборот=0.181"
846,100000005367445100,peripheral,0.47214777693775645,"Гипотеза: оснований мало: входящих=1, исходящих=1, операций=2; выборка неполна. Приоритет: охват=0.291, структура=0.046, оборот=0.136"
847,100000002904919100,peripheral,0.47213117428460155,"Гипотеза: оснований мало: входящих=1, исходящих=1, операций=2; выборка неполна. Приоритет: охват=0.262, структура=0.046, оборот=0.163"
848,100000008077552100,terminal,0.47207796109411393,"Гипотеза: удержание в выборке: вход=214000 ₸, выход/вход=0.00; выборка неполна. Приоритет: охват=0.262, структура=0.029, оборот=0.181"
849,100000005142492100,peripheral,0.4719615400188039,"Гипотеза: оснований мало: входящих=1, исходящих=1, операций=2; выборка неполна. Приоритет: охват=0.262, структура=0.046, оборот=0.163"
850,100000008720856100,peripheral,0.47175051119253886,"Гипотеза: оснований мало: входящих=1, исходящих=1, операций=3; выборка неполна. Приоритет: охват=0.262, структура=0.046, оборот=0.163"
851,100000002611334100,peripheral,0.4716687166567205,"Гипотеза: оснований мало: входящих=1, исходящих=1, операций=2; выборка неполна. Приоритет: охват=0.262, структура=0.046, оборот=0.163"
852,100000004318918100,peripheral,0.4716384436847717,"Гипотеза: оснований мало: входящих=1, исходящих=0, операций=1; выборка неполна. Приоритет: охват=0.277, структура=0.029, оборот=0.165"
853,100000008703533100,peripheral,0.47152121787740064,"Гипотеза: оснований мало: входящих=1, исходящих=0, операций=1; граница depth=4. Приоритет: охват=0.277, структура=0.029, оборот=0.165"
854,100000003235780100,peripheral,0.4715156957957145,"Гипотеза: оснований мало: входящих=2, исходящих=0, операций=2; выборка неполна. Приоритет: охват=0.262, структура=0.046, оборот=0.163"
855,100000008571443100,peripheral,0.4715156957957145,"Гипотеза: оснований мало: входящих=2, исходящих=0, операций=2; выборка неполна. Приоритет: охват=0.262, структура=0.046, оборот=0.163"
856,100000008472324100,terminal,0.4714601957285117,"Гипотеза: удержание в выборке: вход=205200 ₸, выход/вход=0.00; выборка неполна. Приоритет: охват=0.262, структура=0.029, оборот=0.180"
857,100000003934614100,peripheral,0.4714268168891605,"Гипотеза: оснований мало: входящих=2, исходящих=1, операций=4; выборка неполна. Приоритет: охват=0.262, структура=0.058, оборот=0.151"
858,100000004184158100,terminal,0.47135983921281377,"Гипотеза: удержание в выборке: вход=203805 ₸, выход/вход=0.00; выборка неполна. Приоритет: охват=0.262, структура=0.029, оборот=0.180"
859,100000001339466100,peripheral,0.4713413535230043,"Гипотеза: оснований мало: входящих=1, исходящих=0, операций=1; выборка неполна. Приоритет: охват=0.291, структура=0.029, оборот=0.152"
860,100000002755292100,terminal,0.4713305747635699,"Гипотеза: удержание в выборке: вход=203400 ₸, выход/вход=0.00; выборка неполна. Приоритет: охват=0.262, структура=0.029, оборот=0.180"
861,100000000860514100,peripheral,0.4712681808934557,"Гипотеза: оснований мало: входящих=1, исходящих=1, операций=2; выборка неполна. Приоритет: охват=0.262, структура=0.046, оборот=0.162"
862,100000001822623100,terminal,0.4711778926139485,"Гипотеза: удержание в выборке: вход=201300 ₸, выход/вход=0.00; выборка неполна. Приоритет: охват=0.262, структура=0.029, оборот=0.180"
863,100000001184915100,terminal,0.47115595094959195,"Гипотеза: удержание в выборке: вход=201000 ₸, выход/вход=0.00; выборка неполна. Приоритет: охват=0.262, структура=0.029, оборот=0.180"
864,100000002469065100,terminal,0.47108257482249044,"Гипотеза: удержание в выборке: вход=200000 ₸, выход/вход=0.00; выборка неполна. Приоритет: охват=0.262, структура=0.029, оборот=0.180"
865,100000003782913100,peripheral,0.47108257482249044,"Гипотеза: оснований мало: входящих=1, исходящих=0, операций=1; граница depth=4. Приоритет: охват=0.262, структура=0.029, оборот=0.180"
866,100000003824464100,terminal,0.47108257482249044,"Гипотеза: удержание в выборке: вход=200000 ₸, выход/вход=0.00; выборка неполна. Приоритет: охват=0.262, структура=0.029, оборот=0.180"
867,100000004798515100,peripheral,0.47108257482249044,"Гипотеза: оснований мало: входящих=1, исходящих=0, операций=2; граница depth=4. Приоритет: охват=0.262, структура=0.029, оборот=0.180"
868,100000006567935100,terminal,0.47108257482249044,"Гипотеза: удержание в выборке: вход=200000 ₸, выход/вход=0.00; выборка неполна. Приоритет: охват=0.262, структура=0.029, оборот=0.180"
869,100000008238989100,terminal,0.47108257482249044,"Гипотеза: удержание в выборке: вход=200000 ₸, выход/вход=0.00; выборка неполна. Приоритет: охват=0.262, структура=0.029, оборот=0.180"
870,100000008568512100,terminal,0.4710560695716748,"Гипотеза: удержание в выборке: вход=199640 ₸, выход/вход=0.00; выборка неполна. Приоритет: охват=0.262, структура=0.029, оборот=0.180"
871,100000008190411100,peripheral,0.47096811362069646,"Гипотеза: оснований мало: входящих=1, исходящих=0, операций=12; граница depth=4. Приоритет: охват=0.262, структура=0.029, оборот=0.179"
872,100000004356593100,peripheral,0.47076805755950646,"Гипотеза: оснований мало: входящих=1, исходящих=1, операций=2; выборка неполна. Приоритет: охват=0.262, структура=0.046, оборот=0.162"
873,100000007071852100,peripheral,0.470710102222359,"Гипотеза: оснований мало: входящих=1, исходящих=0, операций=1; граница depth=4. Приоритет: охват=0.262, структура=0.029, оборот=0.179"
874,100000004676985100,peripheral,0.4706107853912471,"Гипотеза: оснований мало: входящих=1, исходящих=1, операций=2; выборка неполна. Приоритет: охват=0.262, структура=0.046, оборот=0.162"
875,100000002934441100,peripheral,0.47054401945640223,"Гипотеза: оснований мало: входящих=2, исходящих=0, операций=2; выборка неполна. Приоритет: охват=0.262, структура=0.046, оборот=0.162"
876,100000004340038100,peripheral,0.4705153093798419,"Гипотеза: оснований мало: входящих=1, исходящих=1, операций=2; выборка неполна. Приоритет: охват=0.262, структура=0.046, оборот=0.162"
877,100000006994985100,peripheral,0.4704546644095891,"Гипотеза: оснований мало: входящих=1, исходящих=1, операций=4; выборка неполна. Приоритет: охват=0.262, структура=0.046, оборот=0.162"
878,100000003230328100,consolidator,0.4703948623727433,"Гипотеза: сбор: 3 плательщиков, seed=7, макс. доля=38%; граница depth=4. Приоритет: охват=0.262, структура=0.058, оборот=0.150"
879,100000003044431100,peripheral,0.47033812983443,"Гипотеза: оснований мало: входящих=2, исходящих=0, операций=2; выборка неполна. Приоритет: охват=0.262, структура=0.046, оборот=0.162"
880,100000007131370100,peripheral,0.47033812983443,"Гипотеза: оснований мало: входящих=1, исходящих=1, операций=2; выборка неполна. Приоритет: охват=0.262, структура=0.046, оборот=0.162"
881,100000003278020100,terminal,0.4703279539852969,"Гипотеза: удержание в выборке: вход=190000 ₸, выход/вход=0.00; выборка неполна. Приоритет: охват=0.262, структура=0.029, оборот=0.179"
882,100000008238112100,terminal,0.4703279539852969,"Гипотеза: удержание в выборке: вход=190000 ₸, выход/вход=0.00; выборка неполна. Приоритет: охват=0.262, структура=0.029, оборот=0.179"
883,100000008168850100,peripheral,0.4701652266716259,"Гипотеза: оснований мало: входящих=1, исходящих=0, операций=2; граница depth=4. Приоритет: охват=0.262, структура=0.029, оборот=0.179"
884,100000003951827100,peripheral,0.47010439304104723,"Гипотеза: оснований мало: входящих=1, исходящих=2, операций=3; выборка неполна. Приоритет: охват=0.262, структура=0.058, оборот=0.150"
885,100000002373144100,peripheral,0.47007320342106895,"Гипотеза: оснований мало: входящих=1, исходящих=1, операций=2; выборка неполна. Приоритет: охват=0.262, структура=0.046, оборот=0.161"
886,100000008314863100,peripheral,0.4698932181429346,"Гипотеза: оснований мало: входящих=1, исходящих=0, операций=1; выборка неполна. Приоритет: охват=0.303, структура=0.029, оборот=0.138"
887,100000002457464100,peripheral,0.46978408291382073,"Гипотеза: оснований мало: входящих=1, исходящих=0, операций=1; выборка неполна. Приоритет: охват=0.277, структура=0.029, оборот=0.163"
888,100000006308406100,peripheral,0.4697757007161582,"Гипотеза: оснований мало: входящих=1, исходящих=0, операций=2; граница depth=4. Приоритет: охват=0.262, структура=0.029, оборот=0.178"
889,100000000646541100,consolidator,0.4696732152841761,"Гипотеза: сбор: 3 плательщиков, seed=7, макс. доля=41%; выборка неполна. Приоритет: охват=0.262, структура=0.058, оборот=0.149"
890,100000003191430100,terminal,0.4695325236870215,"Гипотеза: удержание в выборке: вход=180000 ₸, выход/вход=0.00; выборка неполна. Приоритет: охват=0.262, структура=0.029, оборот=0.178"
891,100000004235471100,peripheral,0.4695325236870215,"Гипотеза: оснований мало: входящих=1, исходящих=0, операций=1; граница depth=4. Приоритет: охват=0.262, структура=0.029, оборот=0.178"
892,100000004588479100,terminal,0.46933777927334386,"Гипотеза: удержание в выборке: вход=177633 ₸, выход/вход=0.00; выборка неполна. Приоритет: охват=0.262, структура=0.029, оборот=0.178"
893,100000006111442100,peripheral,0.46918786130891077,"Гипотеза: оснований мало: входящих=1, исходящих=0, операций=1; выборка неполна. Приоритет: охват=0.277, структура=0.029, оборот=0.163"
894,100000005182219100,peripheral,0.4690580445435338,"Гипотеза: оснований мало: входящих=2, исходящих=0, операций=2; выборка неполна. Приоритет: охват=0.262, структура=0.046, оборот=0.161"
895,100000001954534100,peripheral,0.4689518971920337,"Гипотеза: оснований мало: входящих=1, исходящих=1, операций=2; выборка неполна. Приоритет: охват=0.262, структура=0.046, оборот=0.160"
896,100000001837130100,terminal,0.4689404670423599,"Гипотеза: удержание в выборке: вход=172900 ₸, выход/вход=0.00; выборка неполна. Приоритет: охват=0.262, структура=0.029, оборот=0.177"
897,100000002609774100,peripheral,0.46874810652278376,"Гипотеза: оснований мало: входящих=1, исходящих=1, операций=2; выборка неполна. Приоритет: охват=0.262, структура=0.052, оборот=0.154"
898,100000008136608100,peripheral,0.46869161640463464,"Гипотеза: оснований мало: входящих=1, исходящих=0, операций=1; граница depth=4. Приоритет: охват=0.262, структура=0.029, оборот=0.177"
899,100000005561741100,peripheral,0.46865914481154114,"Гипотеза: оснований мало: входящих=1, исходящих=0, операций=1; выборка неполна. Приоритет: охват=0.291, структура=0.029, оборот=0.149"
900,100000006679055100,peripheral,0.46865914481154114,"Гипотеза: оснований мало: входящих=1, исходящих=0, операций=1; выборка неполна. Приоритет: охват=0.291, структура=0.029, оборот=0.149"
901,100000008172721100,peripheral,0.46854681636747386,"Гипотеза: оснований мало: входящих=1, исходящих=0, операций=1; граница depth=4. Приоритет: охват=0.262, структура=0.029, оборот=0.177"
902,100000004993576100,terminal,0.46842967709858596,"Гипотеза: удержание в выборке: вход=167000 ₸, выход/вход=0.00; выборка неполна. Приоритет: охват=0.262, структура=0.029, оборот=0.177"
903,100000004193835100,peripheral,0.46838224176892895,"Гипотеза: оснований мало: входящих=1, исходящих=1, операций=2; вход seed неполон. Приоритет: охват=0.262, структура=0.046, оборот=0.160"
904,100000002581346100,terminal,0.4683767249066543,"Гипотеза: удержание в выборке: вход=166400 ₸, выход/вход=0.00; выборка неполна. Приоритет: охват=0.262, структура=0.029, оборот=0.177"
905,100000001737722100,peripheral,0.46835074835603585,"Гипотеза: оснований мало: входящих=1, исходящих=0, операций=1; выборка неполна. Приоритет: охват=0.277, структура=0.029, оборот=0.162"
906,100000001819396100,terminal,0.4683484056142426,"Гипотеза: удержание в выборке: вход=166080 ₸, выход/вход=0.00; выборка неполна. Приоритет: охват=0.262, структура=0.029, оборот=0.177"
907,100000002600345100,peripheral,0.46834560787935353,"Гипотеза: оснований мало: входящих=2, исходящих=0, операций=2; выборка неполна. Приоритет: охват=0.262, структура=0.046, оборот=0.160"
908,100000002659103100,peripheral,0.46825242353590846,"Гипотеза: оснований мало: входящих=1, исходящих=0, операций=1; граница depth=4. Приоритет: охват=0.262, структура=0.029, оборот=0.177"
909,100000005272139100,peripheral,0.46825242353590846,"Гипотеза: оснований мало: входящих=1, исходящих=0, операций=1; граница depth=4. Приоритет: охват=0.262, структура=0.029, оборот=0.177"
910,100000001227106100,terminal,0.46823145533514526,"Гипотеза: удержание в выборке: вход=164765 ₸, выход/вход=0.00; выборка неполна. Приоритет: охват=0.262, структура=0.029, оборот=0.177"
911,100000004779204100,peripheral,0.468217612510487,"Гипотеза: оснований мало: входящих=1, исходящих=1, операций=3; выборка неполна. Приоритет: охват=0.262, структура=0.046, оборот=0.159"
912,100000004655046100,peripheral,0.46805859792843696,"Гипотеза: оснований мало: входящих=1, исходящих=0, операций=1; граница depth=4. Приоритет: охват=0.291, структура=0.029, оборот=0.148"
913,100000008486520100,peripheral,0.4680031829639111,"Гипотеза: оснований мало: входящих=1, исходящих=1, операций=3; выборка неполна. Приоритет: охват=0.262, структура=0.046, оборот=0.159"
914,100000008680912100,peripheral,0.467976840360421,"Гипотеза: оснований мало: входящих=1, исходящих=1, операций=3; выборка неполна. Приоритет: охват=0.262, структура=0.046, оборот=0.160"
915,100000008583971100,peripheral,0.46794720170518195,"Гипотеза: оснований мало: входящих=2, исходящих=0, операций=2; граница depth=4. Приоритет: охват=0.262, структура=0.046, оборот=0.159"
916,100000002835874100,peripheral,0.4679161311747629,"Гипотеза: оснований мало: входящих=1, исходящих=0, операций=1; граница depth=4. Приоритет: охват=0.277, структура=0.029, оборот=0.162"
917,100000002212494100,peripheral,0.4677997150227261,"Гипотеза: оснований мало: входящих=1, исходящих=0, операций=1; выборка неполна. Приоритет: охват=0.262, структура=0.029, оборот=0.176"
918,100000002842321100,peripheral,0.4677997150227261,"Гипотеза: оснований мало: входящих=1, исходящих=0, операций=1; выборка неполна. Приоритет: охват=0.262, структура=0.029, оборот=0.176"
919,100000002826669100,peripheral,0.46779051723287657,"Гипотеза: оснований мало: входящих=1, исходящих=0, операций=4; выборка неполна. Приоритет: охват=0.262, структура=0.029, оборот=0.176"
920,100000004750321100,peripheral,0.46771020478407543,"Гипотеза: оснований мало: входящих=2, исходящих=0, операций=2; выборка неполна. Приоритет: охват=0.262, структура=0.046, оборот=0.159"
921,100000003724440100,peripheral,0.4676558720858094,"Гипотеза: оснований мало: входящих=2, исходящих=0, операций=2; выборка неполна. Приоритет: охват=0.262, структура=0.046, оборот=0.159"
922,100000005834479100,peripheral,0.46764137263875993,"Гипотеза: оснований мало: входящих=1, исходящих=2, операций=3; выборка неполна. Приоритет: охват=0.262, структура=0.058, оборот=0.147"
923,100000005620225100,peripheral,0.4676103898951698,"Гипотеза: оснований мало: входящих=2, исходящих=0, операций=2; выборка неполна. Приоритет: охват=0.262, структура=0.046, оборот=0.159"
924,100000003574895100,peripheral,0.4674754296313477,"Гипотеза: оснований мало: входящих=1, исходящих=1, операций=2; выборка неполна. Приоритет: охват=0.262, структура=0.046, оборот=0.159"
925,100000008221765100,peripheral,0.4674605896829329,"Гипотеза: оснований мало: входящих=1, исходящих=0, операций=1; граница depth=4. Приоритет: охват=0.262, структура=0.029, оборот=0.176"
926,100000007511780100,peripheral,0.4673326325246432,"Гипотеза: оснований мало: входящих=1, исходящих=0, операций=2; граница depth=4. Приоритет: охват=0.262, структура=0.029, оборот=0.176"
927,100000005454368100,peripheral,0.467238068731768,"Гипотеза: оснований мало: входящих=2, исходящих=0, операций=2; вход seed неполон. Приоритет: охват=0.262, структура=0.046, оборот=0.159"
928,100000001145749100,peripheral,0.4672111565321566,"Гипотеза: оснований мало: входящих=1, исходящих=0, операций=1; выборка неполна. Приоритет: охват=0.303, структура=0.029, оборот=0.136"
929,100000006557763100,peripheral,0.4672111565321566,"Гипотеза: оснований мало: входящих=1, исходящих=0, операций=1; выборка неполна. Приоритет: охват=0.303, структура=0.029, оборот=0.136"
930,100000006684930100,peripheral,0.4672111565321566,"Гипотеза: оснований мало: входящих=1, исходящих=0, операций=1; выборка неполна. Приоритет: охват=0.303, структура=0.029, оборот=0.136"
931,100000004756901100,peripheral,0.467165394081134,"Гипотеза: оснований мало: входящих=1, исходящих=0, операций=1; выборка неполна. Приоритет: охват=0.262, структура=0.029, оборот=0.176"
932,100000000557536100,peripheral,0.4671415667114977,"Гипотеза: оснований мало: входящих=1, исходящих=0, операций=7; граница depth=4. Приоритет: охват=0.262, структура=0.029, оборот=0.176"
933,100000006967370100,peripheral,0.46709744772061645,"Гипотеза: оснований мало: входящих=1, исходящих=1, операций=2; выборка неполна. Приоритет: охват=0.262, структура=0.046, оборот=0.158"
934,100000001329153100,peripheral,0.46691745972653387,"Гипотеза: оснований мало: входящих=1, исходящих=0, операций=1; выборка неполна. Приоритет: охват=0.262, структура=0.029, оборот=0.175"
935,100000001046626100,peripheral,0.4668502332459636,"Гипотеза: оснований мало: входящих=1, исходящих=0, операций=1; выборка неполна. Приоритет: охват=0.262, структура=0.029, оборот=0.175"
936,100000001961048100,peripheral,0.4668502332459636,"Гипотеза: оснований мало: входящих=1, исходящих=0, операций=1; выборка неполна. Приоритет: охват=0.262, структура=0.029, оборот=0.175"
937,100000002459240100,peripheral,0.4668502332459636,"Гипотеза: оснований мало: входящих=1, исходящих=0, операций=1; выборка неполна. Приоритет: охват=0.262, структура=0.029, оборот=0.175"
938,100000003486970100,peripheral,0.4668502332459636,"Гипотеза: оснований мало: входящих=1, исходящих=0, операций=1; выборка неполна. Приоритет: охват=0.262, структура=0.029, оборот=0.175"
939,100000008629581100,peripheral,0.46673840015347384,"Гипотеза: оснований мало: входящих=1, исходящих=0, операций=1; выборка неполна. Приоритет: охват=0.277, структура=0.029, оборот=0.160"
940,100000002736033100,peripheral,0.4667080310914103,"Гипотеза: оснований мало: входящих=1, исходящих=1, операций=2; выборка неполна. Приоритет: охват=0.262, структура=0.046, оборот=0.158"
941,100000002812641100,peripheral,0.46667419094408724,"Гипотеза: оснований мало: входящих=1, исходящих=1, операций=2; выборка неполна. Приоритет: охват=0.277, структура=0.046, оборот=0.143"
942,100000002984403100,peripheral,0.46655350199565016,"Гипотеза: оснований мало: входящих=1, исходящих=1, операций=2; выборка неполна. Приоритет: охват=0.262, структура=0.046, оборот=0.158"
943,100000006122699100,peripheral,0.4663859521458922,"Гипотеза: оснований мало: входящих=2, исходящих=0, операций=2; выборка неполна. Приоритет: охват=0.262, структура=0.046, оборот=0.158"
944,100000003180305100,peripheral,0.4662496659305601,"Гипотеза: оснований мало: входящих=1, исходящих=0, операций=1; граница depth=4. Приоритет: охват=0.262, структура=0.029, оборот=0.175"
945,100000005360814100,peripheral,0.4662496659305601,"Гипотеза: оснований мало: входящих=1, исходящих=0, операций=3; граница depth=4. Приоритет: охват=0.262, структура=0.029, оборот=0.175"
946,100000003819173100,peripheral,0.4662268653306164,"Гипотеза: оснований мало: входящих=1, исходящих=0, операций=1; граница depth=4. Приоритет: охват=0.262, структура=0.029, оборот=0.175"
947,100000007648946100,peripheral,0.4660231507043225,"Гипотеза: оснований мало: входящих=1, исходящих=1, операций=2; выборка неполна. Приоритет: охват=0.262, структура=0.046, оборот=0.157"
948,100000002691858100,peripheral,0.4659909902171082,"Гипотеза: оснований мало: входящих=1, исходящих=0, операций=1; выборка неполна. Приоритет: охват=0.277, структура=0.029, оборот=0.160"
949,100000004657034100,peripheral,0.465965993013501,"Гипотеза: оснований мало: входящих=1, исходящих=0, операций=1; выборка неполна. Приоритет: охват=0.262, структура=0.029, оборот=0.174"
950,100000002335358100,peripheral,0.4658352201369387,"Гипотеза: оснований мало: входящих=1, исходящих=0, операций=2; выборка неполна. Приоритет: охват=0.262, структура=0.029, оборот=0.174"
951,100000002605184100,peripheral,0.4658352201369387,"Гипотеза: оснований мало: входящих=1, исходящих=0, операций=1; выборка неполна. Приоритет: охват=0.262, структура=0.029, оборот=0.174"
952,100000004674799100,peripheral,0.4658352201369387,"Гипотеза: оснований мало: входящих=1, исходящих=0, операций=5; выборка неполна. Приоритет: охват=0.262, структура=0.029, оборот=0.174"
953,100000000803368100,peripheral,0.46578290014253015,"Гипотеза: оснований мало: входящих=1, исходящих=0, операций=1; граница depth=4. Приоритет: охват=0.262, структура=0.029, оборот=0.174"
954,100000002580377100,peripheral,0.46578116569253003,"Гипотеза: оснований мало: входящих=1, исходящих=1, операций=3; выборка неполна. Приоритет: охват=0.262, структура=0.046, оборот=0.157"
955,100000001726614100,peripheral,0.46569977495138937,"Гипотеза: оснований мало: входящих=1, исходящих=0, операций=1; выборка неполна. Приоритет: охват=0.262, структура=0.029, оборот=0.174"
956,100000002492277100,peripheral,0.4656767426543043,"Гипотеза: оснований мало: входящих=1, исходящих=0, операций=1; выборка неполна. Приоритет: охват=0.262, структура=0.029, оборот=0.174"
957,100000002774456100,peripheral,0.4656625518111814,"Гипотеза: оснований мало: входящих=1, исходящих=0, операций=1; выборка неполна. Приоритет: охват=0.277, структура=0.029, оборот=0.159"
958,100000007749747100,peripheral,0.4655561309782925,"Гипотеза: оснований мало: входящих=1, исходящих=0, операций=1; граница depth=4. Приоритет: охват=0.277, структура=0.029, оборот=0.159"
959,100000001083990100,peripheral,0.4655266781920089,"Гипотеза: оснований мало: входящих=1, исходящих=0, операций=2; выборка неполна. Приоритет: охват=0.277, структура=0.029, оборот=0.159"
960,100000008376089100,peripheral,0.46530018483489743,"Гипотеза: оснований мало: входящих=1, исходящих=0, операций=1; выборка неполна. Приоритет: охват=0.262, структура=0.029, оборот=0.174"
961,100000001688676100,peripheral,0.46515782867456,"Гипотеза: оснований мало: входящих=1, исходящих=0, операций=1; выборка неполна. Приоритет: охват=0.262, структура=0.029, оборот=0.174"
962,100000002435265100,peripheral,0.4650393943833182,"Гипотеза: оснований мало: входящих=1, исходящих=0, операций=3; выборка неполна. Приоритет: охват=0.262, структура=0.029, оборот=0.174"
963,100000004800648100,peripheral,0.4648576899534691,"Гипотеза: оснований мало: входящих=1, исходящих=0, операций=1; граница depth=4. Приоритет: охват=0.262, структура=0.029, оборот=0.173"
964,100000003024542100,peripheral,0.46482044472774287,"Гипотеза: оснований мало: входящих=1, исходящих=0, операций=1; выборка неполна. Приоритет: охват=0.303, структура=0.029, оборот=0.133"
965,100000002906470100,peripheral,0.46474495496789964,"Гипотеза: оснований мало: входящих=1, исходящих=0, операций=1; выборка неполна. Приоритет: охват=0.262, структура=0.029, оборот=0.173"
966,100000003073635100,peripheral,0.4646576703426496,"Гипотеза: оснований мало: входящих=1, исходящих=0, операций=1; выборка неполна. Приоритет: охват=0.262, структура=0.029, оборот=0.173"
967,100000005940652100,peripheral,0.4646375986246121,"Гипотеза: оснований мало: входящих=1, исходящих=0, операций=1; выборка неполна. Приоритет: охват=0.303, структура=0.029, оборот=0.133"
968,100000003271151100,peripheral,0.46443549021279906,"Гипотеза: оснований мало: входящих=1, исходящих=0, операций=1; выборка неполна. Приоритет: охват=0.262, структура=0.029, оборот=0.173"
969,100000004674412100,peripheral,0.46432944997158654,"Гипотеза: оснований мало: входящих=1, исходящих=0, операций=1; граница depth=4. Приоритет: охват=0.277, структура=0.029, оборот=0.158"
970,100000005265073100,peripheral,0.4642670683257041,"Гипотеза: оснований мало: входящих=1, исходящих=1, операций=2; выборка неполна. Приоритет: охват=0.277, структура=0.046, оборот=0.140"
971,100000002454724100,peripheral,0.4641679460741854,"Гипотеза: оснований мало: входящих=1, исходящих=0, операций=3; выборка неполна. Приоритет: охват=0.262, структура=0.029, оборот=0.173"
972,100000003497735100,peripheral,0.4641679460741854,"Гипотеза: оснований мало: входящих=1, исходящих=0, операций=1; выборка неполна. Приоритет: охват=0.262, структура=0.029, оборот=0.173"
973,100000005799271100,peripheral,0.4640061043621038,"Гипотеза: оснований мало: входящих=1, исходящих=0, операций=2; выборка неполна. Приоритет: охват=0.277, структура=0.029, оборот=0.158"
974,100000006381453100,peripheral,0.4640061043621038,"Гипотеза: оснований мало: входящих=1, исходящих=0, операций=1; граница depth=4. Приоритет: охват=0.277, структура=0.029, оборот=0.158"
975,100000008728457100,peripheral,0.4640061043621038,"Гипотеза: оснований мало: входящих=1, исходящих=0, операций=1; выборка неполна. Приоритет: охват=0.277, структура=0.029, оборот=0.158"
976,100000004278574100,peripheral,0.46385353179199534,"Гипотеза: оснований мало: входящих=1, исходящих=1, операций=2; выборка неполна. Приоритет: охват=0.262, структура=0.046, оборот=0.155"
977,100000001251686100,peripheral,0.4638264361549208,"Гипотеза: оснований мало: входящих=1, исходящих=0, операций=1; выборка неполна. Приоритет: охват=0.291, структура=0.029, оборот=0.144"
978,100000006756956100,peripheral,0.4637137671955615,"Гипотеза: оснований мало: входящих=1, исходящих=0, операций=9; граница depth=4. Приоритет: охват=0.262, структура=0.029, оборот=0.172"
979,100000005052998100,peripheral,0.463676627675415,"Гипотеза: оснований мало: входящих=1, исходящих=1, операций=2; выборка неполна. Приоритет: охват=0.262, структура=0.046, оборот=0.155"
980,100000003896956100,peripheral,0.4636560582040736,"Гипотеза: оснований мало: входящих=1, исходящих=1, операций=3; выборка неполна. Приоритет: охват=0.262, структура=0.046, оборот=0.155"
981,100000001934935100,peripheral,0.46343622921187855,"Гипотеза: оснований мало: входящих=1, исходящих=0, операций=1; выборка неполна. Приоритет: охват=0.262, структура=0.029, оборот=0.172"
982,100000005226217100,peripheral,0.4634120107932769,"Гипотеза: оснований мало: входящих=1, исходящих=0, операций=1; граница depth=4. Приоритет: охват=0.291, структура=0.029, оборот=0.144"
983,100000002890167100,peripheral,0.46333880566737273,"Гипотеза: оснований мало: входящих=1, исходящих=0, операций=1; выборка неполна. Приоритет: охват=0.262, структура=0.029, оборот=0.172"
984,100000003696422100,peripheral,0.46332011606278567,"Гипотеза: оснований мало: входящих=1, исходящих=0, операций=2; граница depth=4. Приоритет: охват=0.262, структура=0.029, оборот=0.172"
985,100000003134474100,peripheral,0.4630686256547498,"Гипотеза: оснований мало: входящих=1, исходящих=0, операций=1; выборка неполна. Приоритет: охват=0.262, структура=0.029, оборот=0.172"
986,100000004765639100,peripheral,0.4629323042707011,"Гипотеза: оснований мало: входящих=1, исходящих=2, операций=3; выборка неполна. Приоритет: охват=0.262, структура=0.058, оборот=0.142"
987,100000007197866100,peripheral,0.4628385396993254,"Гипотеза: оснований мало: входящих=1, исходящих=1, операций=2; выборка неполна. Приоритет: охват=0.262, структура=0.046, оборот=0.154"
988,100000000961900100,peripheral,0.46282304901106186,"Гипотеза: оснований мало: входящих=2, исходящих=0, операций=3; выборка неполна. Приоритет: охват=0.262, структура=0.046, оборот=0.154"
989,100000002769809100,peripheral,0.4627379800383751,"Гипотеза: оснований мало: входящих=1, исходящих=0, операций=1; выборка неполна. Приоритет: охват=0.262, структура=0.029, оборот=0.171"
990,100000003242795100,peripheral,0.46242042272043543,"Гипотеза: оснований мало: входящих=1, исходящих=0, операций=1; выборка неполна. Приоритет: охват=0.262, структура=0.029, оборот=0.171"
991,100000008436257100,peripheral,0.462408611974249,"Гипотеза: оснований мало: входящих=2, исходящих=0, операций=2; выборка неполна. Приоритет: охват=0.262, структура=0.046, оборот=0.154"
992,100000002242455100,peripheral,0.4622872831400741,"Гипотеза: оснований мало: входящих=1, исходящих=0, операций=1; граница depth=4. Приоритет: охват=0.262, структура=0.029, оборот=0.171"
993,100000003186579100,peripheral,0.4622872831400741,"Гипотеза: оснований мало: входящих=1, исходящих=0, операций=2; граница depth=4. Приоритет: охват=0.262, структура=0.029, оборот=0.171"
994,100000001851289100,peripheral,0.4622216022607475,"Гипотеза: оснований мало: входящих=1, исходящих=0, операций=3; выборка неполна. Приоритет: охват=0.262, структура=0.029, оборот=0.171"
995,100000004979264100,peripheral,0.46219958389842697,"Гипотеза: оснований мало: входящих=1, исходящих=0, операций=1; граница depth=4. Приоритет: охват=0.277, структура=0.029, оборот=0.156"
996,100000003736419100,peripheral,0.46210604307412745,"Гипотеза: оснований мало: входящих=1, исходящих=1, операций=2; выборка неполна. Приоритет: охват=0.262, структура=0.046, оборот=0.153"
997,100000002214301100,peripheral,0.4620121711407428,"Гипотеза: оснований мало: входящих=1, исходящих=1, операций=2; выборка неполна. Приоритет: охват=0.262, структура=0.048, оборот=0.151"
998,100000008633099100,peripheral,0.4619586336769329,"Гипотеза: оснований мало: входящих=1, исходящих=1, операций=2; выборка неполна. Приоритет: охват=0.262, структура=0.046, оборот=0.153"
999,100000000440392100,peripheral,0.4617013382702097,"Гипотеза: оснований мало: входящих=1, исходящих=0, операций=4; выборка неполна. Приоритет: охват=0.262, структура=0.029, оборот=0.170"
1000,100000008337304100,peripheral,0.4616678975579246,"Гипотеза: оснований мало: входящих=1, исходящих=0, операций=2; граница depth=4. Приоритет: охват=0.262, структура=0.029, оборот=0.170"
1001,100000003760160100,peripheral,0.46152844137640203,"Гипотеза: оснований мало: входящих=1, исходящих=0, операций=1; выборка неполна. Приоритет: охват=0.262, структура=0.029, оборот=0.170"
1002,100000000802149100,peripheral,0.46148020078594865,"Гипотеза: оснований мало: входящих=1, исходящих=0, операций=1; выборка неполна. Приоритет: охват=0.262, структура=0.029, оборот=0.170"
1003,100000001524952100,peripheral,0.4614347779728469,"Гипотеза: оснований мало: входящих=1, исходящих=0, операций=1; выборка неполна. Приоритет: охват=0.262, структура=0.029, оборот=0.170"
1004,100000006789108100,peripheral,0.4613238629594021,"Гипотеза: оснований мало: входящих=1, исходящих=0, операций=1; выборка неполна. Приоритет: охват=0.277, структура=0.029, оборот=0.155"
1005,100000005893892100,peripheral,0.4612885039345267,"Гипотеза: оснований мало: входящих=1, исходящих=0, операций=1; выборка неполна. Приоритет: охват=0.262, структура=0.029, оборот=0.170"
1006,100000001110358100,peripheral,0.4610902812118646,"Гипотеза: оснований мало: входящих=2, исходящих=0, операций=2; выборка неполна. Приоритет: охват=0.262, структура=0.046, оборот=0.153"
1007,100000008097580100,peripheral,0.4610902812118646,"Гипотеза: оснований мало: входящих=2, исходящих=0, операций=4; выборка неполна. Приоритет: охват=0.262, структура=0.046, оборот=0.153"
1008,100000002550141100,peripheral,0.4609710568965883,"Гипотеза: оснований мало: входящих=1, исходящих=0, операций=1; выборка неполна. Приоритет: охват=0.262, структура=0.029, оборот=0.169"
1009,100000002087788100,peripheral,0.4609584730693649,"Гипотеза: оснований мало: входящих=1, исходящих=0, операций=1; выборка неполна. Приоритет: охват=0.262, структура=0.029, оборот=0.169"
1010,100000001299828100,peripheral,0.4608850973082269,"Гипотеза: оснований мало: входящих=1, исходящих=0, операций=1; граница depth=4. Приоритет: охват=0.262, структура=0.029, оборот=0.169"
1011,100000001533161100,peripheral,0.4608850973082269,"Гипотеза: оснований мало: входящих=1, исходящих=0, операций=1; граница depth=4. Приоритет: охват=0.262, структура=0.029, оборот=0.169"
1012,100000003112436100,peripheral,0.4608850973082269,"Гипотеза: оснований мало: входящих=1, исходящих=0, операций=1; выборка неполна. Приоритет: охват=0.262, структура=0.029, оборот=0.169"
1013,100000003647799100,peripheral,0.4608850973082269,"Гипотеза: оснований мало: входящих=1, исходящих=0, операций=1; выборка неполна. Приоритет: охват=0.262, структура=0.029, оборот=0.169"
1014,100000004840086100,peripheral,0.4608850973082269,"Гипотеза: оснований мало: входящих=1, исходящих=0, операций=2; граница depth=4. Приоритет: охват=0.262, структура=0.029, оборот=0.169"
1015,100000006100920100,peripheral,0.4608850973082269,"Гипотеза: оснований мало: входящих=1, исходящих=0, операций=1; выборка неполна. Приоритет: охват=0.262, структура=0.029, оборот=0.169"
1016,100000007653003100,peripheral,0.4608850973082269,"Гипотеза: оснований мало: входящих=1, исходящих=0, операций=1; выборка неполна. Приоритет: охват=0.262, структура=0.029, оборот=0.169"
1017,100000008343415100,peripheral,0.4608850973082269,"Гипотеза: оснований мало: входящих=1, исходящих=0, операций=3; граница depth=4. Приоритет: охват=0.262, структура=0.029, оборот=0.169"
1018,100000008560263100,peripheral,0.4608850973082269,"Гипотеза: оснований мало: входящих=1, исходящих=0, операций=1; граница depth=4. Приоритет: охват=0.262, структура=0.029, оборот=0.169"
1019,100000005049404100,peripheral,0.460587878962168,"Гипотеза: оснований мало: входящих=1, исходящих=0, операций=2; граница depth=4. Приоритет: охват=0.262, структура=0.029, оборот=0.169"
1020,100000005233755100,peripheral,0.46057075167915573,"Гипотеза: оснований мало: входящих=1, исходящих=1, операций=2; выборка неполна. Приоритет: охват=0.262, структура=0.046, оборот=0.152"
1021,100000003102157100,peripheral,0.4603984131061963,"Гипотеза: оснований мало: входящих=1, исходящих=0, операций=2; выборка неполна. Приоритет: охват=0.262, структура=0.029, оборот=0.169"
1022,100000005723580100,peripheral,0.4603088708667321,"Гипотеза: оснований мало: входящих=1, исходящих=0, операций=1; граница depth=4. Приоритет: охват=0.277, структура=0.029, оборот=0.154"
1023,100000003069463100,peripheral,0.4602924091315431,"Гипотеза: оснований мало: входящих=1, исходящих=1, операций=2; выборка неполна. Приоритет: охват=0.262, структура=0.046, оборот=0.151"
1024,100000001785161100,peripheral,0.4601408239540793,"Гипотеза: оснований мало: входящих=2, исходящих=0, операций=2; выборка неполна. Приоритет: охват=0.262, структура=0.046, оборот=0.152"
1025,100000002695812100,peripheral,0.4601304803425412,"Гипотеза: оснований мало: входящих=1, исходящих=0, операций=1; граница depth=4. Приоритет: охват=0.262, структура=0.029, оборот=0.169"
1026,100000002705460100,peripheral,0.4601304803425412,"Гипотеза: оснований мало: входящих=1, исходящих=0, операций=1; выборка неполна. Приоритет: охват=0.262, структура=0.029, оборот=0.169"
1027,100000008050986100,peripheral,0.4601304803425412,"Гипотеза: оснований мало: входящих=1, исходящих=0, операций=2; граница depth=4. Приоритет: охват=0.262, структура=0.029, оборот=0.169"
1028,100000005782886100,peripheral,0.46012934276096557,"Гипотеза: оснований мало: входящих=1, исходящих=0, операций=1; граница depth=4. Приоритет: охват=0.291, структура=0.029, оборот=0.140"
1029,100000002015633100,peripheral,0.46012583377678884,"Гипотеза: оснований мало: входящих=1, исходящих=0, операций=1; выборка неполна. Приоритет: охват=0.262, структура=0.029, оборот=0.169"
1030,100000001276409100,peripheral,0.46009326666003647,"Гипотеза: оснований мало: входящих=1, исходящих=0, операций=1; граница depth=4. Приоритет: охват=0.262, структура=0.029, оборот=0.169"
1031,100000004360785100,peripheral,0.46008472525047506,"Гипотеза: оснований мало: входящих=1, исходящих=0, операций=1; выборка неполна. Приоритет: охват=0.262, структура=0.029, оборот=0.169"
1032,100000005974542100,peripheral,0.46005284532811963,"Гипотеза: оснований мало: входящих=1, исходящих=0, операций=3; выборка неполна. Приоритет: охват=0.262, структура=0.029, оборот=0.169"
1033,100000000917179100,peripheral,0.46004739550377366,"Гипотеза: оснований мало: входящих=1, исходящих=0, операций=2; выборка неполна. Приоритет: охват=0.262, структура=0.029, оборот=0.169"
1034,100000005567828100,peripheral,0.45997479845930056,"Гипотеза: оснований мало: входящих=1, исходящих=0, операций=1; граница depth=4. Приоритет: охват=0.262, структура=0.029, оборот=0.168"
1035,100000002597003100,peripheral,0.4599190304158196,"Гипотеза: оснований мало: входящих=1, исходящих=1, операций=2; выборка неполна. Приоритет: охват=0.262, структура=0.046, оборот=0.151"
1036,100000008406609100,peripheral,0.4598824198518138,"Гипотеза: оснований мало: входящих=1, исходящих=0, операций=1; выборка неполна. Приоритет: охват=0.277, структура=0.029, оборот=0.154"
1037,100000003060187100,peripheral,0.4598247265197828,"Гипотеза: оснований мало: входящих=1, исходящих=0, операций=1; выборка неполна. Приоритет: охват=0.262, структура=0.029, оборот=0.168"
1038,100000003163256100,peripheral,0.45980840787849364,"Гипотеза: оснований мало: входящих=1, исходящих=1, операций=2; выборка неполна. Приоритет: охват=0.262, структура=0.046, оборот=0.151"
1039,100000001380107100,peripheral,0.4596968929125749,"Гипотеза: оснований мало: входящих=1, исходящих=0, операций=1; выборка неполна. Приоритет: охват=0.303, структура=0.029, оборот=0.128"
1040,100000002779485100,peripheral,0.45949761725742055,"Гипотеза: оснований мало: входящих=1, исходящих=0, операций=2; выборка неполна. Приоритет: охват=0.262, структура=0.029, оборот=0.168"
1041,100000008501413100,peripheral,0.45946813023089195,"Гипотеза: оснований мало: входящих=1, исходящих=1, операций=2; выборка неполна. Приоритет: охват=0.277, структура=0.046, оборот=0.136"
1042,100000004526651100,peripheral,0.4594432374725203,"Гипотеза: оснований мало: входящих=1, исходящих=0, операций=1; граница depth=4. Приоритет: охват=0.277, структура=0.029, оборот=0.153"
1043,100000002208836100,peripheral,0.45933505434593763,"Гипотеза: оснований мало: входящих=1, исходящих=0, операций=1; граница depth=4. Приоритет: охват=0.262, структура=0.029, оборот=0.168"
1044,100000002284426100,peripheral,0.45933505434593763,"Гипотеза: оснований мало: входящих=1, исходящих=0, операций=2; выборка неполна. Приоритет: охват=0.262, структура=0.029, оборот=0.168"
1045,100000002487222100,peripheral,0.45933505434593763,"Гипотеза: оснований мало: входящих=1, исходящих=0, операций=2; граница depth=4. Приоритет: охват=0.262, структура=0.029, оборот=0.168"
1046,100000005061890100,peripheral,0.45933505434593763,"Гипотеза: оснований мало: входящих=1, исходящих=0, операций=1; выборка неполна. Приоритет: охват=0.262, структура=0.029, оборот=0.168"
1047,100000000945428100,peripheral,0.4592742837264844,"Гипотеза: оснований мало: входящих=1, исходящих=0, операций=1; выборка неполна. Приоритет: охват=0.262, структура=0.029, оборот=0.168"
1048,100000002983426100,peripheral,0.4591615807051969,"Гипотеза: оснований мало: входящих=1, исходящих=0, операций=1; выборка неполна. Приоритет: охват=0.262, структура=0.029, оборот=0.168"
1049,100000004580254100,peripheral,0.4590942805484003,"Гипотеза: оснований мало: входящих=2, исходящих=0, операций=2; выборка неполна. Приоритет: охват=0.262, структура=0.046, оборот=0.151"
1050,100000007997939100,peripheral,0.4590391503374235,"Гипотеза: оснований мало: входящих=1, исходящих=0, операций=1; граница depth=4. Приоритет: охват=0.291, структура=0.029, оборот=0.139"
1051,100000000749118100,peripheral,0.4589278266277822,"Гипотеза: оснований мало: входящих=1, исходящих=1, операций=2; выборка неполна. Приоритет: охват=0.262, структура=0.046, оборот=0.150"
1052,100000008422226100,peripheral,0.45891220116476455,"Гипотеза: оснований мало: входящих=1, исходящих=0, операций=1; выборка неполна. Приоритет: охват=0.262, структура=0.029, оборот=0.167"
1053,100000001697501100,distributor,0.4587380818728683,"Гипотеза: распределение: 38 получателей, макс. доля=16%; выборка неполна. Приоритет: охват=0.087, структура=0.161, оборот=0.210"
1054,100000007020162100,peripheral,0.458733638353776,"Гипотеза: оснований мало: входящих=1, исходящих=0, операций=1; выборка неполна. Приоритет: охват=0.262, структура=0.029, оборот=0.167"
1055,100000002791494100,peripheral,0.45864225255276636,"Гипотеза: оснований мало: входящих=1, исходящих=0, операций=1; граница depth=4. Приоритет: охват=0.262, структура=0.029, оборот=0.167"
1056,100000004467157100,peripheral,0.4585908191321545,"Гипотеза: оснований мало: входящих=1, исходящих=1, операций=4; выборка неполна. Приоритет: охват=0.262, структура=0.046, оборот=0.150"
1057,100000002653948100,peripheral,0.4585287271715507,"Гипотеза: оснований мало: входящих=1, исходящих=0, операций=1; выборка неполна. Приоритет: охват=0.262, структура=0.029, оборот=0.167"
1058,100000002926970100,peripheral,0.45849415187129716,"Гипотеза: оснований мало: входящих=1, исходящих=0, операций=1; выборка неполна. Приоритет: охват=0.262, структура=0.029, оборот=0.167"
1059,100000008735802100,peripheral,0.45849415187129716,"Гипотеза: оснований мало: входящих=1, исходящих=0, операций=2; граница depth=4. Приоритет: охват=0.262, структура=0.029, оборот=0.167"
1060,100000008737514100,peripheral,0.45849415187129716,"Гипотеза: оснований мало: входящих=1, исходящих=0, операций=1; выборка неполна. Приоритет: охват=0.262, структура=0.029, оборот=0.167"
1061,100000004386286100,peripheral,0.45846218218099555,"Гипотеза: оснований мало: входящих=1, исходящих=0, операций=1; граница depth=4. Приоритет: охват=0.291, структура=0.029, оборот=0.139"
1062,100000006595426100,peripheral,0.4584594951224572,"Гипотеза: оснований мало: входящих=1, исходящих=0, операций=3; выборка неполна. Приоритет: охват=0.262, структура=0.029, оборот=0.167"
1063,100000007484343100,peripheral,0.45845781703968164,"Гипотеза: оснований мало: входящих=2, исходящих=0, операций=2; выборка неполна. Приоритет: охват=0.262, структура=0.046, оборот=0.150"
1064,100000002628146100,peripheral,0.4582842531765239,"Гипотеза: оснований мало: входящих=1, исходящих=0, операций=2; выборка неполна. Приоритет: охват=0.277, структура=0.029, оборот=0.152"
1065,100000001046057100,peripheral,0.458218112244731,"Гипотеза: оснований мало: входящих=1, исходящих=0, операций=1; выборка неполна. Приоритет: охват=0.262, структура=0.029, оборот=0.167"
1066,100000002575080100,peripheral,0.45819316342004535,"Гипотеза: оснований мало: входящих=1, исходящих=1, операций=2; выборка неполна. Приоритет: охват=0.262, структура=0.046, оборот=0.149"
1067,100000003888197100,peripheral,0.45817342588703047,"Гипотеза: оснований мало: входящих=1, исходящих=0, операций=1; выборка неполна. Приоритет: охват=0.262, структура=0.029, оборот=0.167"
1068,100000008729597100,peripheral,0.4581597987062951,"Гипотеза: оснований мало: входящих=1, исходящих=0, операций=1; выборка неполна. Приоритет: охват=0.262, структура=0.029, оборот=0.167"
1069,100000007754369100,peripheral,0.45804140271052085,"Гипотеза: оснований мало: входящих=1, исходящих=0, операций=1; выборка неполна. Приоритет: охват=0.262, структура=0.029, оборот=0.167"
1070,100000008174521100,peripheral,0.4579852501371499,"Гипотеза: оснований мало: входящих=1, исходящих=0, операций=1; выборка неполна. Приоритет: охват=0.262, структура=0.029, оборот=0.166"
1071,100000002516862100,peripheral,0.45791340637697364,"Гипотеза: оснований мало: входящих=1, исходящих=0, операций=5; граница depth=4. Приоритет: охват=0.262, структура=0.029, оборот=0.166"
1072,100000008717375100,peripheral,0.4577968174235114,"Гипотеза: оснований мало: входящих=1, исходящих=0, операций=1; выборка неполна. Приоритет: охват=0.277, структура=0.029, оборот=0.151"
1073,100000004673335100,peripheral,0.45760225589809767,"Гипотеза: оснований мало: входящих=1, исходящих=0, операций=1; граница depth=4. Приоритет: охват=0.262, структура=0.029, оборот=0.166"
1074,100000003345947100,peripheral,0.457510018781615,"Гипотеза: оснований мало: входящих=1, исходящих=0, операций=6; граница depth=4. Приоритет: охват=0.262, структура=0.029, оборот=0.166"
1075,100000002613929100,peripheral,0.45731742284567756,"Гипотеза: оснований мало: входящих=1, исходящих=0, операций=1; выборка неполна. Приоритет: охват=0.277, структура=0.029, оборот=0.151"
1076,100000000926766100,peripheral,0.4573107610840923,"Гипотеза: оснований мало: входящих=1, исходящих=1, операций=2; выборка неполна. Приоритет: охват=0.262, структура=0.046, оборот=0.149"
1077,100000002593038100,peripheral,0.45728648394738813,"Гипотеза: оснований мало: входящих=1, исходящих=0, операций=1; выборка неполна. Приоритет: охват=0.277, структура=0.029, оборот=0.151"
1078,100000002119762100,peripheral,0.4570399542477708,"Гипотеза: оснований мало: входящих=1, исходящих=0, операций=6; граница depth=4. Приоритет: охват=0.262, структура=0.029, оборот=0.166"
1079,100000005628518100,peripheral,0.4570399542477708,"Гипотеза: оснований мало: входящих=1, исходящих=0, операций=3; выборка неполна. Приоритет: охват=0.262, структура=0.029, оборот=0.166"
1080,100000006523053100,peripheral,0.45701507643365424,"Гипотеза: оснований мало: входящих=1, исходящих=0, операций=1; выборка неполна. Приоритет: охват=0.303, структура=0.029, оборот=0.125"
1081,100000005878334100,peripheral,0.4569248681493955,"Гипотеза: оснований мало: входящих=1, исходящих=0, операций=2; граница depth=4. Приоритет: охват=0.262, структура=0.029, оборот=0.165"
1082,100000008474308100,peripheral,0.4568580683595119,"Гипотеза: оснований мало: входящих=1, исходящих=1, операций=3; выборка неполна. Приоритет: охват=0.262, структура=0.046, оборот=0.148"
1083,100000002729875100,peripheral,0.45684764086815105,"Гипотеза: оснований мало: входящих=1, исходящих=0, операций=1; граница depth=4. Приоритет: охват=0.262, структура=0.029, оборот=0.165"
1084,100000001835625100,peripheral,0.45667825856102146,"Гипотеза: оснований мало: входящих=1, исходящих=0, операций=1; выборка неполна. Приоритет: охват=0.262, структура=0.029, оборот=0.165"
1085,100000004500781100,peripheral,0.4564553040125803,"Гипотеза: оснований мало: входящих=1, исходящих=0, операций=5; граница depth=4. Приоритет: охват=0.262, структура=0.029, оборот=0.165"
1086,100000006952718100,peripheral,0.4559474321719943,"Гипотеза: оснований мало: входящих=1, исходящих=0, операций=1; выборка неполна. Приоритет: охват=0.262, структура=0.029, оборот=0.164"
1087,100000007793871100,peripheral,0.45593586492264265,"Гипотеза: оснований мало: входящих=1, исходящих=0, операций=3; выборка неполна. Приоритет: охват=0.277, структура=0.029, оборот=0.150"
1088,100000001052789100,peripheral,0.45584127381306583,"Гипотеза: оснований мало: входящих=1, исходящих=0, операций=1; выборка неполна. Приоритет: охват=0.262, структура=0.029, оборот=0.164"
1089,100000001853812100,peripheral,0.4556377741477218,"Гипотеза: оснований мало: входящих=1, исходящих=0, операций=1; выборка неполна. Приоритет: охват=0.262, структура=0.029, оборот=0.164"
1090,100000002968096100,peripheral,0.4556377741477218,"Гипотеза: оснований мало: входящих=1, исходящих=0, операций=1; граница depth=4. Приоритет: охват=0.262, структура=0.029, оборот=0.164"
1091,100000003610172100,peripheral,0.4556377741477218,"Гипотеза: оснований мало: входящих=1, исходящих=0, операций=1; выборка неполна. Приоритет: охват=0.262, структура=0.029, оборот=0.164"
1092,100000006257675100,peripheral,0.4556377741477218,"Гипотеза: оснований мало: входящих=1, исходящих=0, операций=2; граница depth=4. Приоритет: охват=0.262, структура=0.029, оборот=0.164"
1093,100000008027922100,peripheral,0.4556377741477218,"Гипотеза: оснований мало: входящих=1, исходящих=0, операций=1; граница depth=4. Приоритет: охват=0.262, структура=0.029, оборот=0.164"
1094,100000008349740100,peripheral,0.4556377741477218,"Гипотеза: оснований мало: входящих=1, исходящих=0, операций=2; граница depth=4. Приоритет: охват=0.262, структура=0.029, оборот=0.164"
1095,100000004192107100,peripheral,0.4553588741350993,"Гипотеза: оснований мало: входящих=1, исходящих=0, операций=1; выборка неполна. Приоритет: охват=0.277, структура=0.029, оборот=0.149"
1096,100000003133045100,peripheral,0.455211316951578,"Гипотеза: оснований мало: входящих=1, исходящих=0, операций=1; граница depth=4. Приоритет: охват=0.262, структура=0.029, оборот=0.164"
1097,100000000912487100,peripheral,0.4551795982040373,"Гипотеза: оснований мало: входящих=1, исходящих=0, операций=1; выборка неполна. Приоритет: охват=0.291, структура=0.029, оборот=0.136"
1098,100000001202637100,peripheral,0.4551795982040373,"Гипотеза: оснований мало: входящих=1, исходящих=0, операций=1; граница depth=4. Приоритет: охват=0.291, структура=0.029, оборот=0.136"
1099,100000002540033100,peripheral,0.4551795982040373,"Гипотеза: оснований мало: входящих=1, исходящих=0, операций=1; граница depth=4. Приоритет: охват=0.291, структура=0.029, оборот=0.136"
1100,100000003904497100,peripheral,0.4551795982040373,"Гипотеза: оснований мало: входящих=1, исходящих=0, операций=1; граница depth=4. Приоритет: охват=0.291, структура=0.029, оборот=0.136"
1101,100000008767065100,peripheral,0.4551795982040373,"Гипотеза: оснований мало: входящих=1, исходящих=0, операций=1; выборка неполна. Приоритет: охват=0.291, структура=0.029, оборот=0.136"
1102,100000004747154100,peripheral,0.4549933612850847,"Гипотеза: оснований мало: входящих=1, исходящих=0, операций=1; граница depth=4. Приоритет: охват=0.262, структура=0.029, оборот=0.163"
1103,100000002778085100,peripheral,0.45481841936276346,"Гипотеза: оснований мало: входящих=1, исходящих=0, операций=1; выборка неполна. Приоритет: охват=0.262, структура=0.029, оборот=0.163"
1104,100000002236528100,peripheral,0.4547721280164478,"Гипотеза: оснований мало: входящих=1, исходящих=0, операций=1; выборка неполна. Приоритет: охват=0.262, структура=0.029, оборот=0.163"
1105,100000005186131100,peripheral,0.4546058118910297,"Гипотеза: оснований мало: входящих=1, исходящих=1, операций=2; выборка неполна. Приоритет: охват=0.262, структура=0.046, оборот=0.146"
1106,100000002511825100,peripheral,0.4545475170619953,"Гипотеза: оснований мало: входящих=1, исходящих=0, операций=1; выборка неполна. Приоритет: охват=0.262, структура=0.029, оборот=0.163"
1107,100000002599729100,peripheral,0.4545475170619953,"Гипотеза: оснований мало: входящих=1, исходящих=0, операций=2; граница depth=4. Приоритет: охват=0.262, структура=0.029, оборот=0.163"
1108,100000003066385100,peripheral,0.4541758841659533,"Гипотеза: оснований мало: входящих=2, исходящих=0, операций=2; выборка неполна. Приоритет: охват=0.262, структура=0.046, оборот=0.146"
1109,100000004629688100,peripheral,0.4541758841659533,"Гипотеза: оснований мало: входящих=1, исходящих=1, операций=3; выборка неполна. Приоритет: охват=0.262, структура=0.046, оборот=0.146"
1110,100000001386612100,peripheral,0.4539148560922895,"Гипотеза: оснований мало: входящих=1, исходящих=0, операций=1; выборка неполна. Приоритет: охват=0.262, структура=0.029, оборот=0.162"
1111,100000005979037100,peripheral,0.45344332637390306,"Гипотеза: оснований мало: входящих=1, исходящих=0, операций=1; граница depth=4. Приоритет: охват=0.262, структура=0.029, оборот=0.162"
1112,100000001733216100,peripheral,0.4533699511007109,"Гипотеза: оснований мало: входящих=1, исходящих=0, операций=2; граница depth=4. Приоритет: охват=0.262, структура=0.029, оборот=0.162"
1113,100000001816678100,peripheral,0.4533699511007109,"Гипотеза: оснований мало: входящих=1, исходящих=0, операций=1; граница depth=4. Приоритет: охват=0.262, структура=0.029, оборот=0.162"
1114,100000002242066100,peripheral,0.4533699511007109,"Гипотеза: оснований мало: входящих=1, исходящих=0, операций=1; граница depth=4. Приоритет: охват=0.262, структура=0.029, оборот=0.162"
1115,100000002404112100,peripheral,0.4533699511007109,"Гипотеза: оснований мало: входящих=1, исходящих=0, операций=1; граница depth=4. Приоритет: охват=0.262, структура=0.029, оборот=0.162"
1116,100000002505277100,peripheral,0.4533699511007109,"Гипотеза: оснований мало: входящих=1, исходящих=0, операций=1; граница depth=4. Приоритет: охват=0.262, структура=0.029, оборот=0.162"
1117,100000003192220100,peripheral,0.4533699511007109,"Гипотеза: оснований мало: входящих=1, исходящих=0, операций=2; выборка неполна. Приоритет: охват=0.262, структура=0.029, оборот=0.162"
1118,100000004326224100,peripheral,0.4533699511007109,"Гипотеза: оснований мало: входящих=1, исходящих=0, операций=1; граница depth=4. Приоритет: охват=0.262, структура=0.029, оборот=0.162"
1119,100000004777215100,peripheral,0.4533699511007109,"Гипотеза: оснований мало: входящих=1, исходящих=0, операций=1; граница depth=4. Приоритет: охват=0.262, структура=0.029, оборот=0.162"
1120,100000007042175100,peripheral,0.4533699511007109,"Гипотеза: оснований мало: входящих=1, исходящих=0, операций=1; граница depth=4. Приоритет: охват=0.262, структура=0.029, оборот=0.162"
1121,100000003561031100,peripheral,0.45329899928195916,"Гипотеза: оснований мало: входящих=1, исходящих=1, операций=2; выборка неполна. Приоритет: охват=0.262, структура=0.046, оборот=0.144"
1122,100000008669310100,peripheral,0.4532633966434151,"Гипотеза: оснований мало: входящих=1, исходящих=0, операций=2; выборка неполна. Приоритет: охват=0.262, структура=0.029, оборот=0.162"
1123,100000001805543100,peripheral,0.45312268966530345,"Гипотеза: оснований мало: входящих=1, исходящих=0, операций=1; выборка неполна. Приоритет: охват=0.262, структура=0.029, оборот=0.162"
1124,100000008757301100,peripheral,0.45297180933554426,"Гипотеза: оснований мало: входящих=1, исходящих=0, операций=3; граница depth=4. Приоритет: охват=0.262, структура=0.029, оборот=0.161"
1125,100000008701256100,peripheral,0.4529344776474167,"Гипотеза: оснований мало: входящих=1, исходящих=0, операций=1; выборка неполна. Приоритет: охват=0.262, структура=0.029, оборот=0.161"
1126,100000008672603100,peripheral,0.45293335105648314,"Гипотеза: оснований мало: входящих=1, исходящих=0, операций=1; выборка неполна. Приоритет: охват=0.277, структура=0.029, оборот=0.147"
1127,100000003247600100,peripheral,0.45287120140682624,"Гипотеза: оснований мало: входящих=1, исходящих=0, операций=1; граница depth=4. Приоритет: охват=0.262, структура=0.029, оборот=0.161"
1128,100000004908173100,peripheral,0.45279390679787995,"Гипотеза: оснований мало: входящих=1, исходящих=0, операций=1; граница depth=4. Приоритет: охват=0.277, структура=0.029, оборот=0.146"
1129,100000000942301100,peripheral,0.45276428079861075,"Гипотеза: оснований мало: входящих=1, исходящих=0, операций=2; выборка неполна. Приоритет: охват=0.262, структура=0.029, оборот=0.161"
1130,100000002845605100,peripheral,0.45276095892115586,"Гипотеза: оснований мало: входящих=1, исходящих=0, операций=1; выборка неполна. Приоритет: охват=0.262, структура=0.029, оборот=0.161"
1131,100000002380341100,peripheral,0.45276080558562537,"Гипотеза: оснований мало: входящих=1, исходящих=0, операций=1; выборка неполна. Приоритет: охват=0.262, структура=0.029, оборот=0.161"
1132,100000002752565100,peripheral,0.45261533929697384,"Гипотеза: оснований мало: входящих=1, исходящих=0, операций=1; граница depth=4. Приоритет: охват=0.262, структура=0.029, оборот=0.161"
1133,100000003971049100,peripheral,0.4523286541347612,"Гипотеза: оснований мало: входящих=1, исходящих=0, операций=7; выборка неполна. Приоритет: охват=0.262, структура=0.029, оборот=0.161"
1134,100000002891765100,peripheral,0.4522431361440669,"Гипотеза: оснований мало: входящих=1, исходящих=0, операций=1; выборка неполна. Приоритет: охват=0.262, структура=0.029, оборот=0.161"
1135,100000001379511100,peripheral,0.4520898658098146,"Гипотеза: оснований мало: входящих=1, исходящих=0, операций=1; выборка неполна. Приоритет: охват=0.262, структура=0.029, оборот=0.161"
1136,100000002217806100,peripheral,0.4520898658098146,"Гипотеза: оснований мало: входящих=1, исходящих=0, операций=2; граница depth=4. Приоритет: охват=0.262, структура=0.029, оборот=0.161"
1137,100000002852402100,peripheral,0.4520898658098146,"Гипотеза: оснований мало: входящих=1, исходящих=0, операций=1; выборка неполна. Приоритет: охват=0.262, структура=0.029, оборот=0.161"
1138,100000006126743100,peripheral,0.4520898658098146,"Гипотеза: оснований мало: входящих=1, исходящих=0, операций=1; выборка неполна. Приоритет: охват=0.262, структура=0.029, оборот=0.161"
1139,100000008259451100,peripheral,0.4520898658098146,"Гипотеза: оснований мало: входящих=1, исходящих=0, операций=1; выборка неполна. Приоритет: охват=0.262, структура=0.029, оборот=0.161"
1140,100000004571634100,peripheral,0.45207614305843646,"Гипотеза: оснований мало: входящих=1, исходящих=0, операций=1; граница depth=4. Приоритет: охват=0.277, структура=0.029, оборот=0.146"
1141,100000002807334100,peripheral,0.4520134343179947,"Гипотеза: оснований мало: входящих=1, исходящих=0, операций=1; выборка неполна. Приоритет: охват=0.262, структура=0.029, оборот=0.161"
1142,100000008405209100,peripheral,0.45192849284915165,"Гипотеза: оснований мало: входящих=1, исходящих=0, операций=1; выборка неполна. Приоритет: охват=0.262, структура=0.029, оборот=0.160"
1143,100000004410489100,peripheral,0.4518199190358603,"Гипотеза: оснований мало: входящих=1, исходящих=0, операций=1; выборка неполна. Приоритет: охват=0.262, структура=0.029, оборот=0.160"
1144,100000001530709100,peripheral,0.45180929009218307,"Гипотеза: оснований мало: входящих=1, исходящих=0, операций=1; выборка неполна. Приоритет: охват=0.262, структура=0.029, оборот=0.160"
1145,100000008459449100,peripheral,0.4517379595861999,"Гипотеза: оснований мало: входящих=1, исходящих=0, операций=1; выборка неполна. Приоритет: охват=0.262, структура=0.029, оборот=0.160"
1146,100000000533217100,peripheral,0.4517069694253497,"Гипотеза: оснований мало: входящих=1, исходящих=0, операций=1; выборка неполна. Приоритет: охват=0.262, структура=0.029, оборот=0.160"
1147,100000001677389100,peripheral,0.45168637180407245,"Гипотеза: оснований мало: входящих=1, исходящих=1, операций=2; выборка неполна. Приоритет: охват=0.262, структура=0.046, оборот=0.143"
1148,100000004984689100,peripheral,0.4515532513404864,"Гипотеза: оснований мало: входящих=1, исходящих=0, операций=1; выборка неполна. Приоритет: охват=0.262, структура=0.029, оборот=0.160"
1149,100000001241318100,peripheral,0.45154492633100507,"Гипотеза: оснований мало: входящих=1, исходящих=0, операций=1; выборка неполна. Приоритет: охват=0.262, структура=0.029, оборот=0.160"
1150,100000003207060100,peripheral,0.45154492633100507,"Гипотеза: оснований мало: входящих=1, исходящих=0, операций=1; граница depth=4. Приоритет: охват=0.262, структура=0.029, оборот=0.160"
1151,100000003097947100,peripheral,0.45153937370639424,"Гипотеза: оснований мало: входящих=1, исходящих=0, операций=1; граница depth=4. Приоритет: охват=0.262, структура=0.029, оборот=0.160"
1152,100000006894637100,peripheral,0.45149794055646086,"Гипотеза: оснований мало: входящих=1, исходящих=0, операций=1; выборка неполна. Приоритет: охват=0.262, структура=0.029, оборот=0.160"
1153,100000001229743100,peripheral,0.4513231175905341,"Гипотеза: оснований мало: входящих=1, исходящих=1, операций=2; выборка неполна. Приоритет: охват=0.262, структура=0.046, оборот=0.142"
1154,100000007510567100,peripheral,0.4512646954558571,"Гипотеза: оснований мало: входящих=1, исходящих=0, операций=1; граница depth=4. Приоритет: охват=0.262, структура=0.029, оборот=0.160"
1155,100000004336228100,peripheral,0.45109596186872947,"Гипотеза: оснований мало: входящих=1, исходящих=0, операций=2; выборка неполна. Приоритет: охват=0.262, структура=0.029, оборот=0.160"
1156,100000002990675100,peripheral,0.45102021561200967,"Гипотеза: оснований мало: входящих=1, исходящих=0, операций=1; выборка неполна. Приоритет: охват=0.262, структура=0.029, оборот=0.160"
1157,100000002489253100,peripheral,0.45097902297146275,"Гипотеза: оснований мало: входящих=1, исходящих=0, операций=1; выборка неполна. Приоритет: охват=0.262, структура=0.029, оборот=0.159"
1158,100000004066647100,peripheral,0.45097902297146275,"Гипотеза: оснований мало: входящих=1, исходящих=0, операций=1; выборка неполна. Приоритет: охват=0.262, структура=0.029, оборот=0.159"
1159,100000002567887100,peripheral,0.4509544830697625,"Гипотеза: оснований мало: входящих=1, исходящих=0, операций=1; выборка неполна. Приоритет: охват=0.262, структура=0.029, оборот=0.159"
1160,100000006714366100,peripheral,0.45085606178566856,"Гипотеза: оснований мало: входящих=1, исходящих=1, операций=2; выборка неполна. Приоритет: охват=0.262, структура=0.046, оборот=0.142"
1161,100000008043184100,peripheral,0.45085271195446686,"Гипотеза: оснований мало: входящих=1, исходящих=0, операций=1; выборка неполна. Приоритет: охват=0.262, структура=0.029, оборот=0.159"
1162,100000003899325100,peripheral,0.4507229590401287,"Гипотеза: оснований мало: входящих=1, исходящих=0, операций=1; выборка неполна. Приоритет: охват=0.262, структура=0.029, оборот=0.159"
1163,100000000795374100,peripheral,0.45068769335209014,"Гипотеза: оснований мало: входящих=1, исходящих=0, операций=1; выборка неполна. Приоритет: охват=0.262, структура=0.029, оборот=0.159"
1164,100000001550388100,peripheral,0.45068769335209014,"Гипотеза: оснований мало: входящих=1, исходящих=0, операций=1; выборка неполна. Приоритет: охват=0.262, структура=0.029, оборот=0.159"
1165,100000001745217100,peripheral,0.45068769335209014,"Гипотеза: оснований мало: входящих=1, исходящих=0, операций=1; выборка неполна. Приоритет: охват=0.262, структура=0.029, оборот=0.159"
1166,100000002713974100,peripheral,0.45068769335209014,"Гипотеза: оснований мало: входящих=1, исходящих=0, операций=1; граница depth=4. Приоритет: охват=0.262, структура=0.029, оборот=0.159"
1167,100000003293377100,peripheral,0.45068769335209014,"Гипотеза: оснований мало: входящих=1, исходящих=0, операций=1; выборка неполна. Приоритет: охват=0.262, структура=0.029, оборот=0.159"
1168,100000003711830100,peripheral,0.45068769335209014,"Гипотеза: оснований мало: входящих=1, исходящих=0, операций=1; выборка неполна. Приоритет: охват=0.262, структура=0.029, оборот=0.159"
1169,100000004019056100,peripheral,0.45068769335209014,"Гипотеза: оснований мало: входящих=1, исходящих=0, операций=1; граница depth=4. Приоритет: охват=0.262, структура=0.029, оборот=0.159"
1170,100000005142589100,peripheral,0.45068769335209014,"Гипотеза: оснований мало: входящих=1, исходящих=0, операций=2; выборка неполна. Приоритет: охват=0.262, структура=0.029, оборот=0.159"
1171,100000005189258100,peripheral,0.45068769335209014,"Гипотеза: оснований мало: входящих=1, исходящих=0, операций=1; граница depth=4. Приоритет: охват=0.262, структура=0.029, оборот=0.159"
1172,100000006248077100,peripheral,0.45068769335209014,"Гипотеза: оснований мало: входящих=1, исходящих=0, операций=1; выборка неполна. Приоритет: охват=0.262, структура=0.029, оборот=0.159"
1173,100000006687202100,peripheral,0.45068769335209014,"Гипотеза: оснований мало: входящих=1, исходящих=0, операций=1; выборка неполна. Приоритет: охват=0.262, структура=0.029, оборот=0.159"
1174,100000007731977100,peripheral,0.45068769335209014,"Гипотеза: оснований мало: входящих=1, исходящих=0, операций=1; граница depth=4. Приоритет: охват=0.262, структура=0.029, оборот=0.159"
1175,100000007811950100,peripheral,0.45068769335209014,"Гипотеза: оснований мало: входящих=1, исходящих=0, операций=1; граница depth=4. Приоритет: охват=0.262, структура=0.029, оборот=0.159"
1176,100000008308418100,peripheral,0.45068769335209014,"Гипотеза: оснований мало: входящих=1, исходящих=0, операций=1; граница depth=4. Приоритет: охват=0.262, структура=0.029, оборот=0.159"
1177,100000000507799100,peripheral,0.4505666814353926,"Гипотеза: оснований мало: входящих=1, исходящих=1, операций=2; выборка неполна. Приоритет: охват=0.262, структура=0.049, оборот=0.140"
1178,100000002723439100,peripheral,0.45052616547847896,"Гипотеза: оснований мало: входящих=1, исходящих=0, операций=2; граница depth=4. Приоритет: охват=0.277, структура=0.029, оборот=0.144"
1179,100000002971593100,peripheral,0.4504054822486183,"Гипотеза: оснований мало: входящих=1, исходящих=0, операций=1; граница depth=4. Приоритет: охват=0.262, структура=0.029, оборот=0.159"
1180,100000003568904100,peripheral,0.4503904780083804,"Гипотеза: оснований мало: входящих=1, исходящих=0, операций=1; граница depth=4. Приоритет: охват=0.262, структура=0.029, оборот=0.159"
1181,100000004549591100,peripheral,0.4503904780083804,"Гипотеза: оснований мало: входящих=1, исходящих=0, операций=1; граница depth=4. Приоритет: охват=0.262, структура=0.029, оборот=0.159"
1182,100000004261340100,peripheral,0.4502395879207197,"Гипотеза: оснований мало: входящих=1, исходящих=0, операций=4; граница depth=4. Приоритет: охват=0.262, структура=0.029, оборот=0.159"
1183,100000006527156100,peripheral,0.4502395879207197,"Гипотеза: оснований мало: входящих=1, исходящих=0, операций=1; граница depth=4. Приоритет: охват=0.262, структура=0.029, оборот=0.159"
1184,100000001597424100,peripheral,0.450117751598949,"Гипотеза: оснований мало: входящих=1, исходящих=0, операций=1; выборка неполна. Приоритет: охват=0.262, структура=0.029, оборот=0.159"
1185,100000002952631100,peripheral,0.4501024508691784,"Гипотеза: оснований мало: входящих=1, исходящих=0, операций=1; выборка неполна. Приоритет: охват=0.262, структура=0.029, оборот=0.159"
1186,100000002689717100,peripheral,0.449933084129301,"Гипотеза: оснований мало: входящих=1, исходящих=0, операций=1; граница depth=4. Приоритет: охват=0.262, структура=0.029, оборот=0.158"
1187,100000002750956100,peripheral,0.4499070447130237,"Гипотеза: оснований мало: входящих=1, исходящих=0, операций=1; выборка неполна. Приоритет: охват=0.262, структура=0.029, оборот=0.158"
1188,100000002862113100,peripheral,0.44990363137405065,"Гипотеза: оснований мало: входящих=1, исходящих=0, операций=2; выборка неполна. Приоритет: охват=0.262, структура=0.029, оборот=0.158"
1189,100000001160401100,peripheral,0.44983675660921774,"Гипотеза: оснований мало: входящих=1, исходящих=0, операций=2; выборка неполна. Приоритет: охват=0.262, структура=0.029, оборот=0.158"
1190,100000004291560100,peripheral,0.44983675660921774,"Гипотеза: оснований мало: входящих=1, исходящих=0, операций=1; выборка неполна. Приоритет: охват=0.262, структура=0.029, оборот=0.158"
1191,100000001202787100,peripheral,0.4497959130584804,"Гипотеза: оснований мало: входящих=2, исходящих=0, операций=2; граница depth=4. Приоритет: охват=0.262, структура=0.046, оборот=0.141"
1192,100000008748795100,peripheral,0.44979523486373296,"Гипотеза: оснований мало: входящих=1, исходящих=0, операций=1; выборка неполна. Приоритет: охват=0.262, структура=0.029, оборот=0.158"
1193,100000000878006100,peripheral,0.44977834290458096,"Гипотеза: оснований мало: входящих=1, исходящих=0, операций=1; выборка неполна. Приоритет: охват=0.262, структура=0.029, оборот=0.158"
1194,100000004584730100,peripheral,0.4497774038934836,"Гипотеза: оснований мало: входящих=1, исходящих=0, операций=1; граница depth=4. Приоритет: охват=0.262, структура=0.029, оборот=0.158"
1195,100000002301828100,peripheral,0.4497702028165812,"Гипотеза: оснований мало: входящих=1, исходящих=0, операций=1; выборка неполна. Приоритет: охват=0.262, структура=0.029, оборот=0.158"
1196,100000008071620100,peripheral,0.4497673840441314,"Гипотеза: оснований мало: входящих=1, исходящих=0, операций=1; выборка неполна. Приоритет: охват=0.262, структура=0.029, оборот=0.158"
1197,100000002838519100,peripheral,0.4497460691787287,"Гипотеза: оснований мало: входящих=1, исходящих=0, операций=1; выборка неполна. Приоритет: охват=0.262, структура=0.029, оборот=0.158"
1198,100000002703376100,peripheral,0.4496203750083998,"Гипотеза: оснований мало: входящих=1, исходящих=0, операций=1; выборка неполна. Приоритет: охват=0.262, структура=0.029, оборот=0.158"
1199,100000001549194100,peripheral,0.44962005863244714,"Гипотеза: оснований мало: входящих=1, исходящих=0, операций=1; выборка неполна. Приоритет: охват=0.262, структура=0.029, оборот=0.158"
1200,100000008628818100,peripheral,0.4495598234125662,"Гипотеза: оснований мало: входящих=1, исходящих=0, операций=1; граница depth=4. Приоритет: охват=0.262, структура=0.029, оборот=0.158"
1201,100000000790311100,peripheral,0.4495566462959031,"Гипотеза: оснований мало: входящих=1, исходящих=0, операций=1; выборка неполна. Приоритет: охват=0.262, структура=0.029, оборот=0.158"
1202,100000007539296100,peripheral,0.44946101234538416,"Гипотеза: оснований мало: входящих=1, исходящих=0, операций=2; граница depth=4. Приоритет: охват=0.262, структура=0.029, оборот=0.158"
1203,100000002232266100,peripheral,0.44913766673590144,"Гипотеза: оснований мало: входящих=1, исходящих=0, операций=1; выборка неполна. Приоритет: охват=0.262, структура=0.029, оборот=0.158"
1204,100000002896506100,peripheral,0.44913766673590144,"Гипотеза: оснований мало: входящих=1, исходящих=0, операций=1; граница depth=4. Приоритет: охват=0.262, структура=0.029, оборот=0.158"
1205,100000003061115100,peripheral,0.44913766673590144,"Гипотеза: оснований мало: входящих=1, исходящих=0, операций=1; граница depth=4. Приоритет: охват=0.262, структура=0.029, оборот=0.158"
1206,100000004991593100,peripheral,0.44913766673590144,"Гипотеза: оснований мало: входящих=1, исходящих=0, операций=2; граница depth=4. Приоритет: охват=0.262, структура=0.029, оборот=0.158"
1207,100000007153161100,peripheral,0.44913668592791234,"Гипотеза: оснований мало: входящих=1, исходящих=0, операций=1; граница depth=4. Приоритет: охват=0.262, структура=0.029, оборот=0.158"
1208,100000008432942100,peripheral,0.44898716788005605,"Гипотеза: оснований мало: входящих=1, исходящих=0, операций=2; выборка неполна. Приоритет: охват=0.262, структура=0.029, оборот=0.157"
1209,100000008251939100,peripheral,0.448926932574592,"Гипотеза: оснований мало: входящих=1, исходящих=0, операций=1; граница depth=4. Приоритет: охват=0.262, структура=0.029, оборот=0.157"
1210,100000005754335100,peripheral,0.44881942042958933,"Гипотеза: оснований мало: входящих=1, исходящих=0, операций=1; выборка неполна. Приоритет: охват=0.262, структура=0.029, оборот=0.157"
1211,100000003232675100,peripheral,0.44880705449136926,"Гипотеза: оснований мало: входящих=1, исходящих=0, операций=2; граница depth=4. Приоритет: охват=0.262, структура=0.029, оборот=0.157"
1212,100000002371892100,peripheral,0.4487501040472296,"Гипотеза: оснований мало: входящих=1, исходящих=0, операций=1; граница depth=4. Приоритет: охват=0.262, структура=0.029, оборот=0.157"
1213,100000002938501100,peripheral,0.4486803262525109,"Гипотеза: оснований мало: входящих=1, исходящих=1, операций=2; выборка неполна. Приоритет: охват=0.262, структура=0.046, оборот=0.140"
1214,100000001164648100,peripheral,0.4485671389037906,"Гипотеза: оснований мало: входящих=2, исходящих=0, операций=2; выборка неполна. Приоритет: охват=0.262, структура=0.046, оборот=0.140"
1215,100000008460102100,distributor,0.44856405711551917,"Гипотеза: распределение: 31 получателей, макс. доля=22%; выборка неполна. Приоритет: охват=0.087, структура=0.168, оборот=0.193"
1216,100000005008589100,peripheral,0.44840255167584864,"Гипотеза: оснований мало: входящих=1, исходящих=0, операций=1; выборка неполна. Приоритет: охват=0.262, структура=0.029, оборот=0.157"
1217,100000003581109100,peripheral,0.44838305923373434,"Гипотеза: оснований мало: входящих=1, исходящих=0, операций=1; выборка неполна. Приоритет: охват=0.262, структура=0.029, оборот=0.157"
1218,100000002182176100,peripheral,0.4482846534415533,"Гипотеза: оснований мало: входящих=1, исходящих=0, операций=1; выборка неполна. Приоритет: охват=0.262, структура=0.029, оборот=0.157"
1219,100000008297199100,peripheral,0.4482162458030252,"Гипотеза: оснований мало: входящих=1, исходящих=0, операций=1; выборка неполна. Приоритет: охват=0.262, структура=0.029, оборот=0.157"
1220,100000001818442100,peripheral,0.44819778728874404,"Гипотеза: оснований мало: входящих=1, исходящих=0, операций=1; выборка неполна. Приоритет: охват=0.262, структура=0.029, оборот=0.157"
1221,100000007867364100,peripheral,0.4480707375236854,"Гипотеза: оснований мало: входящих=1, исходящих=0, операций=1; граница depth=4. Приоритет: охват=0.262, структура=0.029, оборот=0.157"
1222,100000006490615100,peripheral,0.44798188799528005,"Гипотеза: оснований мало: входящих=1, исходящих=0, операций=6; граница depth=4. Приоритет: охват=0.262, структура=0.029, оборот=0.156"
1223,100000006048193100,peripheral,0.44796738142946785,"Гипотеза: оснований мало: входящих=1, исходящих=0, операций=1; выборка неполна. Приоритет: охват=0.262, структура=0.029, оборот=0.156"
1224,100000008680061100,peripheral,0.4478754103186341,"Гипотеза: оснований мало: входящих=1, исходящих=0, операций=2; граница depth=4. Приоритет: охват=0.262, структура=0.029, оборот=0.156"
1225,100000002653187100,peripheral,0.4478440221470956,"Гипотеза: оснований мало: входящих=1, исходящих=0, операций=1; граница depth=4. Приоритет: охват=0.277, структура=0.029, оборот=0.141"
1226,100000004674389100,peripheral,0.4478440221470956,"Гипотеза: оснований мало: входящих=1, исходящих=0, операций=1; граница depth=4. Приоритет: охват=0.277, структура=0.029, оборот=0.141"
1227,100000002748581100,peripheral,0.4478326025300464,"Гипотеза: оснований мало: входящих=1, исходящих=0, операций=1; выборка неполна. Приоритет: охват=0.262, структура=0.029, оборот=0.156"
1228,100000008331280100,peripheral,0.44776815638904355,"Гипотеза: оснований мало: входящих=1, исходящих=0, операций=2; граница depth=4. Приоритет: охват=0.262, структура=0.029, оборот=0.156"
1229,100000000408846100,peripheral,0.4475876437521326,"Гипотеза: оснований мало: входящих=1, исходящих=0, операций=1; выборка неполна. Приоритет: охват=0.262, структура=0.029, оборот=0.156"
1230,100000003831201100,peripheral,0.4475876437521326,"Гипотеза: оснований мало: входящих=1, исходящих=0, операций=3; выборка неполна. Приоритет: охват=0.262, структура=0.029, оборот=0.156"
1231,100000004890713100,peripheral,0.44758219400469246,"Гипотеза: оснований мало: входящих=1, исходящих=0, операций=1; граница depth=4. Приоритет: охват=0.262, структура=0.029, оборот=0.156"
1232,100000004979283100,peripheral,0.4474533570360913,"Гипотеза: оснований мало: входящих=1, исходящих=0, операций=1; выборка неполна. Приоритет: охват=0.262, структура=0.029, оборот=0.156"
1233,100000001220124100,peripheral,0.44740488872061057,"Гипотеза: оснований мало: входящих=1, исходящих=0, операций=1; граница depth=4. Приоритет: охват=0.262, структура=0.029, оборот=0.156"
1234,100000003091142100,peripheral,0.44740488872061057,"Гипотеза: оснований мало: входящих=1, исходящих=0, операций=1; граница depth=4. Приоритет: охват=0.262, структура=0.029, оборот=0.156"
1235,100000003289281100,peripheral,0.44740488872061057,"Гипотеза: оснований мало: входящих=1, исходящих=0, операций=1; граница depth=4. Приоритет: охват=0.262, структура=0.029, оборот=0.156"
1236,100000003943247100,peripheral,0.44740488872061057,"Гипотеза: оснований мало: входящих=1, исходящих=0, операций=1; выборка неполна. Приоритет: охват=0.262, структура=0.029, оборот=0.156"
1237,100000006351075100,peripheral,0.44740488872061057,"Гипотеза: оснований мало: входящих=1, исходящих=0, операций=2; граница depth=4. Приоритет: охват=0.262, структура=0.029, оборот=0.156"
1238,100000002951898100,peripheral,0.447401210363665,"Гипотеза: оснований мало: входящих=1, исходящих=0, операций=1; выборка неполна. Приоритет: охват=0.262, структура=0.029, оборот=0.156"
1239,100000008686234100,peripheral,0.44732301199104263,"Гипотеза: оснований мало: входящих=1, исходящих=0, операций=1; выборка неполна. Приоритет: охват=0.262, структура=0.029, оборот=0.156"
1240,100000007618425100,peripheral,0.4471631140153738,"Гипотеза: оснований мало: входящих=1, исходящих=0, операций=1; выборка неполна. Приоритет: охват=0.262, структура=0.029, оборот=0.156"
1241,100000005079473100,peripheral,0.4471496480352044,"Гипотеза: оснований мало: входящих=1, исходящих=0, операций=1; граница depth=4. Приоритет: охват=0.262, структура=0.029, оборот=0.156"
1242,100000004488265100,peripheral,0.44693401809473354,"Гипотеза: оснований мало: входящих=1, исходящих=0, операций=1; выборка неполна. Приоритет: охват=0.262, структура=0.029, оборот=0.155"
1243,100000008710913100,peripheral,0.4468290720845237,"Гипотеза: оснований мало: входящих=1, исходящих=0, операций=1; граница depth=4. Приоритет: охват=0.277, структура=0.029, оборот=0.140"
1244,100000002188586100,peripheral,0.4467698119246077,"Гипотеза: оснований мало: входящих=1, исходящих=0, операций=1; граница depth=4. Приоритет: охват=0.262, структура=0.029, оборот=0.155"
1245,100000002809896100,peripheral,0.4466502833692101,"Гипотеза: оснований мало: входящих=1, исходящих=0, операций=1; выборка неполна. Приоритет: охват=0.262, структура=0.029, оборот=0.155"
1246,100000004664515100,peripheral,0.4465301660593026,"Гипотеза: оснований мало: входящих=1, исходящих=0, операций=1; выборка неполна. Приоритет: охват=0.262, структура=0.029, оборот=0.155"
1247,100000004713684100,peripheral,0.4464554253331997,"Гипотеза: оснований мало: входящих=1, исходящих=0, операций=1; выборка неполна. Приоритет: охват=0.262, структура=0.029, оборот=0.155"
1248,100000003109805100,peripheral,0.44622969433707593,"Гипотеза: оснований мало: входящих=1, исходящих=0, операций=1; выборка неполна. Приоритет: охват=0.262, структура=0.029, оборот=0.155"
1249,100000006706519100,peripheral,0.44585487027734266,"Гипотеза: оснований мало: входящих=1, исходящих=0, операций=3; граница depth=4. Приоритет: охват=0.262, структура=0.029, оборот=0.154"
1250,100000008491390100,peripheral,0.44585487027734266,"Гипотеза: оснований мало: входящих=1, исходящих=0, операций=1; выборка неполна. Приоритет: охват=0.262, структура=0.029, оборот=0.154"
1251,100000001784279100,peripheral,0.44572104219412734,"Гипотеза: оснований мало: входящих=1, исходящих=0, операций=1; выборка неполна. Приоритет: охват=0.262, структура=0.029, оборот=0.154"
1252,100000004770073100,peripheral,0.4457163017648379,"Гипотеза: оснований мало: входящих=1, исходящих=1, операций=2; выборка неполна. Приоритет: охват=0.262, структура=0.046, оборот=0.137"
1253,100000007960337100,peripheral,0.44564911105141924,"Гипотеза: оснований мало: входящих=1, исходящих=0, операций=1; граница depth=4. Приоритет: охват=0.262, структура=0.029, оборот=0.154"
1254,100000000287768100,peripheral,0.44551087968178704,"Гипотеза: оснований мало: входящих=1, исходящих=0, операций=1; выборка неполна. Приоритет: охват=0.262, структура=0.029, оборот=0.154"
1255,100000000737152100,peripheral,0.44544043324052973,"Гипотеза: оснований мало: входящих=1, исходящих=0, операций=1; граница depth=4. Приоритет: охват=0.262, структура=0.029, оборот=0.154"
1256,100000004911971100,peripheral,0.44544043324052973,"Гипотеза: оснований мало: входящих=1, исходящих=0, операций=3; граница depth=4. Приоритет: охват=0.262, структура=0.029, оборот=0.154"
1257,100000008652094100,peripheral,0.44544043324052973,"Гипотеза: оснований мало: входящих=1, исходящих=0, операций=1; выборка неполна. Приоритет: охват=0.262, структура=0.029, оборот=0.154"
1258,100000002028158100,peripheral,0.4453561262199681,"Гипотеза: оснований мало: входящих=1, исходящих=0, операций=1; выборка неполна. Приоритет: охват=0.262, структура=0.029, оборот=0.154"
1259,100000000954884100,peripheral,0.4450139822256114,"Гипотеза: оснований мало: входящих=1, исходящих=0, операций=1; выборка неполна. Приоритет: охват=0.262, структура=0.029, оборот=0.154"
1260,100000002478829100,peripheral,0.4450139822256114,"Гипотеза: оснований мало: входящих=1, исходящих=0, операций=1; граница depth=4. Приоритет: охват=0.262, структура=0.029, оборот=0.154"
1261,100000008503177100,peripheral,0.4449927650317648,"Гипотеза: оснований мало: входящих=1, исходящих=0, операций=1; выборка неполна. Приоритет: охват=0.262, структура=0.029, оборот=0.153"
1262,100000003671721100,peripheral,0.44498351810553494,"Гипотеза: оснований мало: входящих=1, исходящих=0, операций=1; выборка неполна. Приоритет: охват=0.291, структура=0.029, оборот=0.125"
1263,100000008767027100,peripheral,0.44498351810553494,"Гипотеза: оснований мало: входящих=1, исходящих=0, операций=1; выборка неполна. Приоритет: охват=0.291, структура=0.029, оборот=0.125"
1264,100000008770483100,peripheral,0.44498351810553494,"Гипотеза: оснований мало: входящих=1, исходящих=0, операций=1; граница depth=4. Приоритет: охват=0.291, структура=0.029, оборот=0.125"
1265,100000005619339100,peripheral,0.4446161590569151,"Гипотеза: оснований мало: входящих=1, исходящих=1, операций=2; выборка неполна. Приоритет: охват=0.262, структура=0.046, оборот=0.136"
1266,100000002737980100,peripheral,0.4445301518306144,"Гипотеза: оснований мало: входящих=1, исходящих=0, операций=1; выборка неполна. Приоритет: охват=0.262, структура=0.029, оборот=0.153"
1267,100000000470237100,peripheral,0.4443501923210688,"Гипотеза: оснований мало: входящих=1, исходящих=0, операций=1; граница depth=4. Приоритет: охват=0.262, структура=0.029, оборот=0.153"
1268,100000000611474100,peripheral,0.44412210247814543,"Гипотеза: оснований мало: входящих=1, исходящих=0, операций=1; выборка неполна. Приоритет: охват=0.262, структура=0.029, оборот=0.153"
1269,100000003219438100,peripheral,0.44412210247814543,"Гипотеза: оснований мало: входящих=1, исходящих=0, операций=1; выборка неполна. Приоритет: охват=0.262, структура=0.029, оборот=0.153"
1270,100000008582730100,peripheral,0.4439790686351123,"Гипотеза: оснований мало: входящих=1, исходящих=1, операций=2; выборка неполна. Приоритет: охват=0.262, структура=0.046, оборот=0.136"
1271,100000008734279100,peripheral,0.44396030908207273,"Гипотеза: оснований мало: входящих=1, исходящих=0, операций=1; граница depth=4. Приоритет: охват=0.262, структура=0.029, оборот=0.152"
1272,100000002702968100,peripheral,0.44393704980263915,"Гипотеза: оснований мало: входящих=1, исходящих=0, операций=1; граница depth=4. Приоритет: охват=0.262, структура=0.029, оборот=0.152"
1273,100000003072676100,peripheral,0.44391142205137385,"Гипотеза: оснований мало: входящих=1, исходящих=0, операций=1; выборка неполна. Приоритет: охват=0.262, структура=0.029, оборот=0.152"
1274,100000008116374100,peripheral,0.44378919440268944,"Гипотеза: оснований мало: входящих=1, исходящих=0, операций=1; выборка неполна. Приоритет: охват=0.262, структура=0.029, оборот=0.152"
1275,100000005326681100,peripheral,0.44376283647401116,"Гипотеза: оснований мало: входящих=1, исходящих=0, операций=1; выборка неполна. Приоритет: охват=0.262, структура=0.029, оборот=0.152"
1276,100000008748914100,distributor,0.4437235267336006,"Гипотеза: распределение: 13 получателей, макс. доля=35%; выборка неполна. Приоритет: охват=0.087, структура=0.130, оборот=0.226"
1277,100000004099450100,peripheral,0.4436550318440914,"Гипотеза: оснований мало: входящих=1, исходящих=0, операций=1; выборка неполна. Приоритет: охват=0.262, структура=0.029, оборот=0.152"
1278,100000002660298100,peripheral,0.4436074987460949,"Гипотеза: оснований мало: входящих=1, исходящих=0, операций=1; граница depth=4. Приоритет: охват=0.262, структура=0.029, оборот=0.152"
1279,100000006288612100,peripheral,0.44356219960795207,"Гипотеза: оснований мало: входящих=1, исходящих=0, операций=3; граница depth=4. Приоритет: охват=0.262, структура=0.029, оборот=0.152"
1280,100000001684867100,peripheral,0.44343991297489754,"Гипотеза: оснований мало: входящих=1, исходящих=0, операций=1; выборка неполна. Приоритет: охват=0.262, структура=0.029, оборот=0.152"
1281,100000000608031100,peripheral,0.4431726452203601,"Гипотеза: оснований мало: входящих=1, исходящих=0, операций=1; граница depth=4. Приоритет: охват=0.262, структура=0.029, оборот=0.152"
1282,100000001578517100,peripheral,0.4431726452203601,"Гипотеза: оснований мало: входящих=1, исходящих=0, операций=1; выборка неполна. Приоритет: охват=0.262, структура=0.029, оборот=0.152"
1283,100000002173070100,peripheral,0.4431726452203601,"Гипотеза: оснований мало: входящих=1, исходящих=0, операций=1; выборка неполна. Приоритет: охват=0.262, структура=0.029, оборот=0.152"
1284,100000002613776100,peripheral,0.4431726452203601,"Гипотеза: оснований мало: входящих=1, исходящих=0, операций=2; выборка неполна. Приоритет: охват=0.262, структура=0.029, оборот=0.152"
1285,100000002723674100,peripheral,0.4431726452203601,"Гипотеза: оснований мало: входящих=1, исходящих=0, операций=1; граница depth=4. Приоритет: охват=0.262, структура=0.029, оборот=0.152"
1286,100000003001138100,peripheral,0.4431726452203601,"Гипотеза: оснований мало: входящих=1, исходящих=0, операций=1; граница depth=4. Приоритет: охват=0.262, структура=0.029, оборот=0.152"
1287,100000003814002100,peripheral,0.4431726452203601,"Гипотеза: оснований мало: входящих=1, исходящих=0, операций=1; выборка неполна. Приоритет: охват=0.262, структура=0.029, оборот=0.152"
1288,100000003888527100,peripheral,0.4431726452203601,"Гипотеза: оснований мало: входящих=1, исходящих=0, операций=1; выборка неполна. Приоритет: охват=0.262, структура=0.029, оборот=0.152"
1289,100000004047887100,peripheral,0.4431726452203601,"Гипотеза: оснований мало: входящих=1, исходящих=0, операций=1; граница depth=4. Приоритет: охват=0.262, структура=0.029, оборот=0.152"
1290,100000004596284100,peripheral,0.4431726452203601,"Гипотеза: оснований мало: входящих=1, исходящих=0, операций=1; граница depth=4. Приоритет: охват=0.262, структура=0.029, оборот=0.152"
1291,100000005105153100,peripheral,0.4431726452203601,"Гипотеза: оснований мало: входящих=1, исходящих=0, операций=1; выборка неполна. Приоритет: охват=0.262, структура=0.029, оборот=0.152"
1292,100000005621418100,peripheral,0.4431726452203601,"Гипотеза: оснований мало: входящих=1, исходящих=0, операций=1; граница depth=4. Приоритет: охват=0.262, структура=0.029, оборот=0.152"
1293,100000006416061100,peripheral,0.4431726452203601,"Гипотеза: оснований мало: входящих=1, исходящих=0, операций=1; граница depth=4. Приоритет: охват=0.262, структура=0.029, оборот=0.152"
1294,100000008151098100,peripheral,0.4431726452203601,"Гипотеза: оснований мало: входящих=1, исходящих=0, операций=1; граница depth=4. Приоритет: охват=0.262, структура=0.029, оборот=0.152"
1295,100000008473765100,peripheral,0.4431726452203601,"Гипотеза: оснований мало: входящих=1, исходящих=0, операций=1; выборка неполна. Приоритет: охват=0.262, структура=0.029, оборот=0.152"
1296,100000001114385100,peripheral,0.44292538794066305,"Гипотеза: оснований мало: входящих=1, исходящих=0, операций=1; выборка неполна. Приоритет: охват=0.262, структура=0.029, оборот=0.151"
1297,100000002861485100,peripheral,0.44283685333344225,"Гипотеза: оснований мало: входящих=1, исходящих=0, операций=1; выборка неполна. Приоритет: охват=0.262, структура=0.029, оборот=0.151"
1298,100000003040087100,peripheral,0.4426739039811928,"Гипотеза: оснований мало: входящих=1, исходящих=0, операций=1; граница depth=4. Приоритет: охват=0.262, структура=0.029, оборот=0.151"
1299,100000005362848100,peripheral,0.4426739039811928,"Гипотеза: оснований мало: входящих=1, исходящих=0, операций=1; выборка неполна. Приоритет: охват=0.262, структура=0.029, оборот=0.151"
1300,100000001270470100,peripheral,0.44231444421449684,"Гипотеза: оснований мало: входящих=1, исходящих=0, операций=2; граница depth=4. Приоритет: охват=0.262, структура=0.029, оборот=0.151"
1301,100000002506987100,peripheral,0.44226236828187837,"Гипотеза: оснований мало: входящих=1, исходящих=0, операций=1; граница depth=4. Приоритет: охват=0.262, структура=0.029, оборот=0.151"
1302,100000007641183100,peripheral,0.4421576601329483,"Гипотеза: оснований мало: входящих=1, исходящих=0, операций=1; выборка неполна. Приоритет: охват=0.262, структура=0.029, оборот=0.151"
1303,100000008576528100,peripheral,0.4421576601329483,"Гипотеза: оснований мало: входящих=1, исходящих=0, операций=1; выборка неполна. Приоритет: охват=0.262, структура=0.029, оборот=0.151"
1304,100000003943483100,peripheral,0.4418793275275954,"Гипотеза: оснований мало: входящих=1, исходящих=0, операций=1; выборка неполна. Приоритет: охват=0.277, структура=0.029, оборот=0.136"
1305,100000004456564100,peripheral,0.4418793275275954,"Гипотеза: оснований мало: входящих=1, исходящих=0, операций=2; выборка неполна. Приоритет: охват=0.277, структура=0.029, оборот=0.136"
1306,100000005032294100,peripheral,0.4418793275275954,"Гипотеза: оснований мало: входящих=1, исходящих=0, операций=1; выборка неполна. Приоритет: охват=0.277, структура=0.029, оборот=0.136"
1307,100000005941908100,peripheral,0.4418793275275954,"Гипотеза: оснований мало: входящих=1, исходящих=0, операций=1; выборка неполна. Приоритет: охват=0.277, структура=0.029, оборот=0.136"
1308,100000008758106100,peripheral,0.4418793275275954,"Гипотеза: оснований мало: входящих=1, исходящих=0, операций=1; граница depth=4. Приоритет: охват=0.277, структура=0.029, оборот=0.136"
1309,100000008761132100,peripheral,0.4418793275275954,"Гипотеза: оснований мало: входящих=1, исходящих=0, операций=1; граница depth=4. Приоритет: охват=0.277, структура=0.029, оборот=0.136"
1310,100000008761220100,peripheral,0.4418793275275954,"Гипотеза: оснований мало: входящих=1, исходящих=0, операций=1; граница depth=4. Приоритет: охват=0.277, структура=0.029, оборот=0.136"
1311,100000004241142100,peripheral,0.44167811213164754,"Гипотеза: оснований мало: входящих=1, исходящих=0, операций=1; граница depth=4. Приоритет: охват=0.262, структура=0.029, оборот=0.150"
1312,100000001415126100,peripheral,0.44162264039843535,"Гипотеза: оснований мало: входящих=1, исходящих=0, операций=1; вход seed неполон. Приоритет: охват=0.262, структура=0.029, оборот=0.150"
1313,100000003486846100,peripheral,0.44162264039843535,"Гипотеза: оснований мало: входящих=1, исходящих=0, операций=2; граница depth=4. Приоритет: охват=0.262, структура=0.029, оборот=0.150"
1314,100000004788983100,peripheral,0.44162264039843535,"Гипотеза: оснований мало: входящих=1, исходящих=0, операций=1; граница depth=4. Приоритет: охват=0.262, структура=0.029, оборот=0.150"
1315,100000001429930100,peripheral,0.4410674272964403,"Гипотеза: оснований мало: входящих=1, исходящих=0, операций=1; вход seed неполон. Приоритет: охват=0.262, структура=0.029, оборот=0.150"
1316,100000005589319100,peripheral,0.4410674272964403,"Гипотеза: оснований мало: входящих=1, исходящих=0, операций=1; граница depth=4. Приоритет: охват=0.262, структура=0.029, оборот=0.150"
1317,100000004741837100,peripheral,0.44083704038867294,"Гипотеза: оснований мало: входящих=1, исходящих=0, операций=1; выборка неполна. Приоритет: охват=0.262, структура=0.029, оборот=0.149"
1318,100000002558173100,peripheral,0.4408117813850473,"Гипотеза: оснований мало: входящих=1, исходящих=0, операций=1; выборка неполна. Приоритет: охват=0.277, структура=0.029, оборот=0.134"
1319,100000002194329100,peripheral,0.440590135231416,"Гипотеза: оснований мало: входящих=1, исходящих=0, операций=1; выборка неполна. Приоритет: охват=0.262, структура=0.029, оборот=0.149"
1320,100000005532138100,peripheral,0.44051748055394413,"Гипотеза: оснований мало: входящих=1, исходящих=0, операций=1; выборка неполна. Приоритет: охват=0.262, структура=0.029, оборот=0.149"
1321,100000000404740100,peripheral,0.4404904365088969,"Гипотеза: оснований мало: входящих=1, исходящих=0, операций=1; граница depth=4. Приоритет: охват=0.262, структура=0.029, оборот=0.149"
1322,100000000560751100,peripheral,0.4404904365088969,"Гипотеза: оснований мало: входящих=1, исходящих=0, операций=1; выборка неполна. Приоритет: охват=0.262, структура=0.029, оборот=0.149"
1323,100000001130176100,peripheral,0.4404904365088969,"Гипотеза: оснований мало: входящих=1, исходящих=0, операций=2; выборка неполна. Приоритет: охват=0.262, структура=0.029, оборот=0.149"
1324,100000001598625100,peripheral,0.4404904365088969,"Гипотеза: оснований мало: входящих=1, исходящих=0, операций=1; граница depth=4. Приоритет: охват=0.262, структура=0.029, оборот=0.149"
1325,100000002229615100,peripheral,0.4404904365088969,"Гипотеза: оснований мало: входящих=1, исходящих=0, операций=1; граница depth=4. Приоритет: охват=0.262, структура=0.029, оборот=0.149"
1326,100000002369454100,peripheral,0.4404904365088969,"Гипотеза: оснований мало: входящих=1, исходящих=0, операций=1; граница depth=4. Приоритет: охват=0.262, структура=0.029, оборот=0.149"
1327,100000002708624100,peripheral,0.4404904365088969,"Гипотеза: оснований мало: входящих=1, исходящих=0, операций=1; выборка неполна. Приоритет: охват=0.262, структура=0.029, оборот=0.149"
1328,100000004291663100,peripheral,0.4404904365088969,"Гипотеза: оснований мало: входящих=1, исходящих=0, операций=1; граница depth=4. Приоритет: охват=0.262, структура=0.029, оборот=0.149"
1329,100000005661528100,peripheral,0.4404904365088969,"Гипотеза: оснований мало: входящих=1, исходящих=0, операций=1; выборка неполна. Приоритет: охват=0.262, структура=0.029, оборот=0.149"
1330,100000005809252100,peripheral,0.4404904365088969,"Гипотеза: оснований мало: входящих=1, исходящих=0, операций=1; выборка неполна. Приоритет: охват=0.262, структура=0.029, оборот=0.149"
1331,100000005932987100,peripheral,0.4404904365088969,"Гипотеза: оснований мало: входящих=1, исходящих=0, операций=3; выборка неполна. Приоритет: охват=0.262, структура=0.029, оборот=0.149"
1332,100000006919124100,peripheral,0.4404904365088969,"Гипотеза: оснований мало: входящих=1, исходящих=0, операций=1; выборка неполна. Приоритет: охват=0.262, структура=0.029, оборот=0.149"
1333,100000007487729100,peripheral,0.4404904365088969,"Гипотеза: оснований мало: входящих=1, исходящих=0, операций=1; выборка неполна. Приоритет: охват=0.262, структура=0.029, оборот=0.149"
1334,100000007863304100,peripheral,0.4404904365088969,"Гипотеза: оснований мало: входящих=1, исходящих=0, операций=1; выборка неполна. Приоритет: охват=0.262, структура=0.029, оборот=0.149"
1335,100000008502995100,peripheral,0.4404904365088969,"Гипотеза: оснований мало: входящих=1, исходящих=0, операций=2; выборка неполна. Приоритет: охват=0.262, структура=0.029, оборот=0.149"
1336,100000008588665100,peripheral,0.4404904365088969,"Гипотеза: оснований мало: входящих=1, исходящих=0, операций=1; граница depth=4. Приоритет: охват=0.262, структура=0.029, оборот=0.149"
1337,100000008686214100,peripheral,0.4404904365088969,"Гипотеза: оснований мало: входящих=1, исходящих=0, операций=1; выборка неполна. Приоритет: охват=0.262, структура=0.029, оборот=0.149"
1338,100000008071749100,peripheral,0.4404568562955918,"Гипотеза: оснований мало: входящих=1, исходящих=0, операций=1; граница depth=4. Приоритет: охват=0.262, структура=0.029, оборот=0.149"
1339,100000002258492100,peripheral,0.4403294316677894,"Гипотеза: оснований мало: входящих=1, исходящих=0, операций=1; граница depth=4. Приоритет: охват=0.277, структура=0.029, оборот=0.134"
1340,100000002554175100,peripheral,0.4402657044337223,"Гипотеза: оснований мало: входящих=1, исходящих=0, операций=1; выборка неполна. Приоритет: охват=0.262, структура=0.029, оборот=0.149"
1341,100000005709551100,peripheral,0.4402292109380714,"Гипотеза: оснований мало: входящих=1, исходящих=0, операций=1; выборка неполна. Приоритет: охват=0.262, структура=0.029, оборот=0.149"
1342,100000002646887100,peripheral,0.440105297252272,"Гипотеза: оснований мало: входящих=1, исходящих=0, операций=1; выборка неполна. Приоритет: охват=0.262, структура=0.029, оборот=0.149"
1343,100000005370580100,peripheral,0.43993579089343815,"Гипотеза: оснований мало: входящих=1, исходящих=0, операций=1; вход seed неполон. Приоритет: охват=0.262, структура=0.029, оборот=0.148"
1344,100000008454065100,peripheral,0.439920506377796,"Гипотеза: оснований мало: входящих=1, исходящих=0, операций=1; выборка неполна. Приоритет: охват=0.262, структура=0.029, оборот=0.148"
1345,100000003166755100,peripheral,0.43989601807558687,"Гипотеза: оснований мало: входящих=1, исходящих=0, операций=1; выборка неполна. Приоритет: охват=0.262, структура=0.029, оборот=0.148"
1346,100000000634341100,peripheral,0.4398898896257928,"Гипотеза: оснований мало: входящих=1, исходящих=0, операций=2; граница depth=4. Приоритет: охват=0.262, структура=0.029, оборот=0.148"
1347,100000005497148100,peripheral,0.4398898896257928,"Гипотеза: оснований мало: входящих=1, исходящих=0, операций=2; граница depth=4. Приоритет: охват=0.262, структура=0.029, оборот=0.148"
1348,100000001280798100,peripheral,0.43975750667809665,"Гипотеза: оснований мало: входящих=1, исходящих=0, операций=1; выборка неполна. Приоритет: охват=0.262, структура=0.029, оборот=0.148"
1349,100000003900547100,peripheral,0.43970483889001183,"Гипотеза: оснований мало: входящих=1, исходящих=0, операций=1; выборка неполна. Приоритет: охват=0.262, структура=0.029, оборот=0.148"
1350,100000003095610100,peripheral,0.43968309723162446,"Гипотеза: оснований мало: входящих=1, исходящих=0, операций=1; выборка неполна. Приоритет: охват=0.262, структура=0.029, оборот=0.148"
1351,100000002948492100,peripheral,0.43967998865588176,"Гипотеза: оснований мало: входящих=1, исходящих=0, операций=1; выборка неполна. Приоритет: охват=0.262, структура=0.029, оборот=0.148"
1352,100000001262647100,peripheral,0.43967376953321435,"Гипотеза: оснований мало: входящих=1, исходящих=0, операций=1; выборка неполна. Приоритет: охват=0.262, структура=0.029, оборот=0.148"
1353,100000003173783100,peripheral,0.4395801658303484,"Гипотеза: оснований мало: входящих=1, исходящих=0, операций=2; граница depth=4. Приоритет: охват=0.262, структура=0.029, оборот=0.148"
1354,100000001248999100,peripheral,0.43953313969755914,"Гипотеза: оснований мало: входящих=1, исходящих=0, операций=1; выборка неполна. Приоритет: охват=0.262, структура=0.029, оборот=0.148"
1355,100000002095257100,peripheral,0.43948861572318165,"Гипотеза: оснований мало: входящих=1, исходящих=0, операций=1; выборка неполна. Приоритет: охват=0.277, структура=0.029, оборот=0.133"
1356,100000007999728100,peripheral,0.43942282393490617,"Гипотеза: оснований мало: входящих=1, исходящих=0, операций=1; выборка неполна. Приоритет: охват=0.262, структура=0.029, оборот=0.148"
1357,100000002871199100,peripheral,0.43938227241230143,"Гипотеза: оснований мало: входящих=1, исходящих=0, операций=1; выборка неполна. Приоритет: охват=0.262, структура=0.029, оборот=0.148"
1358,100000001550419100,peripheral,0.43926378108660014,"Гипотеза: оснований мало: входящих=1, исходящих=0, операций=1; выборка неполна. Приоритет: охват=0.262, структура=0.029, оборот=0.148"
1359,100000003039473100,peripheral,0.43926378108660014,"Гипотеза: оснований мало: входящих=1, исходящих=0, операций=1; выборка неполна. Приоритет: охват=0.262, структура=0.029, оборот=0.148"
1360,100000004635886100,peripheral,0.43926378108660014,"Гипотеза: оснований мало: входящих=1, исходящих=0, операций=1; выборка неполна. Приоритет: охват=0.262, структура=0.029, оборот=0.148"
1361,100000001969496100,peripheral,0.4390965321753311,"Гипотеза: оснований мало: входящих=1, исходящих=0, операций=1; выборка неполна. Приоритет: охват=0.262, структура=0.029, оборот=0.148"
1362,100000004611571100,peripheral,0.4389730980983979,"Гипотеза: оснований мало: входящих=1, исходящих=0, операций=1; выборка неполна. Приоритет: охват=0.262, структура=0.029, оборот=0.147"
1363,100000002481735100,peripheral,0.4388985374771127,"Гипотеза: оснований мало: входящих=1, исходящих=0, операций=2; выборка неполна. Приоритет: охват=0.262, структура=0.029, оборот=0.147"
1364,100000002534091100,peripheral,0.4387429725301032,"Гипотеза: оснований мало: входящих=1, исходящих=0, операций=1; выборка неполна. Приоритет: охват=0.262, структура=0.029, оборот=0.147"
1365,100000006989232100,peripheral,0.4387389959674077,"Гипотеза: оснований мало: входящих=1, исходящих=0, операций=1; выборка неполна. Приоритет: охват=0.262, структура=0.029, оборот=0.147"
1366,100000005939154100,peripheral,0.43860983776912194,"Гипотеза: оснований мало: входящих=1, исходящих=0, операций=2; выборка неполна. Приоритет: охват=0.262, структура=0.029, оборот=0.147"
1367,100000000967918100,peripheral,0.43806491343028076,"Гипотеза: оснований мало: входящих=1, исходящих=0, операций=3; выборка неполна. Приоритет: охват=0.262, структура=0.029, оборот=0.147"
1368,100000003500764100,peripheral,0.4379254691716776,"Гипотеза: оснований мало: входящих=1, исходящих=0, операций=1; граница depth=4. Приоритет: охват=0.262, структура=0.029, оборот=0.146"
1369,100000006844004100,peripheral,0.4376425518168289,"Гипотеза: оснований мало: входящих=1, исходящих=0, операций=1; выборка неполна. Приоритет: охват=0.262, структура=0.029, оборот=0.146"
1370,100000001286703100,peripheral,0.4375709641306265,"Гипотеза: оснований мало: входящих=1, исходящих=0, операций=1; граница depth=4. Приоритет: охват=0.262, структура=0.029, оборот=0.146"
1371,100000000673915100,peripheral,0.43735408698275835,"Гипотеза: оснований мало: входящих=1, исходящих=0, операций=1; граница depth=4. Приоритет: охват=0.262, структура=0.029, оборот=0.146"
1372,100000004616845100,peripheral,0.43735408698275835,"Гипотеза: оснований мало: входящих=1, исходящих=0, операций=2; граница depth=4. Приоритет: охват=0.262, структура=0.029, оборот=0.146"
1373,100000000425407100,peripheral,0.4372077054322341,"Гипотеза: оснований мало: входящих=1, исходящих=0, операций=1; выборка неполна. Приоритет: охват=0.262, структура=0.029, оборот=0.146"
1374,100000000500040100,peripheral,0.4372077054322341,"Гипотеза: оснований мало: входящих=1, исходящих=0, операций=1; граница depth=4. Приоритет: охват=0.262, структура=0.029, оборот=0.146"
1375,100000000655469100,peripheral,0.4372077054322341,"Гипотеза: оснований мало: входящих=1, исходящих=0, операций=2; граница depth=4. Приоритет: охват=0.262, структура=0.029, оборот=0.146"
1376,100000001275557100,peripheral,0.4372077054322341,"Гипотеза: оснований мало: входящих=1, исходящих=0, операций=1; граница depth=4. Приоритет: охват=0.262, структура=0.029, оборот=0.146"
1377,100000001420847100,peripheral,0.4372077054322341,"Гипотеза: оснований мало: входящих=1, исходящих=0, операций=2; выборка неполна. Приоритет: охват=0.262, структура=0.029, оборот=0.146"
1378,100000001845505100,peripheral,0.4372077054322341,"Гипотеза: оснований мало: входящих=1, исходящих=0, операций=1; граница depth=4. Приоритет: охват=0.262, структура=0.029, оборот=0.146"
1379,100000002227989100,peripheral,0.4372077054322341,"Гипотеза: оснований мало: входящих=1, исходящих=0, операций=1; граница depth=4. Приоритет: охват=0.262, структура=0.029, оборот=0.146"
1380,100000002305477100,peripheral,0.4372077054322341,"Гипотеза: оснований мало: входящих=1, исходящих=0, операций=1; граница depth=4. Приоритет: охват=0.262, структура=0.029, оборот=0.146"
1381,100000002459164100,peripheral,0.4372077054322341,"Гипотеза: оснований мало: входящих=1, исходящих=0, операций=1; выборка неполна. Приоритет: охват=0.262, структура=0.029, оборот=0.146"
1382,100000002546921100,peripheral,0.4372077054322341,"Гипотеза: оснований мало: входящих=1, исходящих=0, операций=1; выборка неполна. Приоритет: охват=0.262, структура=0.029, оборот=0.146"
1383,100000002578653100,peripheral,0.4372077054322341,"Гипотеза: оснований мало: входящих=1, исходящих=0, операций=1; выборка неполна. Приоритет: охват=0.262, структура=0.029, оборот=0.146"
1384,100000002748511100,peripheral,0.4372077054322341,"Гипотеза: оснований мало: входящих=1, исходящих=0, операций=1; граница depth=4. Приоритет: охват=0.262, структура=0.029, оборот=0.146"
1385,100000003177533100,peripheral,0.4372077054322341,"Гипотеза: оснований мало: входящих=1, исходящих=0, операций=3; граница depth=4. Приоритет: охват=0.262, структура=0.029, оборот=0.146"
1386,100000003370425100,peripheral,0.4372077054322341,"Гипотеза: оснований мало: входящих=1, исходящих=0, операций=1; граница depth=4. Приоритет: охват=0.262, структура=0.029, оборот=0.146"
1387,100000003594472100,peripheral,0.4372077054322341,"Гипотеза: оснований мало: входящих=1, исходящих=0, операций=1; выборка неполна. Приоритет: охват=0.262, структура=0.029, оборот=0.146"
1388,100000004070530100,peripheral,0.4372077054322341,"Гипотеза: оснований мало: входящих=1, исходящих=0, операций=1; граница depth=4. Приоритет: охват=0.262, структура=0.029, оборот=0.146"
1389,100000004350094100,peripheral,0.4372077054322341,"Гипотеза: оснований мало: входящих=1, исходящих=0, операций=1; граница depth=4. Приоритет: охват=0.262, структура=0.029, оборот=0.146"
1390,100000004674178100,peripheral,0.4372077054322341,"Гипотеза: оснований мало: входящих=1, исходящих=0, операций=1; граница depth=4. Приоритет: охват=0.262, структура=0.029, оборот=0.146"
1391,100000004687282100,peripheral,0.4372077054322341,"Гипотеза: оснований мало: входящих=1, исходящих=0, операций=1; выборка неполна. Приоритет: охват=0.262, структура=0.029, оборот=0.146"
1392,100000004791226100,peripheral,0.4372077054322341,"Гипотеза: оснований мало: входящих=1, исходящих=0, операций=1; граница depth=4. Приоритет: охват=0.262, структура=0.029, оборот=0.146"
1393,100000004856746100,peripheral,0.4372077054322341,"Гипотеза: оснований мало: входящих=1, исходящих=0, операций=1; граница depth=4. Приоритет: охват=0.262, структура=0.029, оборот=0.146"
1394,100000004988240100,peripheral,0.4372077054322341,"Гипотеза: оснований мало: входящих=1, исходящих=0, операций=1; граница depth=4. Приоритет: охват=0.262, структура=0.029, оборот=0.146"
1395,100000006512787100,peripheral,0.4372077054322341,"Гипотеза: оснований мало: входящих=1, исходящих=0, операций=2; граница depth=4. Приоритет: охват=0.262, структура=0.029, оборот=0.146"
1396,100000006787636100,peripheral,0.4372077054322341,"Гипотеза: оснований мало: входящих=1, исходящих=0, операций=1; выборка неполна. Приоритет: охват=0.262, структура=0.029, оборот=0.146"
1397,100000006918814100,peripheral,0.4372077054322341,"Гипотеза: оснований мало: входящих=1, исходящих=0, операций=2; граница depth=4. Приоритет: охват=0.262, структура=0.029, оборот=0.146"
1398,100000007988344100,peripheral,0.4372077054322341,"Гипотеза: оснований мало: входящих=1, исходящих=0, операций=3; граница depth=4. Приоритет: охват=0.262, структура=0.029, оборот=0.146"
1399,100000008416433100,peripheral,0.4372077054322341,"Гипотеза: оснований мало: входящих=1, исходящих=0, операций=1; выборка неполна. Приоритет: охват=0.262, структура=0.029, оборот=0.146"
1400,100000008471634100,peripheral,0.4372077054322341,"Гипотеза: оснований мало: входящих=1, исходящих=0, операций=1; граница depth=4. Приоритет: охват=0.262, структура=0.029, оборот=0.146"
1401,100000008474391100,peripheral,0.4372077054322341,"Гипотеза: оснований мало: входящих=1, исходящих=0, операций=1; выборка неполна. Приоритет: охват=0.262, структура=0.029, оборот=0.146"
1402,100000008629504100,peripheral,0.4372077054322341,"Гипотеза: оснований мало: входящих=1, исходящих=0, операций=1; граница depth=4. Приоритет: охват=0.262, структура=0.029, оборот=0.146"
1403,100000008682426100,peripheral,0.4372077054322341,"Гипотеза: оснований мало: входящих=1, исходящих=0, операций=1; выборка неполна. Приоритет: охват=0.262, структура=0.029, оборот=0.146"
1404,100000004445291100,peripheral,0.43683524980649124,"Гипотеза: оснований мало: входящих=1, исходящих=0, операций=2; выборка неполна. Приоритет: охват=0.262, структура=0.029, оборот=0.145"
1405,100000008066326100,peripheral,0.43669882349554157,"Гипотеза: оснований мало: входящих=1, исходящих=0, операций=1; выборка неполна. Приоритет: охват=0.262, структура=0.029, оборот=0.145"
1406,100000008762843100,peripheral,0.43663257175247705,"Гипотеза: оснований мало: входящих=1, исходящих=0, операций=1; граница depth=4. Приоритет: охват=0.277, структура=0.029, оборот=0.130"
1407,100000008762885100,peripheral,0.43663257175247705,"Гипотеза: оснований мало: входящих=1, исходящих=0, операций=1; граница depth=4. Приоритет: охват=0.277, структура=0.029, оборот=0.130"
1408,100000001298099100,peripheral,0.4364531194371809,"Гипотеза: оснований мало: входящих=1, исходящих=0, операций=1; выборка неполна. Приоритет: охват=0.262, структура=0.029, оборот=0.145"
1409,100000003635660100,peripheral,0.43644150075937466,"Гипотеза: оснований мало: входящих=1, исходящих=0, операций=1; выборка неполна. Приоритет: охват=0.262, структура=0.029, оборот=0.145"
1410,100000002299948100,peripheral,0.43609761038812667,"Гипотеза: оснований мало: входящих=1, исходящих=0, операций=1; выборка неполна. Приоритет: охват=0.277, структура=0.029, оборот=0.130"
1411,100000002893020100,peripheral,0.4359330132580895,"Гипотеза: оснований мало: входящих=1, исходящих=0, операций=1; выборка неполна. Приоритет: охват=0.262, структура=0.029, оборот=0.144"
1412,100000000795033100,peripheral,0.4358202835789091,"Гипотеза: оснований мало: входящих=1, исходящих=0, операций=1; выборка неполна. Приоритет: охват=0.262, структура=0.029, оборот=0.144"
1413,100000001130553100,peripheral,0.4356577278522766,"Гипотеза: оснований мало: входящих=1, исходящих=0, операций=2; граница depth=4. Приоритет: охват=0.262, структура=0.029, оборот=0.144"
1414,100000002748040100,peripheral,0.4356577278522766,"Гипотеза: оснований мало: входящих=1, исходящих=0, операций=1; граница depth=4. Приоритет: охват=0.262, структура=0.029, оборот=0.144"
1415,100000005059998100,peripheral,0.4356577278522766,"Гипотеза: оснований мало: входящих=1, исходящих=0, операций=1; выборка неполна. Приоритет: охват=0.262, структура=0.029, оборот=0.144"
1416,100000006882208100,peripheral,0.4356577278522766,"Гипотеза: оснований мало: входящих=1, исходящих=0, операций=1; выборка неполна. Приоритет: охват=0.262, структура=0.029, оборот=0.144"
1417,100000002514975100,peripheral,0.4355921992929068,"Гипотеза: оснований мало: входящих=1, исходящих=0, операций=1; граница depth=4. Приоритет: охват=0.262, структура=0.029, оборот=0.144"
1418,100000004041294100,peripheral,0.4354933559244273,"Гипотеза: оснований мало: входящих=1, исходящих=0, операций=2; граница depth=4. Приоритет: охват=0.262, структура=0.029, оборот=0.144"
1419,100000005553088100,peripheral,0.4352433024906327,"Гипотеза: оснований мало: входящих=1, исходящих=0, операций=1; граница depth=4. Приоритет: охват=0.262, структура=0.029, оборот=0.144"
1420,100000001249054100,peripheral,0.435137846033969,"Гипотеза: оснований мало: входящих=1, исходящих=0, операций=1; граница depth=4. Приоритет: охват=0.262, структура=0.029, оборот=0.144"
1421,100000008762728100,peripheral,0.4348393459664554,"Гипотеза: оснований мало: входящих=1, исходящих=0, операций=1; выборка неполна. Приоритет: охват=0.262, структура=0.029, оборот=0.143"
1422,100000003010908100,peripheral,0.43481686383762763,"Гипотеза: оснований мало: входящих=1, исходящих=0, операций=1; граница depth=4. Приоритет: охват=0.262, структура=0.029, оборот=0.143"
1423,100000005395727100,peripheral,0.43481686383762763,"Гипотеза: оснований мало: входящих=1, исходящих=0, операций=1; вход seed неполон. Приоритет: охват=0.262, структура=0.029, оборот=0.143"
1424,100000008029279100,peripheral,0.43481686383762763,"Гипотеза: оснований мало: входящих=1, исходящих=0, операций=1; выборка неполна. Приоритет: охват=0.262, структура=0.029, оборот=0.143"
1425,100000000981693100,peripheral,0.4343776945694203,"Гипотеза: оснований мало: входящих=1, исходящих=0, операций=1; граница depth=4. Приоритет: охват=0.262, структура=0.029, оборот=0.143"
1426,100000006866831100,peripheral,0.4343776945694203,"Гипотеза: оснований мало: входящих=1, исходящих=0, операций=1; граница depth=4. Приоритет: охват=0.262, структура=0.029, оборот=0.143"
1427,100000007737775100,peripheral,0.43436506390801366,"Гипотеза: оснований мало: входящих=1, исходящих=0, операций=1; выборка неполна. Приоритет: охват=0.277, структура=0.029, оборот=0.128"
1428,100000002597623100,peripheral,0.4343044027761777,"Гипотеза: оснований мало: входящих=1, исходящих=0, операций=1; выборка неполна. Приоритет: охват=0.262, структура=0.029, оборот=0.143"
1429,100000003096787100,peripheral,0.43428826534527676,"Гипотеза: оснований мало: входящих=1, исходящих=0, операций=1; граница depth=4. Приоритет: охват=0.262, структура=0.029, оборот=0.143"
1430,100000001065481100,peripheral,0.4339250111317385,"Гипотеза: оснований мало: входящих=1, исходящих=0, операций=2; граница depth=4. Приоритет: охват=0.262, структура=0.029, оборот=0.142"
1431,100000002727288100,peripheral,0.4339250111317385,"Гипотеза: оснований мало: входящих=1, исходящих=0, операций=1; выборка неполна. Приоритет: охват=0.262, структура=0.029, оборот=0.142"
1432,100000007653094100,peripheral,0.4339250111317385,"Гипотеза: оснований мало: входящих=1, исходящих=0, операций=1; граница depth=4. Приоритет: охват=0.262, структура=0.029, оборот=0.142"
1433,100000003009900100,peripheral,0.43392317213719067,"Гипотеза: оснований мало: входящих=1, исходящих=0, операций=1; выборка неполна. Приоритет: охват=0.262, структура=0.029, оборот=0.142"
1434,100000002528978100,peripheral,0.4338327786413091,"Гипотеза: оснований мало: входящих=1, исходящих=0, операций=1; граница depth=4. Приоритет: охват=0.262, структура=0.029, оборот=0.142"
1435,100000003713616100,peripheral,0.43382630066073324,"Гипотеза: оснований мало: входящих=1, исходящих=0, операций=1; выборка неполна. Приоритет: охват=0.262, структура=0.029, оборот=0.142"
1436,100000004603109100,peripheral,0.43372251775697973,"Гипотеза: оснований мало: входящих=3, исходящих=2, операций=10; выборка неполна. Приоритет: охват=0.139, структура=0.075, оборот=0.220"
1437,100000007597382100,peripheral,0.43364656064516843,"Гипотеза: оснований мало: входящих=1, исходящих=0, операций=1; выборка неполна. Приоритет: охват=0.262, структура=0.029, оборот=0.142"
1438,100000004222274100,peripheral,0.4334579553268729,"Гипотеза: оснований мало: входящих=1, исходящих=0, операций=1; граница depth=4. Приоритет: охват=0.262, структура=0.029, оборот=0.142"
1439,100000001138376100,peripheral,0.43326690067950013,"Гипотеза: оснований мало: входящих=1, исходящих=0, операций=1; выборка неполна. Приоритет: охват=0.262, структура=0.029, оборот=0.142"
1440,100000005172860100,peripheral,0.43317933614048937,"Гипотеза: оснований мало: входящих=1, исходящих=0, операций=1; выборка неполна. Приоритет: охват=0.262, структура=0.029, оборот=0.142"
1441,100000002733083100,peripheral,0.4331704348144866,"Гипотеза: оснований мало: входящих=1, исходящих=0, операций=1; граница depth=4. Приоритет: охват=0.262, структура=0.029, оборот=0.142"
1442,100000000424935100,peripheral,0.43297558452089324,"Гипотеза: оснований мало: входящих=1, исходящих=0, операций=1; граница depth=4. Приоритет: охват=0.262, структура=0.029, оборот=0.141"
1443,100000001530740100,peripheral,0.43297558452089324,"Гипотеза: оснований мало: входящих=1, исходящих=0, операций=1; выборка неполна. Приоритет: охват=0.262, структура=0.029, оборот=0.141"
1444,100000002231144100,peripheral,0.43297558452089324,"Гипотеза: оснований мало: входящих=1, исходящих=0, операций=1; граница depth=4. Приоритет: охват=0.262, структура=0.029, оборот=0.141"
1445,100000002304943100,peripheral,0.43297558452089324,"Гипотеза: оснований мало: входящих=1, исходящих=0, операций=1; граница depth=4. Приоритет: охват=0.262, структура=0.029, оборот=0.141"
1446,100000002707106100,peripheral,0.43297558452089324,"Гипотеза: оснований мало: входящих=1, исходящих=0, операций=2; граница depth=4. Приоритет: охват=0.262, структура=0.029, оборот=0.141"
1447,100000002945031100,peripheral,0.43297558452089324,"Гипотеза: оснований мало: входящих=1, исходящих=0, операций=1; выборка неполна. Приоритет: охват=0.262, структура=0.029, оборот=0.141"
1448,100000002975287100,peripheral,0.43297558452089324,"Гипотеза: оснований мало: входящих=1, исходящих=0, операций=1; выборка неполна. Приоритет: охват=0.262, структура=0.029, оборот=0.141"
1449,100000003036198100,peripheral,0.43297558452089324,"Гипотеза: оснований мало: входящих=1, исходящих=0, операций=1; выборка неполна. Приоритет: охват=0.262, структура=0.029, оборот=0.141"
1450,100000003083865100,peripheral,0.43297558452089324,"Гипотеза: оснований мало: входящих=1, исходящих=0, операций=1; граница depth=4. Приоритет: охват=0.262, структура=0.029, оборот=0.141"
1451,100000003093299100,peripheral,0.43297558452089324,"Гипотеза: оснований мало: входящих=1, исходящих=0, операций=1; выборка неполна. Приоритет: охват=0.262, структура=0.029, оборот=0.141"
1452,100000003166017100,peripheral,0.43297558452089324,"Гипотеза: оснований мало: входящих=1, исходящих=0, операций=1; граница depth=4. Приоритет: охват=0.262, структура=0.029, оборот=0.141"
1453,100000003241965100,peripheral,0.43297558452089324,"Гипотеза: оснований мало: входящих=1, исходящих=0, операций=1; выборка неполна. Приоритет: охват=0.262, структура=0.029, оборот=0.141"
1454,100000004379306100,peripheral,0.43297558452089324,"Гипотеза: оснований мало: входящих=1, исходящих=0, операций=1; граница depth=4. Приоритет: охват=0.262, структура=0.029, оборот=0.141"
1455,100000004564736100,peripheral,0.43297558452089324,"Гипотеза: оснований мало: входящих=1, исходящих=0, операций=2; выборка неполна. Приоритет: охват=0.262, структура=0.029, оборот=0.141"
1456,100000008011573100,peripheral,0.43297558452089324,"Гипотеза: оснований мало: входящих=1, исходящих=0, операций=1; выборка неполна. Приоритет: охват=0.262, структура=0.029, оборот=0.141"
1457,100000008524903100,peripheral,0.43297558452089324,"Гипотеза: оснований мало: входящих=1, исходящих=0, операций=1; граница depth=4. Приоритет: охват=0.262, структура=0.029, оборот=0.141"
1458,100000008289539100,peripheral,0.4328890259934751,"Гипотеза: оснований мало: входящих=1, исходящих=0, операций=1; выборка неполна. Приоритет: охват=0.262, структура=0.029, оборот=0.141"
1459,100000005495211100,peripheral,0.4324768601903005,"Гипотеза: оснований мало: входящих=1, исходящих=0, операций=1; граница depth=4. Приоритет: охват=0.262, структура=0.029, оборот=0.141"
1460,100000006977207100,distributor,0.432410801588413,"Гипотеза: распределение: 15 получателей, макс. доля=14%; выборка неполна. Приоритет: охват=0.087, структура=0.119, оборот=0.226"
1461,100000003650146100,peripheral,0.4323750539826275,"Гипотеза: оснований мало: входящих=1, исходящих=0, операций=1; выборка неполна. Приоритет: охват=0.262, структура=0.029, оборот=0.141"
1462,100000006476758100,peripheral,0.4322601477028266,"Гипотеза: оснований мало: входящих=1, исходящих=0, операций=1; выборка неполна. Приоритет: охват=0.277, структура=0.029, оборот=0.126"
1463,100000001690439100,peripheral,0.432169303389636,"Гипотеза: оснований мало: входящих=1, исходящих=0, операций=1; выборка неполна. Приоритет: охват=0.262, структура=0.029, оборот=0.141"
1464,100000005187208100,peripheral,0.4321278057064903,"Гипотеза: оснований мало: входящих=1, исходящих=0, операций=1; выборка неполна. Приоритет: охват=0.262, структура=0.029, оборот=0.141"
1465,100000008525136100,peripheral,0.43206533888121645,"Гипотеза: оснований мало: входящих=1, исходящих=0, операций=1; граница depth=4. Приоритет: охват=0.262, структура=0.029, оборот=0.141"
1466,100000005910895100,peripheral,0.43197452513522294,"Гипотеза: оснований мало: входящих=1, исходящих=0, операций=1; граница depth=4. Приоритет: охват=0.277, структура=0.029, оборот=0.126"
1467,100000003078839100,peripheral,0.43196063445832134,"Гипотеза: оснований мало: входящих=1, исходящих=0, операций=2; граница depth=4. Приоритет: охват=0.262, структура=0.029, оборот=0.140"
1468,100000006161893100,peripheral,0.43196063445832134,"Гипотеза: оснований мало: входящих=1, исходящих=0, операций=1; выборка неполна. Приоритет: охват=0.262, структура=0.029, оборот=0.140"
1469,100000004502048100,peripheral,0.43184247397283304,"Гипотеза: оснований мало: входящих=1, исходящих=0, операций=1; граница depth=4. Приоритет: охват=0.262, структура=0.029, оборот=0.140"
1470,100000003646145100,peripheral,0.43168324742909303,"Гипотеза: оснований мало: входящих=1, исходящих=0, операций=1; граница depth=4. Приоритет: охват=0.277, структура=0.029, оборот=0.125"
1471,100000008758607100,peripheral,0.43168324742909303,"Гипотеза: оснований мало: входящих=1, исходящих=0, операций=1; граница depth=4. Приоритет: охват=0.277, структура=0.029, оборот=0.125"
1472,100000008762005100,peripheral,0.43168324742909303,"Гипотеза: оснований мало: входящих=1, исходящих=0, операций=1; граница depth=4. Приоритет: охват=0.277, структура=0.029, оборот=0.125"
1473,100000008766031100,peripheral,0.43168324742909303,"Гипотеза: оснований мало: входящих=1, исходящих=0, операций=1; граница depth=4. Приоритет: охват=0.277, структура=0.029, оборот=0.125"
1474,100000008766764100,peripheral,0.43168324742909303,"Гипотеза: оснований мало: входящих=1, исходящих=0, операций=1; граница depth=4. Приоритет: охват=0.277, структура=0.029, оборот=0.125"
1475,100000008775747100,peripheral,0.43168324742909303,"Гипотеза: оснований мало: входящих=1, исходящих=0, операций=1; граница depth=4. Приоритет: охват=0.277, структура=0.029, оборот=0.125"
1476,100000002320495100,peripheral,0.43145423262463856,"Гипотеза: оснований мало: входящих=1, исходящих=0, операций=1; граница depth=4. Приоритет: охват=0.262, структура=0.029, оборот=0.140"
1477,100000008677368100,peripheral,0.43142563418194463,"Гипотеза: оснований мало: входящих=1, исходящих=0, операций=1; граница depth=4. Приоритет: охват=0.262, структура=0.029, оборот=0.140"
1478,100000008748408100,distributor,0.4312586236491468,"Гипотеза: распределение: 21 получателей, макс. доля=10%; выборка неполна. Приоритет: охват=0.087, структура=0.131, оборот=0.212"
1479,100000004167082100,peripheral,0.43120606505363257,"Гипотеза: оснований мало: входящих=1, исходящих=0, операций=1; граница depth=4. Приоритет: охват=0.262, структура=0.029, оборот=0.140"
1480,100000004691350100,peripheral,0.43120606505363257,"Гипотеза: оснований мало: входящих=1, исходящих=0, операций=1; граница depth=4. Приоритет: охват=0.262, структура=0.029, оборот=0.140"
1481,100000003927792100,peripheral,0.4309460646706035,"Гипотеза: оснований мало: входящих=1, исходящих=0, операций=1; выборка неполна. Приоритет: охват=0.262, структура=0.029, оборот=0.139"
1482,100000001089055100,peripheral,0.4308704420347792,"Гипотеза: оснований мало: входящих=1, исходящих=0, операций=1; граница depth=4. Приоритет: охват=0.262, структура=0.029, оборот=0.139"
1483,100000005849862100,peripheral,0.4308704420347792,"Гипотеза: оснований мало: входящих=1, исходящих=0, операций=2; граница depth=4. Приоритет: охват=0.262, структура=0.029, оборот=0.139"
1484,100000002742067100,peripheral,0.43056169230634056,"Гипотеза: оснований мало: входящих=1, исходящих=0, операций=1; выборка неполна. Приоритет: охват=0.262, структура=0.029, оборот=0.139"
1485,100000005496254100,peripheral,0.4305269833651952,"Гипотеза: оснований мало: входящих=1, исходящих=0, операций=1; выборка неполна. Приоритет: охват=0.262, структура=0.029, оборот=0.139"
1486,100000002832753100,peripheral,0.43029347387835126,"Гипотеза: оснований мало: входящих=1, исходящих=0, операций=1; граница depth=4. Приоритет: охват=0.262, структура=0.029, оборот=0.139"
1487,100000004232712100,peripheral,0.43029347387835126,"Гипотеза: оснований мало: входящих=1, исходящих=0, операций=1; граница depth=4. Приоритет: охват=0.262, структура=0.029, оборот=0.139"
1488,100000000870121100,peripheral,0.429692951512171,"Гипотеза: оснований мало: входящих=1, исходящих=0, операций=1; выборка неполна. Приоритет: охват=0.262, структура=0.029, оборот=0.138"
1489,100000004158362100,peripheral,0.429692951512171,"Гипотеза: оснований мало: входящих=1, исходящих=0, операций=1; выборка неполна. Приоритет: охват=0.262, структура=0.029, оборот=0.138"
1490,100000008724279100,peripheral,0.4293832407575937,"Гипотеза: оснований мало: входящих=1, исходящих=0, операций=1; выборка неполна. Приоритет: охват=0.262, структура=0.029, оборот=0.138"
1491,100000008751349100,peripheral,0.42923223141162475,"Гипотеза: оснований мало: входящих=1, исходящих=0, операций=1; выборка неполна. Приоритет: охват=0.262, структура=0.029, оборот=0.138"
1492,100000003218308100,peripheral,0.42863197622914256,"Гипотеза: оснований мало: входящих=1, исходящих=0, операций=1; выборка неполна. Приоритет: охват=0.262, структура=0.029, оборот=0.137"
1493,100000004206046100,peripheral,0.4285129146969735,"Гипотеза: оснований мало: входящих=1, исходящих=0, операций=1; выборка неполна. Приоритет: охват=0.262, структура=0.029, оборот=0.137"
1494,100000002793851100,peripheral,0.4284823326446265,"Гипотеза: оснований мало: входящих=1, исходящих=0, операций=1; выборка неполна. Приоритет: охват=0.262, структура=0.029, оборот=0.137"
1495,100000002721825100,peripheral,0.42841295537532587,"Гипотеза: оснований мало: входящих=1, исходящих=0, операций=1; выборка неполна. Приоритет: охват=0.262, структура=0.029, оборот=0.137"
1496,100000007381662100,peripheral,0.42841295537532587,"Гипотеза: оснований мало: входящих=1, исходящих=0, операций=1; граница depth=4. Приоритет: охват=0.262, структура=0.029, оборот=0.137"
1497,100000008141170100,peripheral,0.42841295537532587,"Гипотеза: оснований мало: входящих=1, исходящих=0, операций=1; выборка неполна. Приоритет: охват=0.262, структура=0.029, оборот=0.137"
1498,100000008327791100,peripheral,0.42841295537532587,"Гипотеза: оснований мало: входящих=1, исходящих=0, операций=1; граница depth=4. Приоритет: охват=0.262, структура=0.029, оборот=0.137"
1499,100000002818726100,peripheral,0.42825024207466933,"Гипотеза: оснований мало: входящих=1, исходящих=0, операций=1; выборка неполна. Приоритет: охват=0.262, структура=0.029, оборот=0.137"
1500,100000006693788100,peripheral,0.4280939111990456,"Гипотеза: оснований мало: входящих=1, исходящих=0, операций=1; граница depth=4. Приоритет: охват=0.262, структура=0.029, оборот=0.137"
1501,100000000733373100,peripheral,0.42801992653543336,"Гипотеза: оснований мало: входящих=1, исходящих=0, операций=1; выборка неполна. Приоритет: охват=0.262, структура=0.029, оборот=0.137"
1502,100000003086040100,peripheral,0.42772861861749767,"Гипотеза: оснований мало: входящих=1, исходящих=0, операций=1; выборка неполна. Приоритет: охват=0.262, структура=0.029, оборот=0.136"
1503,100000003134937100,peripheral,0.42742570637156924,"Гипотеза: оснований мало: входящих=1, исходящих=0, операций=1; выборка неполна. Приоритет: охват=0.262, структура=0.029, оборот=0.136"
1504,100000007140834100,peripheral,0.42730219644592893,"Гипотеза: оснований мало: входящих=1, исходящих=0, операций=2; выборка неполна. Приоритет: охват=0.262, структура=0.029, оборот=0.136"
1505,100000000299820100,peripheral,0.427010889901393,"Гипотеза: оснований мало: входящих=1, исходящих=0, операций=1; граница depth=4. Приоритет: охват=0.262, структура=0.029, оборот=0.136"
1506,100000001290243100,peripheral,0.427010889901393,"Гипотеза: оснований мало: входящих=1, исходящих=0, операций=1; выборка неполна. Приоритет: охват=0.262, структура=0.029, оборот=0.136"
1507,100000002227960100,peripheral,0.427010889901393,"Гипотеза: оснований мало: входящих=1, исходящих=0, операций=1; граница depth=4. Приоритет: охват=0.262, структура=0.029, оборот=0.136"
1508,100000002726055100,peripheral,0.427010889901393,"Гипотеза: оснований мало: входящих=1, исходящих=0, операций=1; граница depth=4. Приоритет: охват=0.262, структура=0.029, оборот=0.136"
1509,100000002728246100,peripheral,0.427010889901393,"Гипотеза: оснований мало: входящих=1, исходящих=0, операций=1; граница depth=4. Приоритет: охват=0.262, структура=0.029, оборот=0.136"
1510,100000002809568100,peripheral,0.427010889901393,"Гипотеза: оснований мало: входящих=1, исходящих=0, операций=1; выборка неполна. Приоритет: охват=0.262, структура=0.029, оборот=0.136"
1511,100000002981489100,peripheral,0.427010889901393,"Гипотеза: оснований мало: входящих=1, исходящих=0, операций=1; граница depth=4. Приоритет: охват=0.262, структура=0.029, оборот=0.136"
1512,100000002999140100,peripheral,0.427010889901393,"Гипотеза: оснований мало: входящих=1, исходящих=0, операций=2; граница depth=4. Приоритет: охват=0.262, структура=0.029, оборот=0.136"
1513,100000003006633100,peripheral,0.427010889901393,"Гипотеза: оснований мало: входящих=1, исходящих=0, операций=1; выборка неполна. Приоритет: охват=0.262, структура=0.029, оборот=0.136"
1514,100000003105089100,peripheral,0.427010889901393,"Гипотеза: оснований мало: входящих=1, исходящих=0, операций=1; граница depth=4. Приоритет: охват=0.262, структура=0.029, оборот=0.136"
1515,100000003146511100,peripheral,0.427010889901393,"Гипотеза: оснований мало: входящих=1, исходящих=0, операций=1; граница depth=4. Приоритет: охват=0.262, структура=0.029, оборот=0.136"
1516,100000003449074100,peripheral,0.427010889901393,"Гипотеза: оснований мало: входящих=1, исходящих=0, операций=1; выборка неполна. Приоритет: охват=0.262, структура=0.029, оборот=0.136"
1517,100000003632533100,peripheral,0.427010889901393,"Гипотеза: оснований мало: входящих=1, исходящих=0, операций=1; граница depth=4. Приоритет: охват=0.262, структура=0.029, оборот=0.136"
1518,100000003962994100,peripheral,0.427010889901393,"Гипотеза: оснований мало: входящих=1, исходящих=0, операций=1; выборка неполна. Приоритет: охват=0.262, структура=0.029, оборот=0.136"
1519,100000004049912100,peripheral,0.427010889901393,"Гипотеза: оснований мало: входящих=1, исходящих=0, операций=1; граница depth=4. Приоритет: охват=0.262, структура=0.029, оборот=0.136"
1520,100000004177936100,peripheral,0.427010889901393,"Гипотеза: оснований мало: входящих=1, исходящих=0, операций=1; граница depth=4. Приоритет: охват=0.262, структура=0.029, оборот=0.136"
1521,100000004185681100,peripheral,0.427010889901393,"Гипотеза: оснований мало: входящих=1, исходящих=0, операций=1; выборка неполна. Приоритет: охват=0.262, структура=0.029, оборот=0.136"
1522,100000004260869100,peripheral,0.427010889901393,"Гипотеза: оснований мало: входящих=1, исходящих=0, операций=1; граница depth=4. Приоритет: охват=0.262, структура=0.029, оборот=0.136"
1523,100000004265639100,peripheral,0.427010889901393,"Гипотеза: оснований мало: входящих=1, исходящих=0, операций=1; граница depth=4. Приоритет: охват=0.262, структура=0.029, оборот=0.136"
1524,100000004272302100,peripheral,0.427010889901393,"Гипотеза: оснований мало: входящих=1, исходящих=0, операций=1; граница depth=4. Приоритет: охват=0.262, структура=0.029, оборот=0.136"
1525,100000004400361100,peripheral,0.427010889901393,"Гипотеза: оснований мало: входящих=1, исходящих=0, операций=1; выборка неполна. Приоритет: охват=0.262, структура=0.029, оборот=0.136"
1526,100000004750897100,peripheral,0.427010889901393,"Гипотеза: оснований мало: входящих=1, исходящих=0, операций=1; выборка неполна. Приоритет: охват=0.262, структура=0.029, оборот=0.136"
1527,100000004850609100,peripheral,0.427010889901393,"Гипотеза: оснований мало: входящих=1, исходящих=0, операций=1; граница depth=4. Приоритет: охват=0.262, структура=0.029, оборот=0.136"
1528,100000004970752100,peripheral,0.427010889901393,"Гипотеза: оснований мало: входящих=1, исходящих=0, операций=1; выборка неполна. Приоритет: охват=0.262, структура=0.029, оборот=0.136"
1529,100000004981068100,peripheral,0.427010889901393,"Гипотеза: оснований мало: входящих=1, исходящих=0, операций=1; граница depth=4. Приоритет: охват=0.262, структура=0.029, оборот=0.136"
1530,100000004991812100,peripheral,0.427010889901393,"Гипотеза: оснований мало: входящих=1, исходящих=0, операций=1; выборка неполна. Приоритет: охват=0.262, структура=0.029, оборот=0.136"
1531,100000005030592100,peripheral,0.427010889901393,"Гипотеза: оснований мало: входящих=1, исходящих=0, операций=1; выборка неполна. Приоритет: охват=0.262, структура=0.029, оборот=0.136"
1532,100000005041147100,peripheral,0.427010889901393,"Гипотеза: оснований мало: входящих=1, исходящих=0, операций=1; граница depth=4. Приоритет: охват=0.262, структура=0.029, оборот=0.136"
1533,100000006171671100,peripheral,0.427010889901393,"Гипотеза: оснований мало: входящих=1, исходящих=0, операций=1; граница depth=4. Приоритет: охват=0.262, структура=0.029, оборот=0.136"
1534,100000006965162100,peripheral,0.427010889901393,"Гипотеза: оснований мало: входящих=1, исходящих=0, операций=1; выборка неполна. Приоритет: охват=0.262, структура=0.029, оборот=0.136"
1535,100000007173936100,peripheral,0.427010889901393,"Гипотеза: оснований мало: входящих=1, исходящих=0, операций=1; выборка неполна. Приоритет: охват=0.262, структура=0.029, оборот=0.136"
1536,100000008708025100,peripheral,0.427010889901393,"Гипотеза: оснований мало: входящих=1, исходящих=0, операций=1; выборка неполна. Приоритет: охват=0.262, структура=0.029, оборот=0.136"
1537,100000008733049100,peripheral,0.427010889901393,"Гипотеза: оснований мало: входящих=1, исходящих=0, операций=1; выборка неполна. Приоритет: охват=0.262, структура=0.029, оборот=0.136"
1538,100000008778753100,peripheral,0.427010889901393,"Гипотеза: оснований мало: входящих=1, исходящих=0, операций=1; граница depth=4. Приоритет: охват=0.262, структура=0.029, оборот=0.136"
1539,100000004780083100,peripheral,0.42700941877931164,"Гипотеза: оснований мало: входящих=1, исходящих=0, операций=1; граница depth=4. Приоритет: охват=0.262, структура=0.029, оборот=0.136"
1540,100000005357034100,peripheral,0.42664448695219814,"Гипотеза: оснований мало: входящих=1, исходящих=0, операций=1; выборка неполна. Приоритет: охват=0.262, структура=0.029, оборот=0.135"
1541,100000006522972100,peripheral,0.4262795512600273,"Гипотеза: оснований мало: входящих=1, исходящих=0, операций=1; выборка неполна. Приоритет: охват=0.262, структура=0.029, оборот=0.135"
1542,100000008612257100,peripheral,0.4262563426160551,"Гипотеза: оснований мало: входящих=1, исходящих=0, операций=1; выборка неполна. Приоритет: охват=0.262, структура=0.029, оборот=0.135"
1543,100000007005380100,peripheral,0.4261006755583683,"Гипотеза: оснований мало: входящих=1, исходящих=0, операций=1; выборка неполна. Приоритет: охват=0.262, структура=0.029, оборот=0.135"
1544,100000002603371100,peripheral,0.4259433437588449,"Гипотеза: оснований мало: входящих=1, исходящих=0, операций=1; выборка неполна. Приоритет: охват=0.262, структура=0.029, оборот=0.134"
1545,100000003481025100,peripheral,0.425460994041587,"Гипотеза: оснований мало: входящих=1, исходящих=0, операций=1; граница depth=4. Приоритет: охват=0.262, структура=0.029, оборот=0.134"
1546,100000006658598100,peripheral,0.425460994041587,"Гипотеза: оснований мало: входящих=1, исходящих=0, операций=1; выборка неполна. Приоритет: охват=0.262, структура=0.029, оборот=0.134"
1547,100000006903193100,peripheral,0.425460994041587,"Гипотеза: оснований мало: входящих=1, исходящих=0, операций=1; граница depth=4. Приоритет: охват=0.262, структура=0.029, оборот=0.134"
1548,100000008677215100,peripheral,0.425460994041587,"Гипотеза: оснований мало: входящих=1, исходящих=0, операций=1; выборка неполна. Приоритет: охват=0.262, структура=0.029, оборот=0.134"
1549,100000006177176100,peripheral,0.42531480134459604,"Гипотеза: оснований мало: входящих=1, исходящих=0, операций=1; выборка неполна. Приоритет: охват=0.262, структура=0.029, оборот=0.134"
1550,100000000542087100,peripheral,0.42463213178761083,"Гипотеза: оснований мало: входящих=1, исходящих=0, операций=1; граница depth=4. Приоритет: охват=0.262, структура=0.029, оборот=0.133"
1551,100000002527114100,distributor,0.42423070725036227,"Гипотеза: распределение: 111 получателей, макс. доля=2%; вход seed неполон. Приоритет: охват=0.000, структура=0.203, оборот=0.221"
1552,100000000481716100,peripheral,0.42372837946932307,"Гипотеза: оснований мало: входящих=1, исходящих=0, операций=1; выборка неполна. Приоритет: охват=0.262, структура=0.029, оборот=0.132"
1553,100000002597074100,peripheral,0.42372837946932307,"Гипотеза: оснований мало: входящих=1, исходящих=0, операций=1; граница depth=4. Приоритет: охват=0.262, структура=0.029, оборот=0.132"
1554,100000003792647100,peripheral,0.42372837946932307,"Гипотеза: оснований мало: входящих=1, исходящих=0, операций=1; граница depth=4. Приоритет: охват=0.262, структура=0.029, оборот=0.132"
1555,100000004433250100,peripheral,0.42372837946932307,"Гипотеза: оснований мало: входящих=1, исходящих=0, операций=1; граница depth=4. Приоритет: охват=0.262, структура=0.029, оборот=0.132"
1556,100000005730108100,peripheral,0.42372837946932307,"Гипотеза: оснований мало: входящих=1, исходящих=0, операций=1; выборка неполна. Приоритет: охват=0.262, структура=0.029, оборот=0.132"
1557,100000004553349100,peripheral,0.42327084062050135,"Гипотеза: оснований мало: входящих=1, исходящих=0, операций=1; выборка неполна. Приоритет: охват=0.262, структура=0.029, оборот=0.132"
1558,100000003996562100,peripheral,0.42316614229418226,"Гипотеза: оснований мало: входящих=1, исходящих=0, операций=1; выборка неполна. Приоритет: охват=0.262, структура=0.029, оборот=0.132"
1559,100000005367180100,peripheral,0.42316614229418226,"Гипотеза: оснований мало: входящих=1, исходящих=0, операций=1; граница depth=4. Приоритет: охват=0.262, структура=0.029, оборот=0.132"
1560,100000004493586100,peripheral,0.42277901414642094,"Гипотеза: оснований мало: входящих=1, исходящих=0, операций=1; выборка неполна. Приоритет: охват=0.262, структура=0.029, оборот=0.131"
1561,100000004848236100,peripheral,0.42277901414642094,"Гипотеза: оснований мало: входящих=1, исходящих=0, операций=1; граница depth=4. Приоритет: охват=0.262, структура=0.029, оборот=0.131"
1562,100000004892144100,terminal,0.42265787418712214,"Гипотеза: удержание в выборке: вход=4500000 ₸, выход/вход=0.04; выборка неполна. Приоритет: охват=0.139, структура=0.058, оборот=0.226"
1563,100000005010159100,peripheral,0.42195620439871656,"Гипотеза: оснований мало: входящих=1, исходящих=0, операций=1; граница depth=4. Приоритет: охват=0.262, структура=0.029, оборот=0.130"
1564,100000000018102100,peripheral,0.42176413412627467,"Гипотеза: оснований мало: входящих=1, исходящих=0, операций=1; граница depth=4. Приоритет: охват=0.262, структура=0.029, оборот=0.130"
1565,100000003950749100,peripheral,0.42176413412627467,"Гипотеза: оснований мало: входящих=1, исходящих=0, операций=1; граница depth=4. Приоритет: охват=0.262, структура=0.029, оборот=0.130"
1566,100000005127767100,peripheral,0.42176413412627467,"Гипотеза: оснований мало: входящих=1, исходящих=0, операций=1; выборка неполна. Приоритет: охват=0.262, структура=0.029, оборот=0.130"
1567,100000001297206100,peripheral,0.42124659625040095,"Гипотеза: оснований мало: входящих=1, исходящих=0, операций=1; граница depth=4. Приоритет: охват=0.262, структура=0.029, оборот=0.130"
1568,100000004800452100,peripheral,0.4207744516699311,"Гипотеза: оснований мало: входящих=1, исходящих=0, операций=1; граница depth=4. Приоритет: охват=0.262, структура=0.029, оборот=0.129"
1569,100000000627521100,peripheral,0.4206740225196728,"Гипотеза: оснований мало: входящих=1, исходящих=0, операций=1; граница depth=4. Приоритет: охват=0.262, структура=0.029, оборот=0.129"
1570,100000000782285100,peripheral,0.41986223473058504,"Гипотеза: оснований мало: входящих=1, исходящих=0, операций=1; выборка неполна. Приоритет: охват=0.262, структура=0.029, оборот=0.128"
1571,100000008173359100,peripheral,0.4197638587282308,"Гипотеза: оснований мало: входящих=1, исходящих=0, операций=1; выборка неполна. Приоритет: охват=0.262, структура=0.029, оборот=0.128"
1572,100000000783406100,peripheral,0.419657547528233,"Гипотеза: оснований мало: входящих=1, исходящих=0, операций=1; выборка неполна. Приоритет: охват=0.262, структура=0.029, оборот=0.128"
1573,100000002184107100,peripheral,0.419657547528233,"Гипотеза: оснований мало: входящих=1, исходящих=0, операций=1; выборка неполна. Приоритет: охват=0.262, структура=0.029, оборот=0.128"
1574,100000006444163100,peripheral,0.4195602297838421,"Гипотеза: оснований мало: входящих=1, исходящих=0, операций=1; выборка неполна. Приоритет: охват=0.262, структура=0.029, оборот=0.128"
1575,100000003838587100,peripheral,0.4194966262818113,"Гипотеза: оснований мало: входящих=1, исходящих=0, операций=1; граница depth=4. Приоритет: охват=0.262, структура=0.029, оборот=0.128"
1576,100000005205745100,peripheral,0.4194966262818113,"Гипотеза: оснований мало: входящих=1, исходящих=0, операций=1; выборка неполна. Приоритет: охват=0.262, структура=0.029, оборот=0.128"
1577,100000008321975100,peripheral,0.41924940224276863,"Гипотеза: оснований мало: входящих=1, исходящих=0, операций=1; граница depth=4. Приоритет: охват=0.262, структура=0.029, оборот=0.128"
1578,100000007382152100,peripheral,0.4191493375389462,"Гипотеза: оснований мало: входящих=1, исходящих=0, операций=1; выборка неполна. Приоритет: охват=0.262, структура=0.029, оборот=0.128"
1579,100000004377043100,peripheral,0.418742130603248,"Гипотеза: оснований мало: входящих=1, исходящих=0, операций=1; граница depth=4. Приоритет: охват=0.262, структура=0.029, оборот=0.127"
1580,100000001162560100,distributor,0.4185361738651784,"Гипотеза: распределение: 12 получателей, макс. доля=21%; выборка неполна. Приоритет: охват=0.087, структура=0.111, оборот=0.221"
1581,100000001498732100,peripheral,0.41821674157005684,"Гипотеза: оснований мало: входящих=1, исходящих=0, операций=1; граница depth=4. Приоритет: охват=0.262, структура=0.029, оборот=0.127"
1582,100000004013952100,peripheral,0.41821674157005684,"Гипотеза: оснований мало: входящих=1, исходящих=0, операций=1; граница depth=4. Приоритет: охват=0.262, структура=0.029, оборот=0.127"
1583,100000004569637100,peripheral,0.41821674157005684,"Гипотеза: оснований мало: входящих=1, исходящих=0, операций=1; граница depth=4. Приоритет: охват=0.262, структура=0.029, оборот=0.127"
1584,100000005146665100,peripheral,0.41821674157005684,"Гипотеза: оснований мало: входящих=1, исходящих=0, операций=1; граница depth=4. Приоритет: охват=0.262, структура=0.029, оборот=0.127"
1585,100000005996909100,peripheral,0.41821674157005684,"Гипотеза: оснований мало: входящих=1, исходящих=0, операций=1; выборка неполна. Приоритет: охват=0.262, структура=0.029, оборот=0.127"
1586,100000008074304100,peripheral,0.41821674157005684,"Гипотеза: оснований мало: входящих=1, исходящих=0, операций=1; граница depth=4. Приоритет: охват=0.262, структура=0.029, оборот=0.127"
1587,100000005293969100,peripheral,0.41812813937907445,"Гипотеза: оснований мало: входящих=1, исходящих=0, операций=1; граница depth=4. Приоритет: охват=0.262, структура=0.029, оборот=0.127"
1588,100000008255655100,peripheral,0.4179468393687913,"Гипотеза: оснований мало: входящих=1, исходящих=0, операций=1; граница depth=4. Приоритет: охват=0.262, структура=0.029, оборот=0.126"
1589,100000000957746100,peripheral,0.41767189291843854,"Гипотеза: оснований мало: входящих=1, исходящих=0, операций=1; граница depth=4. Приоритет: охват=0.262, структура=0.029, оборот=0.126"
1590,100000003986141100,peripheral,0.41763387750616754,"Гипотеза: оснований мало: входящих=1, исходящих=0, операций=1; выборка неполна. Приоритет: охват=0.262, структура=0.029, оборот=0.126"
1591,100000005025629100,peripheral,0.4174678868355227,"Гипотеза: оснований мало: входящих=1, исходящих=0, операций=1; граница depth=4. Приоритет: охват=0.262, структура=0.029, оборот=0.126"
1592,100000006707582100,distributor,0.4174579282094574,"Гипотеза: распределение: 14 получателей, макс. доля=24%; выборка неполна. Приоритет: охват=0.087, структура=0.127, оборот=0.203"
1593,100000000369781100,peripheral,0.41681480980289065,"Гипотеза: оснований мало: входящих=1, исходящих=0, операций=1; граница depth=4. Приоритет: охват=0.262, структура=0.029, оборот=0.125"
1594,100000000581682100,peripheral,0.41681480980289065,"Гипотеза: оснований мало: входящих=1, исходящих=0, операций=1; граница depth=4. Приоритет: охват=0.262, структура=0.029, оборот=0.125"
1595,100000000765628100,peripheral,0.41681480980289065,"Гипотеза: оснований мало: входящих=1, исходящих=0, операций=1; выборка неполна. Приоритет: охват=0.262, структура=0.029, оборот=0.125"
1596,100000002621915100,peripheral,0.41681480980289065,"Гипотеза: оснований мало: входящих=1, исходящих=0, операций=1; выборка неполна. Приоритет: охват=0.262, структура=0.029, оборот=0.125"
1597,100000002994441100,peripheral,0.41681480980289065,"Гипотеза: оснований мало: входящих=1, исходящих=0, операций=1; граница depth=4. Приоритет: охват=0.262, структура=0.029, оборот=0.125"
1598,100000003214786100,peripheral,0.41681480980289065,"Гипотеза: оснований мало: входящих=1, исходящих=0, операций=1; граница depth=4. Приоритет: охват=0.262, структура=0.029, оборот=0.125"
1599,100000003626268100,peripheral,0.41681480980289065,"Гипотеза: оснований мало: входящих=1, исходящих=0, операций=1; граница depth=4. Приоритет: охват=0.262, структура=0.029, оборот=0.125"
1600,100000003786516100,peripheral,0.41681480980289065,"Гипотеза: оснований мало: входящих=1, исходящих=0, операций=1; граница depth=4. Приоритет: охват=0.262, структура=0.029, оборот=0.125"
1601,100000004107228100,peripheral,0.41681480980289065,"Гипотеза: оснований мало: входящих=1, исходящих=0, операций=1; граница depth=4. Приоритет: охват=0.262, структура=0.029, оборот=0.125"
1602,100000004403548100,peripheral,0.41681480980289065,"Гипотеза: оснований мало: входящих=1, исходящих=0, операций=1; граница depth=4. Приоритет: охват=0.262, структура=0.029, оборот=0.125"
1603,100000004472936100,peripheral,0.41681480980289065,"Гипотеза: оснований мало: входящих=1, исходящих=0, операций=1; граница depth=4. Приоритет: охват=0.262, структура=0.029, оборот=0.125"
1604,100000005186109100,peripheral,0.41681480980289065,"Гипотеза: оснований мало: входящих=1, исходящих=0, операций=1; выборка неполна. Приоритет: охват=0.262, структура=0.029, оборот=0.125"
1605,100000005209352100,peripheral,0.41681480980289065,"Гипотеза: оснований мало: входящих=1, исходящих=0, операций=1; граница depth=4. Приоритет: охват=0.262, структура=0.029, оборот=0.125"
1606,100000005370558100,peripheral,0.41681480980289065,"Гипотеза: оснований мало: входящих=1, исходящих=0, операций=1; граница depth=4. Приоритет: охват=0.262, структура=0.029, оборот=0.125"
1607,100000006573438100,peripheral,0.41681480980289065,"Гипотеза: оснований мало: входящих=1, исходящих=0, операций=1; выборка неполна. Приоритет: охват=0.262, структура=0.029, оборот=0.125"
1608,100000006735545100,peripheral,0.41681480980289065,"Гипотеза: оснований мало: входящих=1, исходящих=0, операций=1; граница depth=4. Приоритет: охват=0.262, структура=0.029, оборот=0.125"
1609,100000008649416100,peripheral,0.41681480980289065,"Гипотеза: оснований мало: входящих=1, исходящих=0, операций=1; граница depth=4. Приоритет: охват=0.262, структура=0.029, оборот=0.125"
1610,100000003923946100,peripheral,0.41631789223477284,"Гипотеза: оснований мало: входящих=1, исходящих=4, операций=7; выборка неполна. Приоритет: охват=0.139, структура=0.075, оборот=0.203"
1611,100000000594783100,terminal,0.4150338893474614,"Гипотеза: удержание в выборке: вход=2635000 ₸, выход/вход=0.06; выборка неполна. Приоритет: охват=0.139, структура=0.058, оборот=0.218"
1612,100000002836736100,terminal,0.4142935982603529,"Гипотеза: удержание в выборке: вход=509000 ₸, выход/вход=0.00; выборка неполна. Приоритет: охват=0.175, структура=0.046, оборот=0.193"
1613,100000002670860100,terminal,0.4124810826441769,"Гипотеза: удержание в выборке: вход=450000 ₸, выход/вход=0.00; выборка неполна. Приоритет: охват=0.175, структура=0.046, оборот=0.192"
1614,100000004160650100,distributor,0.4048011993800995,"Гипотеза: распределение: 10 получателей, макс. доля=37%; выборка неполна. Приоритет: охват=0.087, структура=0.107, оборот=0.210"
1615,100000000552584100,terminal,0.4017278565018918,"Гипотеза: удержание в выборке: вход=2500000 ₸, выход/вход=0.02; выборка неполна. Приоритет: охват=0.139, структура=0.046, оборот=0.217"
1616,100000002989353100,peripheral,0.39711525918039514,"Гипотеза: оснований мало: входящих=1, исходящих=2, операций=4; выборка неполна. Приоритет: охват=0.139, структура=0.058, оборот=0.200"
1617,100000002731501100,distributor,0.3961972688529982,"Гипотеза: распределение: 7 получателей, макс. доля=36%; выборка неполна. Приоритет: охват=0.087, структура=0.100, оборот=0.208"
1618,100000001965374100,peripheral,0.3889764464815383,"Гипотеза: оснований мало: входящих=2, исходящих=3, операций=13; выборка неполна. Приоритет: охват=0.087, структура=0.075, оборот=0.226"
1619,100000004221668100,peripheral,0.3870048557145781,"Гипотеза: оснований мало: входящих=4, исходящих=3, операций=18; выборка неполна. Приоритет: охват=0.087, структура=0.087, оборот=0.212"
1620,100000004368189100,terminal,0.38699705887759417,"Гипотеза: удержание в выборке: вход=384600 ₸, выход/вход=0.07; выборка неполна. Приоритет: охват=0.139, структура=0.058, оборот=0.190"
1621,100000001411870100,terminal,0.3863628361841807,"Гипотеза: удержание в выборке: вход=900000 ₸, выход/вход=0.00; выборка неполна. Приоритет: охват=0.139, структура=0.046, оборот=0.202"
1622,100000000274067100,peripheral,0.3841371504779384,"Гипотеза: оснований мало: входящих=2, исходящих=3, операций=18; выборка неполна. Приоритет: охват=0.087, структура=0.075, оборот=0.222"
1623,100000002152857100,distributor,0.38344849075934295,"Гипотеза: распределение: 5 получателей, макс. доля=41%; выборка неполна. Приоритет: охват=0.087, структура=0.088, оборот=0.208"
1624,100000002748180100,distributor,0.38183725286848347,"Гипотеза: распределение: 8 получателей, макс. доля=26%; выборка неполна. Приоритет: охват=0.087, структура=0.097, оборот=0.198"
1625,100000008418835100,peripheral,0.37934265171181525,"Гипотеза: оснований мало: входящих=1, исходящих=4, операций=73; вход seed неполон. Приоритет: охват=0.087, структура=0.082, оборот=0.210"
1626,100000004135268100,transit,0.3776221362874226,"Гипотеза: транзит: выход/вход=0.81, близость ≤2д=85%; не трассировка; выборка неполна. Приоритет: охват=0.087, структура=0.075, оборот=0.215"
1627,100000000267734100,distributor,0.3758327120758439,"Гипотеза: распределение: 7 получателей, макс. доля=32%; выборка неполна. Приоритет: охват=0.087, структура=0.096, оборот=0.192"
1628,100000001929088100,terminal,0.37428499844047564,"Гипотеза: удержание в выборке: вход=396010 ₸, выход/вход=0.00; выборка неполна. Приоритет: охват=0.139, структура=0.046, оборот=0.190"
1629,100000002762076100,peripheral,0.37392225093597165,"Гипотеза: оснований мало: входящих=2, исходящих=1, операций=3; выборка неполна. Приоритет: охват=0.139, структура=0.058, оборот=0.177"
1630,100000003835149100,peripheral,0.3720343183787361,"Гипотеза: оснований мало: входящих=1, исходящих=2, операций=14; выборка неполна. Приоритет: охват=0.087, структура=0.058, оборот=0.226"
1631,100000006240939100,distributor,0.37133864079341594,"Гипотеза: распределение: 5 получателей, макс. доля=39%; выборка неполна. Приоритет: охват=0.087, структура=0.082, оборот=0.202"
1632,100000008193577100,distributor,0.3711040551041081,"Гипотеза: распределение: 5 получателей, макс. доля=45%; выборка неполна. Приоритет: охват=0.087, структура=0.087, оборот=0.197"
1633,100000003977183100,peripheral,0.370504683584413,"Гипотеза: оснований мало: входящих=2, исходящих=4, операций=8; вход seed неполон. Приоритет: охват=0.087, структура=0.081, оборот=0.202"
1634,100000002958343100,peripheral,0.3702014696073601,"Гипотеза: оснований мало: входящих=1, исходящих=2, операций=21; выборка неполна. Приоритет: охват=0.087, структура=0.058, оборот=0.225"
1635,100000007747786100,distributor,0.36953510079960467,"Гипотеза: распределение: 31 получателей, макс. доля=18%; вход seed неполон. Приоритет: охват=0.000, структура=0.145, оборот=0.224"
1636,100000002753146100,terminal,0.3677267973276508,"Гипотеза: удержание в выборке: вход=803540 ₸, выход/вход=0.00; выборка неполна. Приоритет: охват=0.139, структура=0.029, оборот=0.200"
1637,100000002722108100,terminal,0.36766184061291496,"Гипотеза: удержание в выборке: вход=800000 ₸, выход/вход=0.00; выборка неполна. Приоритет: охват=0.139, структура=0.029, оборот=0.200"
1638,100000002748761100,terminal,0.36760287485086773,"Гипотеза: удержание в выборке: вход=796800 ₸, выход/вход=0.00; выборка неполна. Приоритет: охват=0.139, структура=0.029, оборот=0.200"
1639,100000008736940100,peripheral,0.3654815683953435,"Гипотеза: оснований мало: входящих=3, исходящих=3, операций=19; выборка неполна. Приоритет: охват=0.087, структура=0.081, оборот=0.197"
1640,100000001287955100,peripheral,0.3645267675191091,"Гипотеза: оснований мало: входящих=1, исходящих=4, операций=6; выборка неполна. Приоритет: охват=0.087, структура=0.090, оборот=0.187"
1641,100000004398811100,peripheral,0.36377390831698564,"Гипотеза: оснований мало: входящих=1, исходящих=3, операций=5; выборка неполна. Приоритет: охват=0.087, структура=0.067, оборот=0.209"
1642,100000001872484100,peripheral,0.3629214372936753,"Гипотеза: оснований мало: входящих=1, исходящих=3, операций=22; выборка неполна. Приоритет: охват=0.087, структура=0.067, оборот=0.208"
1643,100000002733905100,peripheral,0.36281743789358967,"Гипотеза: оснований мало: входящих=3, исходящих=2, операций=8; выборка неполна. Приоритет: охват=0.087, структура=0.075, оборот=0.200"
1644,100000002109656100,terminal,0.360747178762977,"Гипотеза: удержание в выборке: вход=500000 ₸, выход/вход=0.00; выборка неполна. Приоритет: охват=0.139, структура=0.029, оборот=0.193"
1645,100000002644285100,terminal,0.360747178762977,"Гипотеза: удержание в выборке: вход=500000 ₸, выход/вход=0.00; выборка неполна. Приоритет: охват=0.139, структура=0.029, оборот=0.193"
1646,100000008388049100,terminal,0.36064086971629883,"Гипотеза: удержание в выборке: вход=496400 ₸, выход/вход=0.00; выборка неполна. Приоритет: охват=0.139, структура=0.029, оборот=0.193"
1647,100000002670960100,terminal,0.36015610697211325,"Гипотеза: удержание в выборке: вход=480310 ₸, выход/вход=0.00; выборка неполна. Приоритет: охват=0.139, структура=0.029, оборот=0.192"
1648,100000008200810100,terminal,0.3599925556028597,"Гипотеза: удержание в выборке: вход=475000 ₸, выход/вход=0.00; выборка неполна. Приоритет: охват=0.139, структура=0.029, оборот=0.192"
1649,100000005664922100,peripheral,0.3572680661227371,"Гипотеза: оснований мало: входящих=2, исходящих=3, операций=6; выборка неполна. Приоритет: охват=0.087, структура=0.075, оборот=0.195"
1650,100000003616818100,peripheral,0.3553804046553979,"Гипотеза: оснований мало: входящих=3, исходящих=3, операций=12; выборка неполна. Приоритет: охват=0.087, структура=0.081, оборот=0.186"
1651,100000002781227100,transit,0.3553607917119751,"Гипотеза: транзит: выход/вход=1.11, близость ≤2д=81%; не трассировка; выборка неполна. Приоритет: охват=0.087, структура=0.078, оборот=0.190"
1652,100000001380054100,peripheral,0.35521442351403043,"Гипотеза: оснований мало: входящих=2, исходящих=3, операций=6; выборка неполна. Приоритет: охват=0.087, структура=0.075, оборот=0.193"
1653,100000002958345100,terminal,0.3535712882636403,"Гипотеза: удержание в выборке: вход=307000 ₸, выход/вход=0.00; выборка неполна. Приоритет: охват=0.139, структура=0.029, оборот=0.186"
1654,100000005171642100,transit,0.35351939207107946,"Гипотеза: транзит: выход/вход=0.98, близость ≤2д=96%; не трассировка; выборка неполна. Приоритет: охват=0.087, структура=0.058, оборот=0.208"
1655,100000002509598100,terminal,0.35350163743703034,"Гипотеза: удержание в выборке: вход=305550 ₸, выход/вход=0.00; выборка неполна. Приоритет: охват=0.139, структура=0.029, оборот=0.186"
1656,100000001311175100,peripheral,0.35323195409294905,"Гипотеза: оснований мало: входящих=1, исходящих=0, операций=1; граница depth=4. Приоритет: охват=0.139, структура=0.029, оборот=0.186"
1657,100000001677929100,peripheral,0.352748233278934,"Гипотеза: оснований мало: входящих=3, исходящих=2, операций=7; выборка неполна. Приоритет: охват=0.087, структура=0.075, оборот=0.190"
1658,100000002821425100,terminal,0.35195185096975123,"Гипотеза: удержание в выборке: вход=275000 ₸, выход/вход=0.00; выборка неполна. Приоритет: охват=0.139, структура=0.029, оборот=0.184"
1659,100000001056414100,terminal,0.3505496571133078,"Гипотеза: удержание в выборке: вход=250000 ₸, выход/вход=0.00; выборка неполна. Приоритет: охват=0.139, структура=0.029, оборот=0.183"
1660,100000006562026100,peripheral,0.3498051777980187,"Гипотеза: оснований мало: входящих=2, исходящих=0, операций=6; выборка неполна. Приоритет: охват=0.139, структура=0.046, оборот=0.165"
1661,100000008680731100,distributor,0.3483129008678278,"Гипотеза: распределение: 27 получателей, макс. доля=13%; вход seed неполон. Приоритет: охват=0.000, структура=0.139, оборот=0.209"
1662,100000005820746100,terminal,0.34728231691065,"Гипотеза: удержание в выборке: вход=1989000 ₸, выход/вход=0.03; выборка неполна. Приоритет: охват=0.087, структура=0.046, оборот=0.214"
1663,100000001960517100,terminal,0.34726679363559165,"Гипотеза: удержание в выборке: вход=200000 ₸, выход/вход=0.00; выборка неполна. Приоритет: охват=0.139, структура=0.029, оборот=0.180"
1664,100000008751429100,peripheral,0.34664338259355054,"Гипотеза: оснований мало: входящих=3, исходящих=1, операций=8; выборка неполна. Приоритет: охват=0.087, структура=0.067, оборот=0.192"
1665,100000004005964100,peripheral,0.3461205145627568,"Гипотеза: оснований мало: входящих=3, исходящих=3, операций=14; выборка неполна. Приоритет: охват=0.087, структура=0.081, оборот=0.177"
1666,100000004698193100,peripheral,0.34599293533621295,"Гипотеза: оснований мало: входящих=2, исходящих=3, операций=20; выборка неполна. Приоритет: охват=0.087, структура=0.075, оборот=0.183"
1667,100000007939160100,terminal,0.345663819338946,"Гипотеза: удержание в выборке: вход=795000 ₸, выход/вход=0.02; выборка неполна. Приоритет: охват=0.087, структура=0.058, оборот=0.200"
1668,100000003509750100,peripheral,0.3453338203859899,"Гипотеза: оснований мало: входящих=3, исходящих=3, операций=9; выборка неполна. Приоритет: охват=0.087, структура=0.081, оборот=0.176"
1669,100000005507142100,peripheral,0.3444764032221412,"Гипотеза: оснований мало: входящих=3, исходящих=3, операций=7; выборка неполна. Приоритет: охват=0.087, структура=0.082, оборот=0.175"
1670,100000001166289100,terminal,0.34445752371491195,"Гипотеза: удержание в выборке: вход=721039 ₸, выход/вход=0.03; выборка неполна. Приоритет: охват=0.087, структура=0.058, оборот=0.199"
1671,100000002824176100,peripheral,0.3424338847436613,"Гипотеза: оснований мало: входящих=1, исходящих=0, операций=1; выборка неполна. Приоритет: охват=0.139, структура=0.029, оборот=0.175"
1672,100000008306857100,peripheral,0.3403521648872866,"Гипотеза: оснований мало: входящих=1, исходящих=0, операций=1; выборка неполна. Приоритет: охват=0.139, структура=0.029, оборот=0.173"
1673,100000005456919100,terminal,0.3381206226958994,"Гипотеза: удержание в выборке: вход=479950 ₸, выход/вход=0.01; выборка неполна. Приоритет: охват=0.087, структура=0.058, оборот=0.193"
1674,100000005041905100,peripheral,0.33793363367906,"Гипотеза: оснований мало: входящих=1, исходящих=1, операций=6; выборка неполна. Приоритет: охват=0.087, структура=0.046, оборот=0.204"
1675,100000006443391100,peripheral,0.3375368174411362,"Гипотеза: оснований мало: входящих=3, исходящих=2, операций=13; выборка неполна. Приоритет: охват=0.087, структура=0.075, оборот=0.175"
1676,100000003112578100,peripheral,0.33722735180485297,"Гипотеза: оснований мало: входящих=1, исходящих=0, операций=1; выборка неполна. Приоритет: охват=0.139, структура=0.029, оборот=0.170"
1677,100000001330595100,peripheral,0.33719819102398385,"Гипотеза: оснований мало: входящих=3, исходящих=1, операций=7; выборка неполна. Приоритет: охват=0.087, структура=0.067, оборот=0.182"
1678,100000002531406100,peripheral,0.3370377392870427,"Гипотеза: оснований мало: входящих=1, исходящих=1, операций=2; выборка неполна. Приоритет: охват=0.087, структура=0.046, оборот=0.204"
1679,100000004644615100,peripheral,0.3363941943861396,"Гипотеза: оснований мало: входящих=1, исходящих=2, операций=15; выборка неполна. Приоритет: охват=0.087, структура=0.058, оборот=0.191"
1680,100000008713270100,peripheral,0.33585691680581065,"Гипотеза: оснований мало: входящих=1, исходящих=3, операций=4; выборка неполна. Приоритет: охват=0.087, структура=0.067, оборот=0.181"
1681,100000001074553100,peripheral,0.3358115827185635,"Гипотеза: оснований мало: входящих=2, исходящих=0, операций=2; выборка неполна. Приоритет: охват=0.139, структура=0.046, оборот=0.151"
1682,100000004979498100,peripheral,0.33517861737107957,"Гипотеза: оснований мало: входящих=1, исходящих=1, операций=3; выборка неполна. Приоритет: охват=0.087, структура=0.046, оборот=0.202"
1683,100000007534354100,peripheral,0.33431933436257677,"Гипотеза: оснований мало: входящих=1, исходящих=3, операций=4; выборка неполна. Приоритет: охват=0.087, структура=0.067, оборот=0.179"
1684,100000005498992100,distributor,0.33383369737261126,"Гипотеза: распределение: 16 получателей, макс. доля=15%; вход seed неполон. Приоритет: охват=0.000, структура=0.119, оборот=0.215"
1685,100000005316708100,peripheral,0.3332440109933684,"Гипотеза: оснований мало: входящих=1, исходящих=2, операций=5; выборка неполна. Приоритет: охват=0.087, структура=0.058, оборот=0.188"
1686,100000008730021100,peripheral,0.33294546526337065,"Гипотеза: оснований мало: входящих=1, исходящих=0, операций=3; выборка неполна. Приоритет: охват=0.139, структура=0.029, оборот=0.165"
1687,100000003054328100,peripheral,0.3326398678929669,"Гипотеза: оснований мало: входящих=1, исходящих=2, операций=3; выборка неполна. Приоритет: охват=0.087, структура=0.058, оборот=0.187"
1688,100000004144536100,terminal,0.33186306516742387,"Гипотеза: удержание в выборке: вход=168000 ₸, выход/вход=0.00; выборка неполна. Приоритет: охват=0.087, структура=0.067, оборот=0.177"
1689,100000001782980100,peripheral,0.3303180597407128,"Гипотеза: оснований мало: входящих=1, исходящих=1, операций=4; выборка неполна. Приоритет: охват=0.087, структура=0.046, оборот=0.197"
1690,100000002612809100,peripheral,0.329630679956946,"Гипотеза: оснований мало: входящих=1, исходящих=3, операций=6; выборка неполна. Приоритет: охват=0.087, структура=0.067, оборот=0.175"
1691,100000004692798100,terminal,0.3286860840303515,"Гипотеза: удержание в выборке: вход=240305 ₸, выход/вход=0.06; выборка неполна. Приоритет: охват=0.087, структура=0.058, оборот=0.183"
1692,100000002459093100,peripheral,0.3280930694664913,"Гипотеза: оснований мало: входящих=1, исходящих=1, операций=5; выборка неполна. Приоритет: охват=0.087, структура=0.046, оборот=0.195"
1693,100000008701944100,peripheral,0.32748395419081033,"Гипотеза: оснований мало: входящих=1, исходящих=0, операций=1; выборка неполна. Приоритет: охват=0.139, структура=0.029, оборот=0.160"
1694,100000005547096100,peripheral,0.32742740346888966,"Гипотеза: оснований мало: входящих=1, исходящих=2, операций=4; выборка неполна. Приоритет: охват=0.087, структура=0.058, оборот=0.182"
1695,100000002648315100,peripheral,0.325675743125288,"Гипотеза: оснований мало: входящих=1, исходящих=2, операций=4; выборка неполна. Приоритет: охват=0.087, структура=0.058, оборот=0.180"
1696,100000002371751100,transit,0.3249855149309204,"Гипотеза: транзит: выход/вход=1.25, близость ≤2д=100%; не трассировка; выборка неполна. Приоритет: охват=0.087, структура=0.046, оборот=0.192"
1697,100000008514970100,terminal,0.3236638946832151,"Гипотеза: удержание в выборке: вход=379966 ₸, выход/вход=0.08; выборка неполна. Приоритет: охват=0.087, структура=0.046, оборот=0.190"
1698,100000000031787100,peripheral,0.32354868139859305,"Гипотеза: оснований мало: входящих=1, исходящих=2, операций=6; выборка неполна. Приоритет: охват=0.087, структура=0.058, оборот=0.178"
1699,100000005077484100,peripheral,0.32213872371974406,"Гипотеза: оснований мало: входящих=1, исходящих=2, операций=3; выборка неполна. Приоритет: охват=0.087, структура=0.058, оборот=0.177"
1700,100000002394199100,peripheral,0.32145821877142455,"Гипотеза: оснований мало: входящих=1, исходящих=1, операций=4; выборка неполна. Приоритет: охват=0.087, структура=0.046, оборот=0.188"
1701,100000007536804100,peripheral,0.32135765480531064,"Гипотеза: оснований мало: входящих=1, исходящих=2, операций=3; выборка неполна. Приоритет: охват=0.087, структура=0.058, оборот=0.176"
1702,100000002872399100,terminal,0.32102833760324484,"Гипотеза: удержание в выборке: вход=1090000 ₸, выход/вход=0.00; выборка неполна. Приоритет: охват=0.087, структура=0.029, оборот=0.205"
1703,100000002738256100,peripheral,0.3202025457629621,"Гипотеза: оснований мало: входящих=1, исходящих=1, операций=2; выборка неполна. Приоритет: охват=0.087, структура=0.046, оборот=0.187"
1704,100000005546031100,peripheral,0.3199723491043126,"Гипотеза: оснований мало: входящих=3, исходящих=1, операций=7; выборка неполна. Приоритет: охват=0.087, структура=0.067, оборот=0.165"
1705,100000003275398100,terminal,0.3199653988552908,"Гипотеза: удержание в выборке: вход=300000 ₸, выход/вход=0.07; выборка неполна. Приоритет: охват=0.087, структура=0.046, оборот=0.186"
1706,100000002508637100,terminal,0.31972385810767456,"Гипотеза: удержание в выборке: вход=306410 ₸, выход/вход=0.03; выборка неполна. Приоритет: охват=0.087, структура=0.046, оборот=0.186"
1707,100000008655035100,peripheral,0.3193568640334613,"Гипотеза: оснований мало: входящих=1, исходящих=0, операций=1; выборка неполна. Приоритет: охват=0.139, структура=0.029, оборот=0.152"
1708,100000005342513100,peripheral,0.317190863336566,"Гипотеза: оснований мало: входящих=1, исходящих=1, операций=3; выборка неполна. Приоритет: охват=0.087, структура=0.046, оборот=0.184"
1709,100000006664478100,peripheral,0.31697513656257165,"Гипотеза: оснований мало: входящих=1, исходящих=2, операций=5; выборка неполна. Приоритет: охват=0.087, структура=0.058, оборот=0.171"
1710,100000004399686100,terminal,0.3165875496191663,"Гипотеза: удержание в выборке: вход=806000 ₸, выход/вход=0.00; выборка неполна. Приоритет: охват=0.087, структура=0.029, оборот=0.200"
1711,100000004331458100,terminal,0.3163336170339259,"Гипотеза: удержание в выборке: вход=250000 ₸, выход/вход=0.00; выборка неполна. Приоритет: охват=0.087, структура=0.046, оборот=0.183"
1712,100000002796853100,peripheral,0.31604645878386584,"Гипотеза: оснований мало: входящих=1, исходящих=1, операций=13; выборка неполна. Приоритет: охват=0.087, структура=0.046, оборот=0.183"
1713,100000005264874100,peripheral,0.31604235617009513,"Гипотеза: оснований мало: входящих=1, исходящих=2, операций=4; выборка неполна. Приоритет: охват=0.087, структура=0.058, оборот=0.171"
1714,100000008762832100,peripheral,0.3154233125507147,"Гипотеза: оснований мало: входящих=1, исходящих=1, операций=5; выборка неполна. Приоритет: охват=0.087, структура=0.046, оборот=0.182"
1715,100000003192309100,peripheral,0.31515072893869134,"Гипотеза: оснований мало: входящих=1, исходящих=1, операций=2; выборка неполна. Приоритет: охват=0.087, структура=0.046, оборот=0.182"
1716,100000004400480100,peripheral,0.3145920678293466,"Гипотеза: оснований мало: входящих=1, исходящих=0, операций=1; граница depth=4. Приоритет: охват=0.139, структура=0.029, оборот=0.147"
1717,100000005402643100,peripheral,0.3143139512207903,"Гипотеза: оснований мало: входящих=1, исходящих=1, операций=2; выборка неполна. Приоритет: охват=0.087, структура=0.046, оборот=0.181"
1718,100000000581662100,peripheral,0.31422134892675796,"Гипотеза: оснований мало: входящих=1, исходящих=0, операций=1; граница depth=4. Приоритет: охват=0.139, структура=0.029, оборот=0.147"
1719,100000005183943100,terminal,0.3141061124501947,"Гипотеза: удержание в выборке: вход=680900 ₸, выход/вход=0.00; выборка неполна. Приоритет: охват=0.087, структура=0.029, оборот=0.198"
1720,100000001601320100,peripheral,0.3133153876868209,"Гипотеза: оснований мало: входящих=2, исходящих=1, операций=3; выборка неполна. Приоритет: охват=0.087, структура=0.058, оборот=0.168"
1721,100000008497298100,terminal,0.31224526183347556,"Гипотеза: удержание в выборке: вход=600000 ₸, выход/вход=0.00; выборка неполна. Приоритет: охват=0.087, структура=0.029, оборот=0.196"
1722,100000003164661100,terminal,0.31215178995792625,"Гипотеза: удержание в выборке: вход=596200 ₸, выход/вход=0.00; выборка неполна. Приоритет: охват=0.087, структура=0.029, оборот=0.196"
1723,100000006612238100,peripheral,0.3119037927243953,"Гипотеза: оснований мало: входящих=1, исходящих=1, операций=2; выборка неполна. Приоритет: охват=0.087, структура=0.046, оборот=0.178"
1724,100000002479804100,peripheral,0.311886584288405,"Гипотеза: оснований мало: входящих=1, исходящих=2, операций=3; выборка неполна. Приоритет: охват=0.087, структура=0.058, оборот=0.166"
1725,100000001893287100,peripheral,0.3107202490478991,"Гипотеза: оснований мало: входящих=1, исходящих=1, операций=17; выборка неполна. Приоритет: охват=0.087, структура=0.046, оборот=0.177"
1726,100000001669260100,peripheral,0.30956295994987587,"Гипотеза: оснований мало: входящих=1, исходящих=0, операций=1; граница depth=4. Приоритет: охват=0.087, структура=0.029, оборот=0.193"
1727,100000000703894100,peripheral,0.3093141081159584,"Гипотеза: оснований мало: входящих=1, исходящих=1, операций=2; выборка неполна. Приоритет: охват=0.087, структура=0.046, оборот=0.176"
1728,100000002255058100,terminal,0.30931070691815976,"Гипотеза: удержание в выборке: вход=491500 ₸, выход/вход=0.00; выборка неполна. Приоритет: охват=0.087, структура=0.029, оборот=0.193"
1729,100000003034546100,terminal,0.30916677715069063,"Гипотеза: удержание в выборке: вход=486715 ₸, выход/вход=0.00; выборка неполна. Приоритет: охват=0.087, структура=0.029, оборот=0.193"
1730,100000003031761100,terminal,0.30834929897012153,"Гипотеза: удержание в выборке: вход=460408 ₸, выход/вход=0.00; выборка неполна. Приоритет: охват=0.087, структура=0.029, оборот=0.192"
1731,100000001825934100,peripheral,0.3075068796013162,"Гипотеза: оснований мало: входящих=1, исходящих=1, операций=2; выборка неполна. Приоритет: охват=0.087, структура=0.046, оборот=0.174"
1732,100000001985793100,terminal,0.3069978861310134,"Гипотеза: удержание в выборке: вход=420000 ₸, выход/вход=0.00; выборка неполна. Приоритет: охват=0.087, структура=0.029, оборот=0.190"
1733,100000004358004100,distributor,0.3069587951015237,"Гипотеза: распределение: 11 получателей, макс. доля=24%; вход seed неполон. Приоритет: охват=0.000, структура=0.104, оборот=0.203"
1734,100000002956779100,terminal,0.30667920390265757,"Гипотеза: удержание в выборке: вход=411000 ₸, выход/вход=0.00; выборка неполна. Приоритет: охват=0.087, структура=0.029, оборот=0.190"
1735,100000004784224100,peripheral,0.3059629472358319,"Гипотеза: оснований мало: входящих=1, исходящих=1, операций=3; выборка неполна. Приоритет: охват=0.087, структура=0.046, оборот=0.172"
1736,100000007333038100,peripheral,0.3054465480850007,"Гипотеза: оснований мало: входящих=1, исходящих=2, операций=3; выборка неполна. Приоритет: охват=0.087, структура=0.058, оборот=0.160"
1737,100000003989033100,peripheral,0.3052676985221807,"Гипотеза: оснований мало: входящих=1, исходящих=0, операций=13; граница depth=4. Приоритет: охват=0.087, структура=0.029, оборот=0.189"
1738,100000007507343100,terminal,0.30513312530228665,"Гипотеза: удержание в выборке: вход=370000 ₸, выход/вход=0.00; выборка неполна. Приоритет: охват=0.087, структура=0.029, оборот=0.189"
1739,100000008418934100,terminal,0.30473003389414,"Гипотеза: удержание в выборке: вход=360000 ₸, выход/вход=0.00; выборка неполна. Приоритет: охват=0.087, структура=0.029, оборот=0.188"
1740,100000003289405100,terminal,0.30452426948810957,"Гипотеза: удержание в выборке: вход=355000 ₸, выход/вход=0.00; выборка неполна. Приоритет: охват=0.087, структура=0.029, оборот=0.188"
1741,100000003148220100,peripheral,0.3044216399601899,"Гипотеза: оснований мало: входящих=1, исходящих=2, операций=5; выборка неполна. Приоритет: охват=0.087, структура=0.058, оборот=0.159"
1742,100000007982728100,distributor,0.3038874203467148,"Гипотеза: распределение: 8 получателей, макс. доля=39%; вход seed неполон. Приоритет: охват=0.000, структура=0.092, оборот=0.212"
1743,100000003216073100,peripheral,0.3038665241360139,"Гипотеза: оснований мало: входящих=1, исходящих=1, операций=2; выборка неполна. Приоритет: охват=0.087, структура=0.046, оборот=0.170"
1744,100000004321983100,peripheral,0.3038282382439811,"Гипотеза: оснований мало: входящих=1, исходящих=2, операций=4; выборка неполна. Приоритет: охват=0.087, структура=0.058, оборот=0.158"
1745,100000000922570100,peripheral,0.3024249088549521,"Гипотеза: оснований мало: входящих=1, исходящих=1, операций=2; выборка неполна. Приоритет: охват=0.087, структура=0.046, оборот=0.169"
1746,100000008002020100,peripheral,0.3014786033021041,"Гипотеза: оснований мало: входящих=1, исходящих=1, операций=2; выборка неполна. Приоритет: охват=0.087, структура=0.046, оборот=0.168"
1747,100000005394708100,peripheral,0.30147022827788333,"Гипотеза: оснований мало: входящих=1, исходящих=1, операций=2; выборка неполна. Приоритет: охват=0.087, структура=0.046, оборот=0.168"
1748,100000000896111100,terminal,0.3014011192319048,"Гипотеза: удержание в выборке: вход=287100 ₸, выход/вход=0.00; выборка неполна. Приоритет: охват=0.087, структура=0.029, оборот=0.185"
1749,100000008738325100,peripheral,0.30139729717361535,"Гипотеза: оснований мало: входящих=1, исходящих=1, операций=2; вход seed неполон. Приоритет: охват=0.087, структура=0.046, оборот=0.168"
1750,100000006385877100,peripheral,0.30135374665536674,"Гипотеза: оснований мало: входящих=1, исходящих=1, операций=10; выборка неполна. Приоритет: охват=0.087, структура=0.046, оборот=0.168"
1751,100000000607731100,peripheral,0.30076118899791116,"Гипотеза: оснований мало: входящих=1, исходящих=1, операций=2; выборка неполна. Приоритет: охват=0.087, структура=0.046, оборот=0.167"
1752,100000001808684100,peripheral,0.30065149700821076,"Гипотеза: оснований мало: входящих=1, исходящих=1, операций=5; выборка неполна. Приоритет: охват=0.087, структура=0.046, оборот=0.167"
1753,100000003888271100,peripheral,0.30057595825435257,"Гипотеза: оснований мало: входящих=1, исходящих=2, операций=5; выборка неполна. Приоритет: охват=0.087, структура=0.058, оборот=0.155"
1754,100000002214664100,peripheral,0.30047603842440795,"Гипотеза: оснований мало: входящих=1, исходящих=1, операций=3; выборка неполна. Приоритет: охват=0.087, структура=0.046, оборот=0.167"
1755,100000002633701100,terminal,0.3003250334857767,"Гипотеза: удержание в выборке: вход=266850 ₸, выход/вход=0.00; выборка неполна. Приоритет: охват=0.087, структура=0.029, оборот=0.184"
1756,100000008349675100,peripheral,0.300146567581227,"Гипотеза: оснований мало: входящих=1, исходящих=1, операций=3; выборка неполна. Приоритет: охват=0.087, структура=0.046, оборот=0.167"
1757,100000002391278100,peripheral,0.30005876211521276,"Гипотеза: оснований мало: входящих=1, исходящих=1, операций=7; выборка неполна. Приоритет: охват=0.087, структура=0.046, оборот=0.167"
1758,100000006912294100,peripheral,0.3000117628185705,"Гипотеза: оснований мало: входящих=1, исходящих=2, операций=3; выборка неполна. Приоритет: охват=0.087, структура=0.058, оборот=0.154"
1759,100000005034574100,terminal,0.299875300720824,"Гипотеза: удержание в выборке: вход=258816 ₸, выход/вход=0.00; выборка неполна. Приоритет: охват=0.087, структура=0.029, оборот=0.183"
1760,100000002958286100,terminal,0.2997717098296984,"Гипотеза: удержание в выборке: вход=257000 ₸, выход/вход=0.00; выборка неполна. Приоритет: охват=0.087, структура=0.029, оборот=0.183"
1761,100000004094958100,peripheral,0.29938981075144616,"Гипотеза: оснований мало: входящих=1, исходящих=1, операций=2; выборка неполна. Приоритет: охват=0.087, структура=0.046, оборот=0.166"
1762,100000000769919100,terminal,0.2993654383002067,"Гипотеза: удержание в выборке: вход=250000 ₸, выход/вход=0.00; выборка неполна. Приоритет: охват=0.087, структура=0.029, оборот=0.183"
1763,100000002591469100,terminal,0.29849701868552847,"Гипотеза: удержание в выборке: вход=235670 ₸, выход/вход=0.00; выборка неполна. Приоритет: охват=0.087, структура=0.029, оборот=0.182"
1764,100000002475601100,terminal,0.2982851883565003,"Гипотеза: удержание в выборке: вход=232301 ₸, выход/вход=0.00; выборка неполна. Приоритет: охват=0.087, структура=0.029, оборот=0.182"
1765,100000003089018100,terminal,0.2981387368252044,"Гипотеза: удержание в выборке: вход=230000 ₸, выход/вход=0.00; выборка неполна. Приоритет: охват=0.087, структура=0.029, оборот=0.182"
1766,100000004732589100,terminal,0.2979792428156256,"Гипотеза: удержание в выборке: вход=227520 ₸, выход/вход=0.00; выборка неполна. Приоритет: охват=0.087, структура=0.029, оборот=0.181"
1767,100000002615479100,terminal,0.29748476734149476,"Гипотеза: удержание в выборке: вход=220000 ₸, выход/вход=0.00; выборка неполна. Приоритет: охват=0.087, структура=0.029, оборот=0.181"
1768,100000003031890100,terminal,0.29714654810773594,"Гипотеза: удержание в выборке: вход=215000 ₸, выход/вход=0.00; выборка неполна. Приоритет: охват=0.087, структура=0.029, оборот=0.181"
1769,100000002214383100,peripheral,0.2970090528301754,"Гипотеза: оснований мало: входящих=1, исходящих=0, операций=1; граница depth=4. Приоритет: охват=0.087, структура=0.029, оборот=0.181"
1770,100000003084870100,peripheral,0.29685824133277394,"Гипотеза: оснований мало: входящих=1, исходящих=0, операций=1; граница depth=4. Приоритет: охват=0.139, структура=0.029, оборот=0.129"
1771,100000002863356100,peripheral,0.29654672178447644,"Гипотеза: оснований мало: входящих=1, исходящих=1, операций=2; выборка неполна. Приоритет: охват=0.087, структура=0.046, оборот=0.163"
1772,100000000831684100,peripheral,0.2965156957957146,"Гипотеза: оснований мало: входящих=1, исходящих=1, операций=5; выборка неполна. Приоритет: охват=0.087, структура=0.046, оборот=0.163"
1773,100000001270349100,terminal,0.29608257482249045,"Гипотеза: удержание в выборке: вход=200000 ₸, выход/вход=0.00; выборка неполна. Приоритет: охват=0.087, структура=0.029, оборот=0.180"
1774,100000002784085100,terminal,0.29608257482249045,"Гипотеза: удержание в выборке: вход=200000 ₸, выход/вход=0.00; выборка неполна. Приоритет: охват=0.087, структура=0.029, оборот=0.180"
1775,100000004130144100,terminal,0.29608257482249045,"Гипотеза: удержание в выборке: вход=200000 ₸, выход/вход=0.00; выборка неполна. Приоритет: охват=0.087, структура=0.029, оборот=0.180"
1776,100000007641801100,terminal,0.29608257482249045,"Гипотеза: удержание в выборке: вход=200000 ₸, выход/вход=0.00; выборка неполна. Приоритет: охват=0.087, структура=0.029, оборот=0.180"
1777,100000002528544100,terminal,0.2955517224703607,"Гипотеза: удержание в выборке: вход=192912 ₸, выход/вход=0.00; выборка неполна. Приоритет: охват=0.087, структура=0.029, оборот=0.179"
1778,100000007283257100,terminal,0.29548200648543554,"Гипотеза: удержание в выборке: вход=192000 ₸, выход/вход=0.00; выборка неполна. Приоритет: охват=0.087, структура=0.029, оборот=0.179"
1779,100000003942602100,peripheral,0.2953381298344301,"Гипотеза: оснований мало: входящих=1, исходящих=1, операций=2; выборка неполна. Приоритет: охват=0.087, структура=0.046, оборот=0.162"
1780,100000008774237100,peripheral,0.2953381298344301,"Гипотеза: оснований мало: входящих=1, исходящих=1, операций=2; выборка неполна. Приоритет: охват=0.087, структура=0.046, оборот=0.162"
1781,100000002308091100,terminal,0.2950717627552817,"Гипотеза: удержание в выборке: вход=186720 ₸, выход/вход=0.00; выборка неполна. Приоритет: охват=0.087, структура=0.029, оборот=0.179"
1782,100000002886166100,terminal,0.294935613990676,"Гипотеза: удержание в выборке: вход=185000 ₸, выход/вход=0.00; выборка неполна. Приоритет: охват=0.087, структура=0.029, оборот=0.178"
1783,100000001477796100,terminal,0.2946950874966553,"Гипотеза: удержание в выборке: вход=182000 ₸, выход/вход=0.00; выборка неполна. Приоритет: охват=0.087, структура=0.029, оборот=0.178"
1784,100000008737958100,peripheral,0.29361627934841705,"Гипотеза: оснований мало: входящих=2, исходящих=0, операций=2; выборка неполна. Приоритет: охват=0.087, структура=0.046, оборот=0.160"
1785,100000002981527100,terminal,0.2935175094103958,"Гипотеза: удержание в выборке: вход=168000 ₸, выход/вход=0.00; выборка неполна. Приоритет: охват=0.087, структура=0.029, оборот=0.177"
1786,100000008493007100,peripheral,0.29334853132788447,"Гипотеза: оснований мало: входящих=1, исходящих=1, операций=2; выборка неполна. Приоритет: охват=0.087, структура=0.046, оборот=0.160"
1787,100000003603979100,terminal,0.2932524235359085,"Гипотеза: удержание в выборке: вход=165000 ₸, выход/вход=0.00; выборка неполна. Приоритет: охват=0.087, структура=0.029, оборот=0.177"
1788,100000002257794100,peripheral,0.2922374097900107,"Гипотеза: оснований мало: входящих=1, исходящих=0, операций=1; выборка неполна. Приоритет: охват=0.087, структура=0.029, оборот=0.176"
1789,100000006888238100,peripheral,0.2920641775161015,"Гипотеза: оснований мало: входящих=1, исходящих=1, операций=2; выборка неполна. Приоритет: охват=0.087, структура=0.046, оборот=0.159"
1790,100000000572276100,peripheral,0.29197002611389056,"Гипотеза: оснований мало: входящих=1, исходящих=1, операций=2; выборка неполна. Приоритет: охват=0.087, структура=0.046, оборот=0.158"
1791,100000000861294100,peripheral,0.2918502332459636,"Гипотеза: оснований мало: входящих=1, исходящих=0, операций=1; выборка неполна. Приоритет: охват=0.087, структура=0.029, оборот=0.175"
1792,100000002170580100,peripheral,0.2918502332459636,"Гипотеза: оснований мало: входящих=1, исходящих=0, операций=1; выборка неполна. Приоритет: охват=0.087, структура=0.029, оборот=0.175"
1793,100000002914245100,peripheral,0.2908992871583762,"Гипотеза: оснований мало: входящих=1, исходящих=0, операций=1; выборка неполна. Приоритет: охват=0.087, структура=0.029, оборот=0.174"
1794,100000008659445100,peripheral,0.2904965586433046,"Гипотеза: оснований мало: входящих=3, исходящих=4, операций=25; вход seed неполон. Приоритет: охват=0.000, структура=0.087, оборот=0.203"
1795,100000006734554100,peripheral,0.28992795658444354,"Гипотеза: оснований мало: входящих=1, исходящих=1, операций=2; выборка неполна. Приоритет: охват=0.087, структура=0.046, оборот=0.156"
1796,100000005363908100,peripheral,0.28900060239856207,"Гипотеза: оснований мало: входящих=1, исходящих=1, операций=2; выборка неполна. Приоритет: охват=0.087, структура=0.046, оборот=0.156"
1797,100000004007116100,peripheral,0.28894010467522874,"Гипотеза: оснований мало: входящих=3, исходящих=4, операций=30; вход seed неполон. Приоритет: охват=0.000, структура=0.087, оборот=0.202"
1798,100000000785800100,peripheral,0.2886184621029293,"Гипотеза: оснований мало: входящих=1, исходящих=1, операций=2; выборка неполна. Приоритет: охват=0.087, структура=0.046, оборот=0.155"
1799,100000005895525100,peripheral,0.2885673795761006,"Гипотеза: оснований мало: входящих=1, исходящих=0, операций=3; выборка неполна. Приоритет: охват=0.087, структура=0.029, оборот=0.172"
1800,100000008598972100,peripheral,0.2885673795761006,"Гипотеза: оснований мало: входящих=1, исходящих=0, операций=1; выборка неполна. Приоритет: охват=0.087, структура=0.029, оборот=0.172"
1801,100000004064431100,peripheral,0.2878452104359973,"Гипотеза: оснований мало: входящих=1, исходящих=1, операций=2; выборка неполна. Приоритет: охват=0.087, структура=0.046, оборот=0.154"
1802,100000004292885100,peripheral,0.2876440309786472,"Гипотеза: оснований мало: входящих=1, исходящих=0, операций=1; выборка неполна. Приоритет: охват=0.087, структура=0.029, оборот=0.171"
1803,100000000850297100,peripheral,0.28742541555834117,"Гипотеза: оснований мало: входящих=1, исходящих=1, операций=2; выборка неполна. Приоритет: охват=0.087, структура=0.046, оборот=0.154"
1804,100000002969048100,peripheral,0.28708121864455405,"Гипотеза: оснований мало: входящих=1, исходящих=0, операций=1; выборка неполна. Приоритет: охват=0.087, структура=0.029, оборот=0.171"
1805,100000002462183100,peripheral,0.2869490654614689,"Гипотеза: оснований мало: входящих=1, исходящих=0, операций=3; выборка неполна. Приоритет: охват=0.087, структура=0.029, оборот=0.170"
1806,100000004891562100,peripheral,0.28637698343747275,"Гипотеза: оснований мало: входящих=1, исходящих=0, операций=1; граница depth=4. Приоритет: охват=0.087, структура=0.029, оборот=0.170"
1807,100000002540623100,peripheral,0.285885097308227,"Гипотеза: оснований мало: входящих=1, исходящих=0, операций=1; выборка неполна. Приоритет: охват=0.087, структура=0.029, оборот=0.169"
1808,100000002757797100,peripheral,0.285885097308227,"Гипотеза: оснований мало: входящих=1, исходящих=0, операций=1; выборка неполна. Приоритет: охват=0.087, структура=0.029, оборот=0.169"
1809,100000005474472100,peripheral,0.285885097308227,"Гипотеза: оснований мало: входящих=1, исходящих=0, операций=1; выборка неполна. Приоритет: охват=0.087, структура=0.029, оборот=0.169"
1810,100000008596924100,peripheral,0.285885097308227,"Гипотеза: оснований мало: входящих=1, исходящих=0, операций=1; выборка неполна. Приоритет: охват=0.087, структура=0.029, оборот=0.169"
1811,100000008229700100,peripheral,0.2854845803483257,"Гипотеза: оснований мало: входящих=1, исходящих=1, операций=2; выборка неполна. Приоритет: охват=0.087, структура=0.046, оборот=0.152"
1812,100000002214207100,peripheral,0.2854369873269056,"Гипотеза: оснований мало: входящих=1, исходящих=0, операций=1; граница depth=4. Приоритет: охват=0.087, структура=0.029, оборот=0.169"
1813,100000002692044100,peripheral,0.2854369873269056,"Гипотеза: оснований мало: входящих=1, исходящих=0, операций=1; выборка неполна. Приоритет: охват=0.087, структура=0.029, оборот=0.169"
1814,100000001848426100,peripheral,0.2852123286093289,"Гипотеза: оснований мало: входящих=1, исходящих=0, операций=1; выборка неполна. Приоритет: охват=0.087, структура=0.029, оборот=0.169"
1815,100000003073398100,peripheral,0.2848111224991238,"Гипотеза: оснований мало: входящих=1, исходящих=0, операций=1; выборка неполна. Приоритет: охват=0.087, структура=0.029, оборот=0.168"
1816,100000001648936100,peripheral,0.284776264157113,"Гипотеза: оснований мало: входящих=1, исходящих=0, операций=1; выборка неполна. Приоритет: охват=0.087, структура=0.029, оборот=0.168"
1817,100000003239379100,peripheral,0.2847381424406261,"Гипотеза: оснований мало: входящих=1, исходящих=0, операций=1; выборка неполна. Приоритет: охват=0.087, структура=0.029, оборот=0.168"
1818,100000006656003100,peripheral,0.284642082714912,"Гипотеза: оснований мало: входящих=1, исходящих=1, операций=2; выборка неполна. Приоритет: охват=0.087, структура=0.046, оборот=0.151"
1819,100000003087877100,peripheral,0.28457597887787184,"Гипотеза: оснований мало: входящих=1, исходящих=0, операций=1; выборка неполна. Приоритет: охват=0.087, структура=0.029, оборот=0.168"
1820,100000000580561100,peripheral,0.28438439149645933,"Гипотеза: оснований мало: входящих=2, исходящих=3, операций=16; вход seed неполон. Приоритет: охват=0.000, структура=0.075, оборот=0.209"
1821,100000003132484100,peripheral,0.28433505434593764,"Гипотеза: оснований мало: входящих=1, исходящих=0, операций=1; выборка неполна. Приоритет: охват=0.087, структура=0.029, оборот=0.168"
1822,100000004225615100,peripheral,0.28433505434593764,"Гипотеза: оснований мало: входящих=1, исходящих=0, операций=2; выборка неполна. Приоритет: охват=0.087, структура=0.029, оборот=0.168"
1823,100000005203590100,peripheral,0.28433505434593764,"Гипотеза: оснований мало: входящих=1, исходящих=0, операций=1; выборка неполна. Приоритет: охват=0.087, структура=0.029, оборот=0.168"
1824,100000000600707100,peripheral,0.28417067507178617,"Гипотеза: оснований мало: входящих=1, исходящих=0, операций=2; граница depth=4. Приоритет: охват=0.087, структура=0.029, оборот=0.168"
1825,100000000971908100,peripheral,0.28417067507178617,"Гипотеза: оснований мало: входящих=1, исходящих=0, операций=1; выборка неполна. Приоритет: охват=0.087, структура=0.029, оборот=0.168"
1826,100000003123296100,peripheral,0.28370039521847923,"Гипотеза: оснований мало: входящих=1, исходящих=0, операций=2; выборка неполна. Приоритет: охват=0.087, структура=0.029, оборот=0.167"
1827,100000001632325100,peripheral,0.2835976349513601,"Гипотеза: оснований мало: входящих=1, исходящих=0, операций=3; выборка неполна. Приоритет: охват=0.087, структура=0.029, оборот=0.167"
1828,100000008686247100,peripheral,0.28359081913215456,"Гипотеза: оснований мало: входящих=1, исходящих=1, операций=3; выборка неполна. Приоритет: охват=0.087, структура=0.046, оборот=0.150"
1829,100000003970394100,peripheral,0.2834941518712972,"Гипотеза: оснований мало: входящих=1, исходящих=0, операций=1; выборка неполна. Приоритет: охват=0.087, структура=0.029, оборот=0.167"
1830,100000002662768100,peripheral,0.28337249438185724,"Гипотеза: оснований мало: входящих=1, исходящих=0, операций=1; выборка неполна. Приоритет: охват=0.087, структура=0.029, оборот=0.167"
1831,100000002870937100,peripheral,0.2832674097834875,"Гипотеза: оснований мало: входящих=1, исходящих=0, операций=1; выборка неполна. Приоритет: охват=0.087, структура=0.029, оборот=0.167"
1832,100000003865939100,peripheral,0.28286922818988325,"Гипотеза: оснований мало: входящих=1, исходящих=0, операций=1; выборка неполна. Приоритет: охват=0.087, структура=0.029, оборот=0.166"
1833,100000002566204100,peripheral,0.28274955326454826,"Гипотеза: оснований мало: входящих=1, исходящих=0, операций=1; выборка неполна. Приоритет: охват=0.087, структура=0.029, оборот=0.166"
1834,100000008673001100,peripheral,0.28260225589809773,"Гипотеза: оснований мало: входящих=1, исходящих=0, операций=1; вход seed неполон. Приоритет: охват=0.087, структура=0.029, оборот=0.166"
1835,100000001952325100,peripheral,0.28220864635683685,"Гипотеза: оснований мало: входящих=1, исходящих=0, операций=2; выборка неполна. Приоритет: охват=0.087, структура=0.029, оборот=0.166"
1836,100000008778010100,peripheral,0.28203039805046237,"Гипотеза: оснований мало: входящих=1, исходящих=0, операций=2; граница depth=4. Приоритет: охват=0.087, структура=0.029, оборот=0.166"
1837,100000008737422100,peripheral,0.28202140956168315,"Гипотеза: оснований мало: входящих=1, исходящих=0, операций=1; выборка неполна. Приоритет: охват=0.087, структура=0.029, оборот=0.166"
1838,100000005931985100,peripheral,0.28184764086815106,"Гипотеза: оснований мало: входящих=1, исходящих=0, операций=1; выборка неполна. Приоритет: охват=0.087, структура=0.029, оборот=0.165"
1839,100000008712827100,peripheral,0.28184764086815106,"Гипотеза: оснований мало: входящих=1, исходящих=0, операций=1; выборка неполна. Приоритет: охват=0.087, структура=0.029, оборот=0.165"
1840,100000004792397100,peripheral,0.28135956556034925,"Гипотеза: оснований мало: входящих=1, исходящих=0, операций=1; выборка неполна. Приоритет: охват=0.087, структура=0.029, оборот=0.165"
1841,100000008718811100,peripheral,0.2813154763527075,"Гипотеза: оснований мало: входящих=1, исходящих=0, операций=1; выборка неполна. Приоритет: охват=0.087, структура=0.029, оборот=0.165"
1842,100000006030946100,peripheral,0.28131326842015647,"Гипотеза: оснований мало: входящих=1, исходящих=0, операций=1; выборка неполна. Приоритет: охват=0.087, структура=0.029, оборот=0.165"
1843,100000002488629100,peripheral,0.2812652140717933,"Гипотеза: оснований мало: входящих=1, исходящих=0, операций=1; выборка неполна. Приоритет: охват=0.087, структура=0.029, оборот=0.165"
1844,100000002757791100,peripheral,0.2812652140717933,"Гипотеза: оснований мало: входящих=1, исходящих=0, операций=1; выборка неполна. Приоритет: охват=0.087, структура=0.029, оборот=0.165"
1845,100000003188607100,peripheral,0.28124525667791533,"Гипотеза: оснований мало: входящих=1, исходящих=1, операций=2; выборка неполна. Приоритет: охват=0.087, структура=0.046, оборот=0.148"
1846,100000001380986100,peripheral,0.2806734593602883,"Гипотеза: оснований мало: входящих=1, исходящих=0, операций=1; выборка неполна. Приоритет: охват=0.087, структура=0.029, оборот=0.164"
1847,100000004030553100,peripheral,0.2806377741477218,"Гипотеза: оснований мало: входящих=1, исходящих=0, операций=1; граница depth=4. Приоритет: охват=0.087, структура=0.029, оборот=0.164"
1848,100000005877725100,peripheral,0.2806377741477218,"Гипотеза: оснований мало: входящих=1, исходящих=0, операций=1; выборка неполна. Приоритет: охват=0.087, структура=0.029, оборот=0.164"
1849,100000006008169100,peripheral,0.2806377741477218,"Гипотеза: оснований мало: входящих=1, исходящих=0, операций=1; выборка неполна. Приоритет: охват=0.087, структура=0.029, оборот=0.164"
1850,100000004739664100,peripheral,0.28060904249160307,"Гипотеза: оснований мало: входящих=1, исходящих=1, операций=2; выборка неполна. Приоритет: охват=0.087, структура=0.046, оборот=0.147"
1851,100000008776420100,peripheral,0.28053231315532273,"Гипотеза: оснований мало: входящих=1, исходящих=0, операций=1; выборка неполна. Приоритет: охват=0.087, структура=0.029, оборот=0.164"
1852,100000004192865100,peripheral,0.2799198387718143,"Гипотеза: оснований мало: входящих=1, исходящих=0, операций=1; выборка неполна. Приоритет: охват=0.087, структура=0.029, оборот=0.163"
1853,100000008712991100,peripheral,0.27979440165223396,"Гипотеза: оснований мало: входящих=1, исходящих=0, операций=1; выборка неполна. Приоритет: охват=0.087, структура=0.029, оборот=0.163"
1854,100000002199091100,peripheral,0.2795475170619953,"Гипотеза: оснований мало: входящих=1, исходящих=0, операций=1; выборка неполна. Приоритет: охват=0.087, структура=0.029, оборот=0.163"
1855,100000004066370100,peripheral,0.2795475170619953,"Гипотеза: оснований мало: входящих=1, исходящих=0, операций=2; граница depth=4. Приоритет: охват=0.087, структура=0.029, оборот=0.163"
1856,100000005608515100,peripheral,0.27931942368270846,"Гипотеза: оснований мало: входящих=1, исходящих=0, операций=4; выборка неполна. Приоритет: охват=0.087, структура=0.029, оборот=0.163"
1857,100000006989106100,peripheral,0.27931942368270846,"Гипотеза: оснований мало: входящих=1, исходящих=0, операций=2; выборка неполна. Приоритет: охват=0.087, структура=0.029, оборот=0.163"
1858,100000004697956100,peripheral,0.2791758841659533,"Гипотеза: оснований мало: входящих=1, исходящих=1, операций=2; выборка неполна. Приоритет: охват=0.087, структура=0.046, оборот=0.146"
1859,100000008571433100,peripheral,0.27914434116692743,"Гипотеза: оснований мало: входящих=2, исходящих=2, операций=5; вход seed неполон. Приоритет: охват=0.000, структура=0.067, оборот=0.212"
1860,100000003567087100,peripheral,0.2788796082240998,"Гипотеза: оснований мало: входящих=1, исходящих=0, операций=1; выборка неполна. Приоритет: охват=0.087, структура=0.029, оборот=0.162"
1861,100000002844652100,peripheral,0.2786996934953131,"Гипотеза: оснований мало: входящих=1, исходящих=0, операций=1; выборка неполна. Приоритет: охват=0.087, структура=0.029, оборот=0.162"
1862,100000008765627100,peripheral,0.2783699511007109,"Гипотеза: оснований мало: входящих=1, исходящих=0, операций=1; выборка неполна. Приоритет: охват=0.087, структура=0.029, оборот=0.162"
1863,100000008028628100,peripheral,0.2776730403886639,"Гипотеза: оснований мало: входящих=1, исходящих=0, операций=1; выборка неполна. Приоритет: охват=0.087, структура=0.029, оборот=0.161"
1864,100000002305007100,peripheral,0.27735494849997233,"Гипотеза: оснований мало: входящих=1, исходящих=0, операций=1; выборка неполна. Приоритет: охват=0.087, структура=0.029, оборот=0.161"
1865,100000002864680100,peripheral,0.2773370734458198,"Гипотеза: оснований мало: входящих=1, исходящих=0, операций=1; выборка неполна. Приоритет: охват=0.087, структура=0.029, оборот=0.161"
1866,100000008745489100,peripheral,0.2772333385000422,"Гипотеза: оснований мало: входящих=1, исходящих=0, операций=1; выборка неполна. Приоритет: охват=0.087, структура=0.029, оборот=0.161"
1867,100000008736760100,peripheral,0.27702472288327157,"Гипотеза: оснований мало: входящих=1, исходящих=0, операций=1; выборка неполна. Приоритет: охват=0.087, структура=0.029, оборот=0.161"
1868,100000008008463100,peripheral,0.2768688764333771,"Гипотеза: оснований мало: входящих=1, исходящих=0, операций=1; выборка неполна. Приоритет: охват=0.087, структура=0.029, оборот=0.160"
1869,100000001696818100,peripheral,0.27669680800127316,"Гипотеза: оснований мало: входящих=1, исходящих=0, операций=1; выборка неполна. Приоритет: охват=0.087, структура=0.029, оборот=0.160"
1870,100000008219168100,peripheral,0.2766003376180044,"Гипотеза: оснований мало: входящих=1, исходящих=0, операций=2; выборка неполна. Приоритет: охват=0.087, структура=0.029, оборот=0.160"
1871,100000008746673100,peripheral,0.27655824408590646,"Гипотеза: оснований мало: входящих=1, исходящих=0, операций=1; выборка неполна. Приоритет: охват=0.087, структура=0.029, оборот=0.160"
1872,100000007303047100,peripheral,0.2763352551792379,"Гипотеза: оснований мало: входящих=1, исходящих=0, операций=1; выборка неполна. Приоритет: охват=0.087, структура=0.029, оборот=0.160"
1873,100000004257714100,peripheral,0.276326805858788,"Гипотеза: оснований мало: входящих=1, исходящих=0, операций=1; выборка неполна. Приоритет: охват=0.087, структура=0.029, оборот=0.160"
1874,100000004841728100,peripheral,0.27632342477141597,"Гипотеза: оснований мало: входящих=1, исходящих=0, операций=1; выборка неполна. Приоритет: охват=0.087, структура=0.029, оборот=0.160"
1875,100000008684452100,peripheral,0.2762080030045816,"Гипотеза: оснований мало: входящих=1, исходящих=0, операций=1; выборка неполна. Приоритет: охват=0.087, структура=0.029, оборот=0.160"
1876,100000008304115100,peripheral,0.2759790229714628,"Гипотеза: оснований мало: входящих=1, исходящих=0, операций=1; выборка неполна. Приоритет: охват=0.087, структура=0.029, оборот=0.159"
1877,100000001250022100,peripheral,0.2756876933520902,"Гипотеза: оснований мало: входящих=1, исходящих=0, операций=1; выборка неполна. Приоритет: охват=0.087, структура=0.029, оборот=0.159"
1878,100000002369443100,peripheral,0.2756876933520902,"Гипотеза: оснований мало: входящих=1, исходящих=0, операций=1; выборка неполна. Приоритет: охват=0.087, структура=0.029, оборот=0.159"
1879,100000002842337100,peripheral,0.2756876933520902,"Гипотеза: оснований мало: входящих=1, исходящих=0, операций=1; выборка неполна. Приоритет: охват=0.087, структура=0.029, оборот=0.159"
1880,100000003922499100,peripheral,0.2756876933520902,"Гипотеза: оснований мало: входящих=1, исходящих=0, операций=1; выборка неполна. Приоритет: охват=0.087, структура=0.029, оборот=0.159"
1881,100000004491749100,peripheral,0.2756876933520902,"Гипотеза: оснований мало: входящих=1, исходящих=0, операций=1; выборка неполна. Приоритет: охват=0.087, структура=0.029, оборот=0.159"
1882,100000008772058100,peripheral,0.2756876933520902,"Гипотеза: оснований мало: входящих=1, исходящих=0, операций=1; выборка неполна. Приоритет: охват=0.087, структура=0.029, оборот=0.159"
1883,100000008713685100,peripheral,0.2755991575107032,"Гипотеза: оснований мало: входящих=1, исходящих=0, операций=1; выборка неполна. Приоритет: охват=0.087, структура=0.029, оборот=0.159"
1884,100000008782421100,peripheral,0.27559323613397035,"Гипотеза: оснований мало: входящих=1, исходящих=0, операций=1; выборка неполна. Приоритет: охват=0.087, структура=0.029, оборот=0.159"
1885,100000001279875100,peripheral,0.2754608652624726,"Гипотеза: оснований мало: входящих=1, исходящих=0, операций=1; выборка неполна. Приоритет: охват=0.087, структура=0.029, оборот=0.159"
1886,100000008557672100,peripheral,0.2754279599560623,"Гипотеза: оснований мало: входящих=1, исходящих=0, операций=1; выборка неполна. Приоритет: охват=0.087, структура=0.029, оборот=0.159"
1887,100000008677518100,peripheral,0.2753001297907409,"Гипотеза: оснований мало: входящих=1, исходящих=0, операций=1; выборка неполна. Приоритет: охват=0.087, структура=0.029, оборот=0.159"
1888,100000005961971100,peripheral,0.2748874848605922,"Гипотеза: оснований мало: входящих=1, исходящих=0, операций=1; выборка неполна. Приоритет: охват=0.087, структура=0.029, оборот=0.158"
1889,100000008749618100,peripheral,0.27486478769722744,"Гипотеза: оснований мало: входящих=1, исходящих=0, операций=1; выборка неполна. Приоритет: охват=0.087, структура=0.029, оборот=0.158"
1890,100000008745725100,peripheral,0.2747961727374695,"Гипотеза: оснований мало: входящих=1, исходящих=0, операций=1; выборка неполна. Приоритет: охват=0.087, структура=0.029, оборот=0.158"
1891,100000008768896100,peripheral,0.2747961727374695,"Гипотеза: оснований мало: входящих=1, исходящих=0, операций=1; выборка неполна. Приоритет: охват=0.087, структура=0.029, оборот=0.158"
1892,100000002952756100,peripheral,0.2747774038934836,"Гипотеза: оснований мало: входящих=1, исходящих=0, операций=1; выборка неполна. Приоритет: охват=0.087, структура=0.029, оборот=0.158"
1893,100000004096559100,peripheral,0.2745248373358933,"Гипотеза: оснований мало: входящих=1, исходящих=0, операций=1; выборка неполна. Приоритет: охват=0.087, структура=0.029, оборот=0.158"
1894,100000004613582100,peripheral,0.2744539034966287,"Гипотеза: оснований мало: входящих=1, исходящих=1, операций=2; выборка неполна. Приоритет: охват=0.087, структура=0.046, оборот=0.141"
1895,100000008754747100,peripheral,0.2743002278511122,"Гипотеза: оснований мало: входящих=1, исходящих=0, операций=1; выборка неполна. Приоритет: охват=0.087, структура=0.029, оборот=0.158"
1896,100000002706810100,peripheral,0.27413766673590145,"Гипотеза: оснований мало: входящих=1, исходящих=0, операций=1; граница depth=4. Приоритет: охват=0.087, структура=0.029, оборот=0.158"
1897,100000007861311100,peripheral,0.27413766673590145,"Гипотеза: оснований мало: входящих=1, исходящих=0, операций=1; выборка неполна. Приоритет: охват=0.087, структура=0.029, оборот=0.158"
1898,100000002908521100,peripheral,0.27397328929838705,"Гипотеза: оснований мало: входящих=1, исходящих=0, операций=1; выборка неполна. Приоритет: охват=0.087, структура=0.029, оборот=0.157"
1899,100000008772246100,peripheral,0.27397328929838705,"Гипотеза: оснований мало: входящих=1, исходящих=0, операций=1; выборка неполна. Приоритет: охват=0.087, структура=0.029, оборот=0.157"
1900,100000000978041100,peripheral,0.2739550951444957,"Гипотеза: оснований мало: входящих=1, исходящих=0, операций=1; выборка неполна. Приоритет: охват=0.087, структура=0.029, оборот=0.157"
1901,100000004254434100,peripheral,0.2739550951444957,"Гипотеза: оснований мало: входящих=1, исходящих=0, операций=2; выборка неполна. Приоритет: охват=0.087, структура=0.029, оборот=0.157"
1902,100000008744849100,peripheral,0.2739550951444957,"Гипотеза: оснований мало: входящих=1, исходящих=0, операций=1; выборка неполна. Приоритет: охват=0.087, структура=0.029, оборот=0.157"
1903,100000008688881100,peripheral,0.27387743479161375,"Гипотеза: оснований мало: входящих=1, исходящих=0, операций=1; выборка неполна. Приоритет: охват=0.087, структура=0.029, оборот=0.157"
1904,100000001740277100,peripheral,0.2736101532063804,"Гипотеза: оснований мало: входящих=1, исходящих=1, операций=2; выборка неполна. Приоритет: охват=0.087, структура=0.046, оборот=0.140"
1905,100000008782800100,peripheral,0.2735986191362807,"Гипотеза: оснований мало: входящих=1, исходящих=0, операций=1; выборка неполна. Приоритет: охват=0.087, структура=0.029, оборот=0.157"
1906,100000008687617100,peripheral,0.2735881024778768,"Гипотеза: оснований мало: входящих=1, исходящих=0, операций=2; выборка неполна. Приоритет: охват=0.087, структура=0.029, оборот=0.157"
1907,100000008661585100,peripheral,0.27351700297007037,"Гипотеза: оснований мало: входящих=1, исходящих=0, операций=1; выборка неполна. Приоритет: охват=0.087, структура=0.029, оборот=0.157"
1908,100000008776298100,peripheral,0.2734002557435039,"Гипотеза: оснований мало: входящих=1, исходящих=0, операций=1; выборка неполна. Приоритет: охват=0.087, структура=0.029, оборот=0.157"
1909,100000006232815100,distributor,0.27321241530119067,"Гипотеза: распределение: 5 получателей, макс. доля=40%; вход seed неполон. Приоритет: охват=0.000, структура=0.081, оборот=0.192"
1910,100000006471232100,peripheral,0.27305244738025164,"Гипотеза: оснований мало: входящих=1, исходящих=0, операций=1; выборка неполна. Приоритет: охват=0.087, структура=0.029, оборот=0.157"
1911,100000008717340100,peripheral,0.27294648099312835,"Гипотеза: оснований мало: входящих=1, исходящих=0, операций=1; выборка неполна. Приоритет: охват=0.087, структура=0.029, оборот=0.156"
1912,100000006746688100,peripheral,0.27276815638904356,"Гипотеза: оснований мало: входящих=1, исходящих=0, операций=1; выборка неполна. Приоритет: охват=0.087, структура=0.029, оборот=0.156"
1913,100000008745474100,peripheral,0.27260905986046324,"Гипотеза: оснований мало: входящих=1, исходящих=0, операций=1; выборка неполна. Приоритет: охват=0.087, структура=0.029, оборот=0.156"
1914,100000001418900100,peripheral,0.27245628938408184,"Гипотеза: оснований мало: входящих=1, исходящих=0, операций=2; выборка неполна. Приоритет: охват=0.087, структура=0.029, оборот=0.156"
1915,100000005100475100,peripheral,0.2724048887206106,"Гипотеза: оснований мало: входящих=1, исходящих=0, операций=1; выборка неполна. Приоритет: охват=0.087, структура=0.029, оборот=0.156"
1916,100000005636951100,peripheral,0.2724048887206106,"Гипотеза: оснований мало: входящих=1, исходящих=0, операций=1; граница depth=4. Приоритет: охват=0.087, структура=0.029, оборот=0.156"
1917,100000006369769100,peripheral,0.2724048887206106,"Гипотеза: оснований мало: входящих=1, исходящих=0, операций=1; выборка неполна. Приоритет: охват=0.087, структура=0.029, оборот=0.156"
1918,100000007938486100,peripheral,0.27221983488124957,"Гипотеза: оснований мало: входящих=1, исходящих=0, операций=1; выборка неполна. Приоритет: охват=0.087, структура=0.029, оборот=0.156"
1919,100000008735384100,peripheral,0.2721151788726877,"Гипотеза: оснований мало: входящих=1, исходящих=0, операций=1; выборка неполна. Приоритет: охват=0.087, структура=0.029, оборот=0.156"
1920,100000008771819100,peripheral,0.27199465322392036,"Гипотеза: оснований мало: входящих=1, исходящих=0, операций=1; выборка неполна. Приоритет: охват=0.087, структура=0.029, оборот=0.155"
1921,100000001307612100,peripheral,0.2718360967805562,"Гипотеза: оснований мало: входящих=1, исходящих=0, операций=1; выборка неполна. Приоритет: охват=0.087, структура=0.029, оборот=0.155"
1922,100000008687671100,peripheral,0.2714554253331998,"Гипотеза: оснований мало: входящих=1, исходящих=0, операций=1; выборка неполна. Приоритет: охват=0.087, структура=0.029, оборот=0.155"
1923,100000008671081100,peripheral,0.2713372595374668,"Гипотеза: оснований мало: входящих=1, исходящих=0, операций=1; выборка неполна. Приоритет: охват=0.087, структура=0.029, оборот=0.155"
1924,100000002369510100,peripheral,0.2713174726338453,"Гипотеза: оснований мало: входящих=1, исходящих=0, операций=1; выборка неполна. Приоритет: охват=0.087, структура=0.029, оборот=0.155"
1925,100000008749405100,peripheral,0.2713174726338453,"Гипотеза: оснований мало: входящих=1, исходящих=0, операций=1; выборка неполна. Приоритет: охват=0.087, структура=0.029, оборот=0.155"
1926,100000002211413100,peripheral,0.271257951745278,"Гипотеза: оснований мало: входящих=1, исходящих=0, операций=1; выборка неполна. Приоритет: охват=0.087, структура=0.029, оборот=0.155"
1927,100000002340562100,peripheral,0.2711181259839247,"Гипотеза: оснований мало: входящих=1, исходящих=0, операций=2; выборка неполна. Приоритет: охват=0.087, структура=0.029, оборот=0.155"
1928,100000008695133100,peripheral,0.2711020609484905,"Гипотеза: оснований мало: входящих=1, исходящих=0, операций=1; выборка неполна. Приоритет: охват=0.087, структура=0.029, оборот=0.155"
1929,100000008741372100,peripheral,0.270844650375878,"Гипотеза: оснований мало: входящих=1, исходящих=0, операций=1; выборка неполна. Приоритет: охват=0.087, структура=0.029, оборот=0.154"
1930,100000005901606100,peripheral,0.2707152676233153,"Гипотеза: оснований мало: входящих=1, исходящих=0, операций=1; выборка неполна. Приоритет: охват=0.087, структура=0.029, оборот=0.154"
1931,100000008753193100,peripheral,0.27053470471754126,"Гипотеза: оснований мало: входящих=1, исходящих=0, операций=1; выборка неполна. Приоритет: охват=0.087, структура=0.029, оборот=0.154"
1932,100000004463277100,peripheral,0.2704404332405298,"Гипотеза: оснований мало: входящих=1, исходящих=0, операций=1; выборка неполна. Приоритет: охват=0.087, структура=0.029, оборот=0.154"
1933,100000004494983100,peripheral,0.2704404332405298,"Гипотеза: оснований мало: входящих=1, исходящих=0, операций=1; выборка неполна. Приоритет: охват=0.087, структура=0.029, оборот=0.154"
1934,100000002589019100,peripheral,0.2703180298678983,"Гипотеза: оснований мало: входящих=1, исходящих=0, операций=1; выборка неполна. Приоритет: охват=0.087, структура=0.029, оборот=0.154"
1935,100000001557930100,peripheral,0.2702755845646243,"Гипотеза: оснований мало: входящих=1, исходящих=0, операций=1; выборка неполна. Приоритет: охват=0.087, структура=0.029, оборот=0.154"
1936,100000008745676100,peripheral,0.27024878101028604,"Гипотеза: оснований мало: входящих=1, исходящих=0, операций=1; граница depth=4. Приоритет: охват=0.087, структура=0.029, оборот=0.154"
1937,100000005237935150,peripheral,0.27023216382856213,"Гипотеза: оснований мало: входящих=1, исходящих=0, операций=1; выборка неполна. Приоритет: охват=0.087, структура=0.029, оборот=0.154"
1938,100000003044518100,peripheral,0.27019588173073816,"Гипотеза: оснований мало: входящих=1, исходящих=0, операций=1; выборка неполна. Приоритет: охват=0.087, структура=0.029, оборот=0.154"
1939,100000008667795100,peripheral,0.27001398222561146,"Гипотеза: оснований мало: входящих=1, исходящих=0, операций=1; выборка неполна. Приоритет: охват=0.087, структура=0.029, оборот=0.154"
1940,100000008667799100,peripheral,0.27001398222561146,"Гипотеза: оснований мало: входящих=1, исходящих=0, операций=1; выборка неполна. Приоритет: охват=0.087, структура=0.029, оборот=0.154"
1941,100000008695566100,peripheral,0.2698835986092716,"Гипотеза: оснований мало: входящих=1, исходящих=0, операций=1; выборка неполна. Приоритет: охват=0.087, структура=0.029, оборот=0.153"
1942,100000002810870100,peripheral,0.26987355467838836,"Гипотеза: оснований мало: входящих=1, исходящих=0, операций=1; выборка неполна. Приоритет: охват=0.087, структура=0.029, оборот=0.153"
1943,100000008470470100,peripheral,0.26981665536231486,"Гипотеза: оснований мало: входящих=1, исходящих=0, операций=1; выборка неполна. Приоритет: охват=0.087, структура=0.029, оборот=0.153"
1944,100000008715513100,peripheral,0.2693501923210688,"Гипотеза: оснований мало: входящих=1, исходящих=0, операций=1; граница depth=4. Приоритет: охват=0.087, структура=0.029, оборот=0.153"
1945,100000008696919100,peripheral,0.26909679533943726,"Гипотеза: оснований мало: входящих=1, исходящих=0, операций=1; выборка неполна. Приоритет: охват=0.087, структура=0.029, оборот=0.153"
1946,100000002158488100,peripheral,0.26899420173026156,"Гипотеза: оснований мало: входящих=1, исходящих=0, операций=1; выборка неполна. Приоритет: охват=0.087, структура=0.029, оборот=0.152"
1947,100000002670463100,peripheral,0.26889042063500973,"Гипотеза: оснований мало: входящих=1, исходящих=0, операций=1; граница depth=4. Приоритет: охват=0.087, структура=0.029, оборот=0.152"
1948,100000008779584100,peripheral,0.268843643207401,"Гипотеза: оснований мало: входящих=1, исходящих=0, операций=1; выборка неполна. Приоритет: охват=0.087, структура=0.029, оборот=0.152"
1949,100000008684767100,peripheral,0.2687024118610912,"Гипотеза: оснований мало: входящих=1, исходящих=0, операций=1; выборка неполна. Приоритет: охват=0.087, структура=0.029, оборот=0.152"
1950,100000008769097100,peripheral,0.2687024118610912,"Гипотеза: оснований мало: входящих=1, исходящих=0, операций=1; выборка неполна. Приоритет: охват=0.087, структура=0.029, оборот=0.152"
1951,100000007982908100,peripheral,0.2686929480568583,"Гипотеза: оснований мало: входящих=1, исходящих=0, операций=1; выборка неполна. Приоритет: охват=0.087, структура=0.029, оборот=0.152"
1952,100000008736173100,peripheral,0.2686834781608968,"Гипотеза: оснований мало: входящих=1, исходящих=0, операций=1; выборка неполна. Приоритет: охват=0.087, структура=0.029, оборот=0.152"
1953,100000004797167100,peripheral,0.26865503184409145,"Гипотеза: оснований мало: входящих=1, исходящих=0, операций=1; граница depth=4. Приоритет: охват=0.087, структура=0.029, оборот=0.152"
1954,100000002324543100,peripheral,0.26827137043255156,"Гипотеза: оснований мало: входящих=1, исходящих=0, операций=1; выборка неполна. Приоритет: охват=0.087, структура=0.029, оборот=0.152"
1955,100000002794197100,peripheral,0.2682216018938117,"Гипотеза: оснований мало: входящих=1, исходящих=0, операций=1; выборка неполна. Приоритет: охват=0.087, структура=0.029, оборот=0.152"
1956,100000001852140100,peripheral,0.2681726452203601,"Гипотеза: оснований мало: входящих=1, исходящих=0, операций=1; выборка неполна. Приоритет: охват=0.087, структура=0.029, оборот=0.152"
1957,100000002820010100,peripheral,0.2681726452203601,"Гипотеза: оснований мало: входящих=1, исходящих=0, операций=1; выборка неполна. Приоритет: охват=0.087, структура=0.029, оборот=0.152"
1958,100000003157333100,peripheral,0.2681726452203601,"Гипотеза: оснований мало: входящих=1, исходящих=0, операций=1; выборка неполна. Приоритет: охват=0.087, структура=0.029, оборот=0.152"
1959,100000003980083100,peripheral,0.2681726452203601,"Гипотеза: оснований мало: входящих=1, исходящих=0, операций=1; выборка неполна. Приоритет: охват=0.087, структура=0.029, оборот=0.152"
1960,100000004058740100,peripheral,0.2681726452203601,"Гипотеза: оснований мало: входящих=1, исходящих=0, операций=1; выборка неполна. Приоритет: охват=0.087, структура=0.029, оборот=0.152"
1961,100000004687099100,peripheral,0.2681726452203601,"Гипотеза: оснований мало: входящих=1, исходящих=0, операций=1; выборка неполна. Приоритет: охват=0.087, структура=0.029, оборот=0.152"
1962,100000004825069100,peripheral,0.2681726452203601,"Гипотеза: оснований мало: входящих=1, исходящих=0, операций=4; выборка неполна. Приоритет: охват=0.087, структура=0.029, оборот=0.152"
1963,100000005082652100,peripheral,0.2681726452203601,"Гипотеза: оснований мало: входящих=1, исходящих=0, операций=1; выборка неполна. Приоритет: охват=0.087, структура=0.029, оборот=0.152"
1964,100000008727982100,peripheral,0.2681726452203601,"Гипотеза: оснований мало: входящих=1, исходящих=0, операций=2; граница depth=4. Приоритет: охват=0.087, структура=0.029, оборот=0.152"
1965,100000008738658100,peripheral,0.2681333622455493,"Гипотеза: оснований мало: входящих=1, исходящих=0, операций=1; выборка неполна. Приоритет: охват=0.087, структура=0.029, оборот=0.152"
1966,100000008782056100,peripheral,0.26771544317350787,"Гипотеза: оснований мало: входящих=1, исходящих=0, операций=1; выборка неполна. Приоритет: охват=0.087, структура=0.029, оборот=0.151"
1967,100000008283183100,peripheral,0.26767390398119284,"Гипотеза: оснований мало: входящих=1, исходящих=0, операций=1; выборка неполна. Приоритет: охват=0.087, структура=0.029, оборот=0.151"
1968,100000005198498100,peripheral,0.26757209425090733,"Гипотеза: оснований мало: входящих=1, исходящих=0, операций=1; выборка неполна. Приоритет: охват=0.087, структура=0.029, оборот=0.151"
1969,100000008507703100,peripheral,0.2674180463211858,"Гипотеза: оснований мало: входящих=1, исходящих=0, операций=1; выборка неполна. Приоритет: охват=0.087, структура=0.029, оборот=0.151"
1970,100000008753061100,peripheral,0.2673663364638562,"Гипотеза: оснований мало: входящих=1, исходящих=0, операций=2; выборка неполна. Приоритет: охват=0.087, структура=0.029, оборот=0.151"
1971,100000008055972100,peripheral,0.2673144442144969,"Гипотеза: оснований мало: входящих=1, исходящих=0, операций=1; выборка неполна. Приоритет: охват=0.087, структура=0.029, оборот=0.151"
1972,100000008653041100,peripheral,0.2671576601329484,"Гипотеза: оснований мало: входящих=1, исходящих=0, операций=1; выборка неполна. Приоритет: охват=0.087, структура=0.029, оборот=0.151"
1973,100000001954903100,peripheral,0.26668679463353384,"Гипотеза: оснований мало: входящих=1, исходящих=0, операций=1; выборка неполна. Приоритет: охват=0.087, структура=0.029, оборот=0.150"
1974,100000001308856100,peripheral,0.26662264039843536,"Гипотеза: оснований мало: входящих=1, исходящих=0, операций=1; выборка неполна. Приоритет: охват=0.087, структура=0.029, оборот=0.150"
1975,100000002103448100,peripheral,0.26662264039843536,"Гипотеза: оснований мало: входящих=1, исходящих=0, операций=1; выборка неполна. Приоритет: охват=0.087, структура=0.029, оборот=0.150"
1976,100000005328215100,peripheral,0.26662264039843536,"Гипотеза: оснований мало: входящих=1, исходящих=0, операций=1; выборка неполна. Приоритет: охват=0.087, структура=0.029, оборот=0.150"
1977,100000006701983100,peripheral,0.26662264039843536,"Гипотеза: оснований мало: входящих=1, исходящих=0, операций=1; выборка неполна. Приоритет: охват=0.087, структура=0.029, оборот=0.150"
1978,100000008691495100,peripheral,0.26662264039843536,"Гипотеза: оснований мало: входящих=1, исходящих=0, операций=1; выборка неполна. Приоритет: охват=0.087, структура=0.029, оборот=0.150"
1979,100000008690762100,peripheral,0.2664857890957314,"Гипотеза: оснований мало: входящих=1, исходящих=0, операций=1; выборка неполна. Приоритет: охват=0.087, структура=0.029, оборот=0.150"
1980,100000002214570100,peripheral,0.26633154474934967,"Гипотеза: оснований мало: входящих=1, исходящих=0, операций=1; выборка неполна. Приоритет: охват=0.087, структура=0.029, оборот=0.150"
1981,100000008666075100,peripheral,0.2661897012927944,"Гипотеза: оснований мало: входящих=1, исходящих=0, операций=1; выборка неполна. Приоритет: охват=0.087, структура=0.029, оборот=0.150"
1982,100000004435304100,peripheral,0.26618015882662993,"Гипотеза: оснований мало: входящих=1, исходящих=0, операций=1; выборка неполна. Приоритет: охват=0.087, структура=0.029, оборот=0.150"
1983,100000004783447100,peripheral,0.26618015882662993,"Гипотеза: оснований мало: входящих=1, исходящих=0, операций=1; выборка неполна. Приоритет: охват=0.087, структура=0.029, оборот=0.150"
1984,100000005674387100,peripheral,0.26618015882662993,"Гипотеза: оснований мало: входящих=1, исходящих=0, операций=1; выборка неполна. Приоритет: охват=0.087, структура=0.029, оборот=0.150"
1985,100000006491272100,peripheral,0.26618015882662993,"Гипотеза: оснований мало: входящих=1, исходящих=0, операций=1; выборка неполна. Приоритет: охват=0.087, структура=0.029, оборот=0.150"
1986,100000008656043100,peripheral,0.26618015882662993,"Гипотеза: оснований мало: входящих=1, исходящих=0, операций=1; выборка неполна. Приоритет: охват=0.087, структура=0.029, оборот=0.150"
1987,100000008662216100,peripheral,0.26618015882662993,"Гипотеза: оснований мало: входящих=1, исходящих=0, операций=1; выборка неполна. Приоритет: охват=0.087, структура=0.029, оборот=0.150"
1988,100000008671129100,peripheral,0.26618015882662993,"Гипотеза: оснований мало: входящих=1, исходящих=0, операций=1; выборка неполна. Приоритет: охват=0.087, структура=0.029, оборот=0.150"
1989,100000008695689100,peripheral,0.26618015882662993,"Гипотеза: оснований мало: входящих=1, исходящих=0, операций=1; выборка неполна. Приоритет: охват=0.087, структура=0.029, оборот=0.150"
1990,100000008707810100,peripheral,0.26618015882662993,"Гипотеза: оснований мало: входящих=1, исходящих=0, операций=1; выборка неполна. Приоритет: охват=0.087, структура=0.029, оборот=0.150"
1991,100000008734364100,peripheral,0.26618015882662993,"Гипотеза: оснований мало: входящих=1, исходящих=0, операций=1; выборка неполна. Приоритет: охват=0.087, структура=0.029, оборот=0.150"
1992,100000004634420100,peripheral,0.266152056823199,"Гипотеза: оснований мало: входящих=1, исходящих=0, операций=1; выборка неполна. Приоритет: охват=0.087, структура=0.029, оборот=0.150"
1993,100000005685783100,peripheral,0.266152056823199,"Гипотеза: оснований мало: входящих=1, исходящих=0, операций=1; граница depth=4. Приоритет: охват=0.087, структура=0.029, оборот=0.150"
1994,100000008717802100,peripheral,0.266152056823199,"Гипотеза: оснований мало: входящих=1, исходящих=0, операций=1; выборка неполна. Приоритет: охват=0.087, структура=0.029, оборот=0.150"
1995,100000008764654100,peripheral,0.266152056823199,"Гипотеза: оснований мало: входящих=1, исходящих=0, операций=1; выборка неполна. Приоритет: охват=0.087, структура=0.029, оборот=0.150"
1996,100000008776720100,peripheral,0.266152056823199,"Гипотеза: оснований мало: входящих=1, исходящих=0, операций=1; выборка неполна. Приоритет: охват=0.087, структура=0.029, оборот=0.150"
1997,100000004218576100,peripheral,0.26614868097271077,"Гипотеза: оснований мало: входящих=1, исходящих=0, операций=1; выборка неполна. Приоритет: охват=0.087, структура=0.029, оборот=0.150"
1998,100000005092518100,peripheral,0.26614868097271077,"Гипотеза: оснований мало: входящих=1, исходящих=0, операций=1; выборка неполна. Приоритет: охват=0.087, структура=0.029, оборот=0.150"
1999,100000008773876100,peripheral,0.2661351698190917,"Гипотеза: оснований мало: входящих=1, исходящих=0, операций=1; выборка неполна. Приоритет: охват=0.087, структура=0.029, оборот=0.150"
2000,100000005228059100,peripheral,0.2660674272964403,"Гипотеза: оснований мало: входящих=1, исходящих=0, операций=1; выборка неполна. Приоритет: охват=0.087, структура=0.029, оборот=0.150"
2001,100000008601794100,peripheral,0.26586296032525913,"Гипотеза: оснований мало: входящих=2, исходящих=1, операций=21; вход seed неполон. Приоритет: охват=0.000, структура=0.058, оборот=0.208"
2002,100000000703902100,peripheral,0.26578118343106466,"Гипотеза: оснований мало: входящих=1, исходящих=0, операций=1; выборка неполна. Приоритет: охват=0.087, структура=0.029, оборот=0.149"
2003,100000008697670100,peripheral,0.26569496731843767,"Гипотеза: оснований мало: входящих=1, исходящих=0, операций=1; выборка неполна. Приоритет: охват=0.087, структура=0.029, оборот=0.149"
2004,100000004213658100,peripheral,0.2656932262241699,"Гипотеза: оснований мало: входящих=1, исходящих=0, операций=1; выборка неполна. Приоритет: охват=0.087, структура=0.029, оборот=0.149"
2005,100000006326645100,peripheral,0.2656449740568321,"Гипотеза: оснований мало: входящих=1, исходящих=0, операций=1; выборка неполна. Приоритет: охват=0.087, структура=0.029, оборот=0.149"
2006,100000002680477100,peripheral,0.2654904365088969,"Гипотеза: оснований мало: входящих=1, исходящих=0, операций=1; выборка неполна. Приоритет: охват=0.087, структура=0.029, оборот=0.149"
2007,100000003617552100,peripheral,0.2654904365088969,"Гипотеза: оснований мало: входящих=1, исходящих=0, операций=1; выборка неполна. Приоритет: охват=0.087, структура=0.029, оборот=0.149"
2008,100000008383405100,peripheral,0.2654904365088969,"Гипотеза: оснований мало: входящих=1, исходящих=0, операций=2; выборка неполна. Приоритет: охват=0.087, структура=0.029, оборот=0.149"
2009,100000002858835100,peripheral,0.2651330579460736,"Гипотеза: оснований мало: входящих=1, исходящих=0, операций=1; выборка неполна. Приоритет: охват=0.087, структура=0.029, оборот=0.149"
2010,100000008753897100,peripheral,0.2649205063777961,"Гипотеза: оснований мало: входящих=1, исходящих=0, операций=1; выборка неполна. Приоритет: охват=0.087, структура=0.029, оборот=0.148"
2011,100000001870116100,peripheral,0.2648898896257928,"Гипотеза: оснований мало: входящих=1, исходящих=0, операций=1; выборка неполна. Приоритет: охват=0.087, структура=0.029, оборот=0.148"
2012,100000002373386100,peripheral,0.2648898896257928,"Гипотеза: оснований мало: входящих=1, исходящих=0, операций=1; выборка неполна. Приоритет: охват=0.087, структура=0.029, оборот=0.148"
2013,100000008688476100,peripheral,0.2648898896257928,"Гипотеза: оснований мало: входящих=1, исходящих=0, операций=1; выборка неполна. Приоритет: охват=0.087, структура=0.029, оборот=0.148"
2014,100000008691168100,peripheral,0.2648898896257928,"Гипотеза: оснований мало: входящих=1, исходящих=0, операций=1; выборка неполна. Приоритет: охват=0.087, структура=0.029, оборот=0.148"
2015,100000008765494100,peripheral,0.2648898896257928,"Гипотеза: оснований мало: входящих=1, исходящих=0, операций=1; выборка неполна. Приоритет: охват=0.087, структура=0.029, оборот=0.148"
2016,100000008744364100,peripheral,0.26470483889001184,"Гипотеза: оснований мало: входящих=1, исходящих=0, операций=1; выборка неполна. Приоритет: охват=0.087, структура=0.029, оборот=0.148"
2017,100000008771814100,peripheral,0.26470483889001184,"Гипотеза: оснований мало: входящих=1, исходящих=0, операций=1; выборка неполна. Приоритет: охват=0.087, структура=0.029, оборот=0.148"
2018,100000002216999100,peripheral,0.264690555134638,"Гипотеза: оснований мало: входящих=1, исходящих=0, операций=1; выборка неполна. Приоритет: охват=0.087, структура=0.029, оборот=0.148"
2019,100000008708368100,peripheral,0.264690555134638,"Гипотеза: оснований мало: входящих=1, исходящих=0, операций=1; выборка неполна. Приоритет: охват=0.087, структура=0.029, оборот=0.148"
2020,100000008722328100,peripheral,0.264690555134638,"Гипотеза: оснований мало: входящих=1, исходящих=0, операций=1; выборка неполна. Приоритет: охват=0.087, структура=0.029, оборот=0.148"
2021,100000002913340100,peripheral,0.26464263442389857,"Гипотеза: оснований мало: входящих=1, исходящих=0, операций=1; выборка неполна. Приоритет: охват=0.087, структура=0.029, оборот=0.148"
2022,100000008688155100,peripheral,0.26464263442389857,"Гипотеза: оснований мало: входящих=1, исходящих=0, операций=1; выборка неполна. Приоритет: охват=0.087, структура=0.029, оборот=0.148"
2023,100000008671026100,peripheral,0.26460143492650723,"Гипотеза: оснований мало: входящих=1, исходящих=0, операций=1; выборка неполна. Приоритет: охват=0.087, структура=0.029, оборот=0.148"
2024,100000008680451100,peripheral,0.26460143492650723,"Гипотеза: оснований мало: входящих=1, исходящих=0, операций=1; выборка неполна. Приоритет: охват=0.087, структура=0.029, оборот=0.148"
2025,100000002603478100,peripheral,0.26458016583034843,"Гипотеза: оснований мало: входящих=1, исходящих=0, операций=1; выборка неполна. Приоритет: охват=0.087, структура=0.029, оборот=0.148"
2026,100000001273783100,peripheral,0.26439115261387663,"Гипотеза: оснований мало: входящих=1, исходящих=0, операций=1; выборка неполна. Приоритет: охват=0.087, структура=0.029, оборот=0.148"
2027,100000008769636100,peripheral,0.2643390635947918,"Гипотеза: оснований мало: входящих=1, исходящих=0, операций=1; выборка неполна. Приоритет: охват=0.087, структура=0.029, оборот=0.148"
2028,100000007347733100,peripheral,0.2642682577626998,"Гипотеза: оснований мало: входящих=1, исходящих=0, операций=1; выборка неполна. Приоритет: охват=0.087, структура=0.029, оборот=0.148"
2029,100000008690932100,peripheral,0.26426378108660015,"Гипотеза: оснований мало: входящих=1, исходящих=0, операций=1; выборка неполна. Приоритет: охват=0.087, структура=0.029, оборот=0.148"
2030,100000008745863100,peripheral,0.264199679393263,"Гипотеза: оснований мало: входящих=1, исходящих=0, операций=1; выборка неполна. Приоритет: охват=0.087, структура=0.029, оборот=0.148"
2031,100000008661550100,peripheral,0.26413529717873424,"Гипотеза: оснований мало: входящих=1, исходящих=0, операций=1; выборка неполна. Приоритет: охват=0.087, структура=0.029, оборот=0.148"
2032,100000008130868100,peripheral,0.264123678398974,"Гипотеза: оснований мало: входящих=1, исходящих=0, операций=1; граница depth=4. Приоритет: охват=0.087, структура=0.029, оборот=0.148"
2033,100000008746025100,peripheral,0.26360983776912195,"Гипотеза: оснований мало: входящих=1, исходящих=0, операций=1; выборка неполна. Приоритет: охват=0.087, структура=0.029, оборот=0.147"
2034,100000003338583100,peripheral,0.26345184919460585,"Гипотеза: оснований мало: входящих=1, исходящих=0, операций=1; выборка неполна. Приоритет: охват=0.087, структура=0.029, оборот=0.147"
2035,100000001155773100,peripheral,0.263271632531231,"Гипотеза: оснований мало: входящих=1, исходящих=0, операций=1; выборка неполна. Приоритет: охват=0.087, структура=0.029, оборот=0.147"
2036,100000008691330100,peripheral,0.2632305204285712,"Гипотеза: оснований мало: входящих=1, исходящих=0, операций=1; выборка неполна. Приоритет: охват=0.087, структура=0.029, оборот=0.147"
2037,100000003119550100,peripheral,0.2629254691716776,"Гипотеза: оснований мало: входящих=1, исходящих=0, операций=1; выборка неполна. Приоритет: охват=0.087, структура=0.029, оборот=0.146"
2038,100000008695495100,peripheral,0.2629254691716776,"Гипотеза: оснований мало: входящих=1, исходящих=0, операций=1; выборка неполна. Приоритет: охват=0.087, структура=0.029, оборот=0.146"
2039,100000008712036100,peripheral,0.2629254691716776,"Гипотеза: оснований мало: входящих=1, исходящих=0, операций=1; выборка неполна. Приоритет: охват=0.087, структура=0.029, оборот=0.146"
2040,100000008740793100,peripheral,0.2629254691716776,"Гипотеза: оснований мало: входящих=1, исходящих=0, операций=1; выборка неполна. Приоритет: охват=0.087, структура=0.029, оборот=0.146"
2041,100000008742266100,peripheral,0.2629254691716776,"Гипотеза: оснований мало: входящих=1, исходящих=0, операций=1; выборка неполна. Приоритет: охват=0.087, структура=0.029, оборот=0.146"
2042,100000008763688100,peripheral,0.2629254691716776,"Гипотеза: оснований мало: входящих=1, исходящих=0, операций=1; выборка неполна. Приоритет: охват=0.087, структура=0.029, оборот=0.146"
2043,100000002243354100,peripheral,0.2628404591827579,"Гипотеза: оснований мало: входящих=1, исходящих=0, операций=1; выборка неполна. Приоритет: охват=0.087, структура=0.029, оборот=0.146"
2044,100000001991973100,peripheral,0.2627846905618322,"Гипотеза: оснований мало: входящих=1, исходящих=0, операций=1; граница depth=4. Приоритет: охват=0.087, структура=0.029, оборот=0.146"
2045,100000002982252100,peripheral,0.2624412218687122,"Гипотеза: оснований мало: входящих=1, исходящих=0, операций=1; выборка неполна. Приоритет: охват=0.087, структура=0.029, оборот=0.146"
2046,100000008745643100,peripheral,0.26243615314984625,"Гипотеза: оснований мало: входящих=1, исходящих=0, операций=1; выборка неполна. Приоритет: охват=0.087, структура=0.029, оборот=0.146"
2047,100000002459163100,peripheral,0.26233951419531265,"Гипотеза: оснований мало: входящих=1, исходящих=0, операций=1; выборка неполна. Приоритет: охват=0.087, структура=0.029, оборот=0.146"
2048,100000001639766100,peripheral,0.26220770543223415,"Гипотеза: оснований мало: входящих=1, исходящих=0, операций=1; выборка неполна. Приоритет: охват=0.087, структура=0.029, оборот=0.146"
2049,100000002289937100,peripheral,0.26220770543223415,"Гипотеза: оснований мало: входящих=1, исходящих=0, операций=1; выборка неполна. Приоритет: охват=0.087, структура=0.029, оборот=0.146"
2050,100000005056870100,peripheral,0.26220770543223415,"Гипотеза: оснований мало: входящих=1, исходящих=0, операций=1; выборка неполна. Приоритет: охват=0.087, структура=0.029, оборот=0.146"
2051,100000005087923100,peripheral,0.26220770543223415,"Гипотеза: оснований мало: входящих=1, исходящих=0, операций=1; граница depth=4. Приоритет: охват=0.087, структура=0.029, оборот=0.146"
2052,100000005669845100,peripheral,0.26220770543223415,"Гипотеза: оснований мало: входящих=1, исходящих=0, операций=1; выборка неполна. Приоритет: охват=0.087, структура=0.029, оборот=0.146"
2053,100000005756535100,peripheral,0.26220770543223415,"Гипотеза: оснований мало: входящих=1, исходящих=0, операций=1; выборка неполна. Приоритет: охват=0.087, структура=0.029, оборот=0.146"
2054,100000006710485100,peripheral,0.26220770543223415,"Гипотеза: оснований мало: входящих=1, исходящих=0, операций=1; выборка неполна. Приоритет: охват=0.087, структура=0.029, оборот=0.146"
2055,100000007175718100,peripheral,0.26220770543223415,"Гипотеза: оснований мало: входящих=1, исходящих=0, операций=1; выборка неполна. Приоритет: охват=0.087, структура=0.029, оборот=0.146"
2056,100000007337374100,peripheral,0.26220770543223415,"Гипотеза: оснований мало: входящих=1, исходящих=0, операций=2; выборка неполна. Приоритет: охват=0.087, структура=0.029, оборот=0.146"
2057,100000008693069100,peripheral,0.26220770543223415,"Гипотеза: оснований мало: входящих=1, исходящих=0, операций=1; выборка неполна. Приоритет: охват=0.087, структура=0.029, оборот=0.146"
2058,100000008745884100,peripheral,0.26220770543223415,"Гипотеза: оснований мало: входящих=1, исходящих=0, операций=1; выборка неполна. Приоритет: охват=0.087, структура=0.029, оборот=0.146"
2059,100000008776310100,peripheral,0.2616071646785486,"Гипотеза: оснований мало: входящих=1, исходящих=0, операций=1; выборка неполна. Приоритет: охват=0.087, структура=0.029, оборот=0.145"
2060,100000003187359100,peripheral,0.2615087617190954,"Гипотеза: оснований мало: входящих=1, исходящих=0, операций=1; выборка неполна. Приоритет: охват=0.087, структура=0.029, оборот=0.145"
2061,100000008679986100,peripheral,0.26145311943718097,"Гипотеза: оснований мало: входящих=1, исходящих=0, операций=1; выборка неполна. Приоритет: охват=0.087, структура=0.029, оборот=0.145"
2062,100000008696692100,peripheral,0.26145311943718097,"Гипотеза: оснований мало: входящих=1, исходящих=0, операций=1; выборка неполна. Приоритет: охват=0.087, структура=0.029, оборот=0.145"
2063,100000008749063100,peripheral,0.26145311943718097,"Гипотеза: оснований мало: входящих=1, исходящих=0, операций=1; выборка неполна. Приоритет: охват=0.087, структура=0.029, оборот=0.145"
2064,100000004140994100,peripheral,0.26117959701887483,"Гипотеза: оснований мало: входящих=1, исходящих=0, операций=1; выборка неполна. Приоритет: охват=0.087, структура=0.029, оборот=0.145"
2065,100000002881669100,peripheral,0.2611401039307249,"Гипотеза: оснований мало: входящих=1, исходящих=0, операций=1; выборка неполна. Приоритет: охват=0.087, структура=0.029, оборот=0.145"
2066,100000003239859100,peripheral,0.2611401039307249,"Гипотеза: оснований мало: входящих=1, исходящих=0, операций=1; выборка неполна. Приоритет: охват=0.087, структура=0.029, оборот=0.145"
2067,100000001103905100,peripheral,0.2606577278522766,"Гипотеза: оснований мало: входящих=1, исходящих=0, операций=1; выборка неполна. Приоритет: охват=0.087, структура=0.029, оборот=0.144"
2068,100000008712184100,peripheral,0.2606577278522766,"Гипотеза: оснований мало: входящих=1, исходящих=0, операций=1; выборка неполна. Приоритет: охват=0.087, структура=0.029, оборот=0.144"
2069,100000008715887100,peripheral,0.2606577278522766,"Гипотеза: оснований мало: входящих=1, исходящих=0, операций=1; выборка неполна. Приоритет: охват=0.087, структура=0.029, оборот=0.144"
2070,100000008716222100,peripheral,0.2606577278522766,"Гипотеза: оснований мало: входящих=1, исходящих=0, операций=1; выборка неполна. Приоритет: охват=0.087, структура=0.029, оборот=0.144"
2071,100000008754997100,peripheral,0.2606577278522766,"Гипотеза: оснований мало: входящих=1, исходящих=0, операций=1; выборка неполна. Приоритет: охват=0.087, структура=0.029, оборот=0.144"
2072,100000008777088100,peripheral,0.2606577278522766,"Гипотеза: оснований мало: входящих=1, исходящих=0, операций=1; выборка неполна. Приоритет: охват=0.087, структура=0.029, оборот=0.144"
2073,100000002116705100,peripheral,0.2603271267522893,"Гипотеза: оснований мало: входящих=1, исходящих=0, операций=1; выборка неполна. Приоритет: охват=0.087, структура=0.029, оборот=0.144"
2074,100000002511581100,peripheral,0.2603271267522893,"Гипотеза: оснований мало: входящих=1, исходящих=0, операций=1; выборка неполна. Приоритет: охват=0.087, структура=0.029, оборот=0.144"
2075,100000008687990100,peripheral,0.2603271267522893,"Гипотеза: оснований мало: входящих=1, исходящих=0, операций=1; выборка неполна. Приоритет: охват=0.087, структура=0.029, оборот=0.144"
2076,100000008735832100,peripheral,0.2603271267522893,"Гипотеза: оснований мало: входящих=1, исходящих=0, операций=1; выборка неполна. Приоритет: охват=0.087, структура=0.029, оборот=0.144"
2077,100000008755168100,peripheral,0.2603271267522893,"Гипотеза: оснований мало: входящих=1, исходящих=0, операций=1; выборка неполна. Приоритет: охват=0.087, структура=0.029, оборот=0.144"
2078,100000000907277100,peripheral,0.26027185635941685,"Гипотеза: оснований мало: входящих=1, исходящих=0, операций=1; выборка неполна. Приоритет: охват=0.087, структура=0.029, оборот=0.144"
2079,100000008667058100,peripheral,0.26027185635941685,"Гипотеза: оснований мало: входящих=1, исходящих=0, операций=1; выборка неполна. Приоритет: охват=0.087, структура=0.029, оборот=0.144"
2080,100000008691027100,peripheral,0.26027185635941685,"Гипотеза: оснований мало: входящих=1, исходящих=0, операций=1; выборка неполна. Приоритет: охват=0.087, структура=0.029, оборот=0.144"
2081,100000008729801100,peripheral,0.26027185635941685,"Гипотеза: оснований мало: входящих=1, исходящих=0, операций=1; выборка неполна. Приоритет: охват=0.087, структура=0.029, оборот=0.144"
2082,100000008683818100,peripheral,0.2601589978856198,"Гипотеза: оснований мало: входящих=1, исходящих=0, операций=1; выборка неполна. Приоритет: охват=0.087, структура=0.029, оборот=0.144"
2083,100000008767950100,peripheral,0.26011666372783193,"Гипотеза: оснований мало: входящих=1, исходящих=0, операций=1; выборка неполна. Приоритет: охват=0.087, структура=0.029, оборот=0.144"
2084,100000005995391100,peripheral,0.25998892540193386,"Гипотеза: оснований мало: входящих=1, исходящих=0, операций=1; выборка неполна. Приоритет: охват=0.087, структура=0.029, оборот=0.143"
2085,100000007022818100,peripheral,0.25998892540193386,"Гипотеза: оснований мало: входящих=1, исходящих=0, операций=1; выборка неполна. Приоритет: охват=0.087, структура=0.029, оборот=0.143"
2086,100000008309514100,peripheral,0.25998892540193386,"Гипотеза: оснований мало: входящих=1, исходящих=0, операций=1; выборка неполна. Приоритет: охват=0.087, структура=0.029, оборот=0.143"
2087,100000008684951100,peripheral,0.25998892540193386,"Гипотеза: оснований мало: входящих=1, исходящих=0, операций=1; выборка неполна. Приоритет: охват=0.087, структура=0.029, оборот=0.143"
2088,100000008706947100,peripheral,0.25998892540193386,"Гипотеза: оснований мало: входящих=1, исходящих=0, операций=1; выборка неполна. Приоритет: охват=0.087, структура=0.029, оборот=0.143"
2089,100000008708595100,peripheral,0.25998892540193386,"Гипотеза: оснований мало: входящих=1, исходящих=0, операций=1; выборка неполна. Приоритет: охват=0.087, структура=0.029, оборот=0.143"
2090,100000008749900100,peripheral,0.25994609829797416,"Гипотеза: оснований мало: входящих=1, исходящих=0, операций=1; выборка неполна. Приоритет: охват=0.087, структура=0.029, оборот=0.143"
2091,100000001111763100,peripheral,0.25994095065748674,"Гипотеза: оснований мало: входящих=1, исходящих=0, операций=1; выборка неполна. Приоритет: охват=0.087, структура=0.029, оборот=0.143"
2092,100000004491881100,peripheral,0.25994095065748674,"Гипотеза: оснований мало: входящих=1, исходящих=0, операций=1; выборка неполна. Приоритет: охват=0.087, структура=0.029, оборот=0.143"
2093,100000008749406100,peripheral,0.25994095065748674,"Гипотеза: оснований мало: входящих=1, исходящих=0, операций=1; выборка неполна. Приоритет: охват=0.087, структура=0.029, оборот=0.143"
2094,100000008767925100,peripheral,0.25994095065748674,"Гипотеза: оснований мало: входящих=1, исходящих=0, операций=1; выборка неполна. Приоритет: охват=0.087, структура=0.029, оборот=0.143"
2095,100000008759795100,peripheral,0.2598168638376277,"Гипотеза: оснований мало: входящих=1, исходящих=0, операций=1; граница depth=4. Приоритет: охват=0.087, структура=0.029, оборот=0.143"
2096,100000004286573100,peripheral,0.25945771870439466,"Гипотеза: оснований мало: входящих=1, исходящих=0, операций=1; выборка неполна. Приоритет: охват=0.087, структура=0.029, оборот=0.143"
2097,100000003336565100,peripheral,0.2594222061499164,"Гипотеза: оснований мало: входящих=1, исходящих=0, операций=1; выборка неполна. Приоритет: охват=0.087, структура=0.029, оборот=0.143"
2098,100000008662805100,peripheral,0.2593776945694204,"Гипотеза: оснований мало: входящих=1, исходящих=0, операций=1; выборка неполна. Приоритет: охват=0.087, структура=0.029, оборот=0.143"
2099,100000008771627100,peripheral,0.2593776945694204,"Гипотеза: оснований мало: входящих=1, исходящих=0, операций=1; выборка неполна. Приоритет: охват=0.087, структура=0.029, оборот=0.143"
2100,100000005485830100,distributor,0.2592903735876339,"Гипотеза: распределение: 5 получателей, макс. доля=43%; вход seed неполон. Приоритет: охват=0.000, структура=0.075, оборот=0.184"
2101,100000005847078100,peripheral,0.2591982891834539,"Гипотеза: оснований мало: входящих=1, исходящих=0, операций=1; выборка неполна. Приоритет: охват=0.087, структура=0.029, оборот=0.143"
2102,100000008664774100,peripheral,0.2591982891834539,"Гипотеза: оснований мало: входящих=1, исходящих=0, операций=1; выборка неполна. Приоритет: охват=0.087, структура=0.029, оборот=0.143"
2103,100000001389255100,peripheral,0.2590495265346195,"Гипотеза: оснований мало: входящих=1, исходящих=0, операций=1; выборка неполна. Приоритет: охват=0.087, структура=0.029, оборот=0.143"
2104,100000006491963100,peripheral,0.2589250111317385,"Гипотеза: оснований мало: входящих=1, исходящих=0, операций=3; граница depth=4. Приоритет: охват=0.087, структура=0.029, оборот=0.142"
2105,100000008720668100,peripheral,0.2589250111317385,"Гипотеза: оснований мало: входящих=1, исходящих=0, операций=1; выборка неполна. Приоритет: охват=0.087, структура=0.029, оборот=0.142"
2106,100000008736394100,peripheral,0.2589250111317385,"Гипотеза: оснований мало: входящих=1, исходящих=0, операций=1; выборка неполна. Приоритет: охват=0.087, структура=0.029, оборот=0.142"
2107,100000008749989100,peripheral,0.2589250111317385,"Гипотеза: оснований мало: входящих=1, исходящих=0, операций=1; выборка неполна. Приоритет: охват=0.087, структура=0.029, оборот=0.142"
2108,100000008755580100,peripheral,0.2589250111317385,"Гипотеза: оснований мало: входящих=1, исходящих=0, операций=1; выборка неполна. Приоритет: охват=0.087, структура=0.029, оборот=0.142"
2109,100000008668099100,peripheral,0.25864656064516844,"Гипотеза: оснований мало: входящих=1, исходящих=0, операций=1; выборка неполна. Приоритет: охват=0.087, структура=0.029, оборот=0.142"
2110,100000008686494100,peripheral,0.25864656064516844,"Гипотеза: оснований мало: входящих=1, исходящих=0, операций=1; выборка неполна. Приоритет: охват=0.087, структура=0.029, оборот=0.142"
2111,100000008716773100,peripheral,0.25862499366999747,"Гипотеза: оснований мало: входящих=1, исходящих=0, операций=1; выборка неполна. Приоритет: охват=0.087, структура=0.029, оборот=0.142"
2112,100000008732098100,peripheral,0.25862499366999747,"Гипотеза: оснований мало: входящих=1, исходящих=0, операций=1; выборка неполна. Приоритет: охват=0.087, структура=0.029, оборот=0.142"
2113,100000000661131100,peripheral,0.2585525602208291,"Гипотеза: оснований мало: входящих=1, исходящих=0, операций=1; выборка неполна. Приоритет: охват=0.087, структура=0.029, оборот=0.142"
2114,100000001953577100,peripheral,0.2585525602208291,"Гипотеза: оснований мало: входящих=1, исходящих=0, операций=1; выборка неполна. Приоритет: охват=0.087, структура=0.029, оборот=0.142"
2115,100000008663723100,peripheral,0.2585525602208291,"Гипотеза: оснований мало: входящих=1, исходящих=0, операций=1; выборка неполна. Приоритет: охват=0.087, структура=0.029, оборот=0.142"
2116,100000008672162100,peripheral,0.25850533381804186,"Гипотеза: оснований мало: входящих=1, исходящих=0, операций=1; выборка неполна. Приоритет: охват=0.087, структура=0.029, оборот=0.142"
2117,100000008708743100,peripheral,0.25850533381804186,"Гипотеза: оснований мало: входящих=1, исходящих=0, операций=1; выборка неполна. Приоритет: охват=0.087, структура=0.029, оборот=0.142"
2118,100000004497606100,peripheral,0.2584901892949386,"Гипотеза: оснований мало: входящих=1, исходящих=0, операций=1; выборка неполна. Приоритет: охват=0.087, структура=0.029, оборот=0.142"
2119,100000008670667100,peripheral,0.2584901892949386,"Гипотеза: оснований мало: входящих=1, исходящих=0, операций=1; выборка неполна. Приоритет: охват=0.087, структура=0.029, оборот=0.142"
2120,100000008718089100,peripheral,0.2584901892949386,"Гипотеза: оснований мало: входящих=1, исходящих=0, операций=1; выборка неполна. Приоритет: охват=0.087, структура=0.029, оборот=0.142"
2121,100000008720798100,peripheral,0.2584901892949386,"Гипотеза: оснований мало: входящих=1, исходящих=0, операций=1; выборка неполна. Приоритет: охват=0.087, структура=0.029, оборот=0.142"
2122,100000007631637100,peripheral,0.2583062695775081,"Гипотеза: оснований мало: входящих=1, исходящих=0, операций=1; выборка неполна. Приоритет: охват=0.087, структура=0.029, оборот=0.142"
2123,100000000968253100,peripheral,0.2579755845208933,"Гипотеза: оснований мало: входящих=1, исходящих=0, операций=1; выборка неполна. Приоритет: охват=0.087, структура=0.029, оборот=0.141"
2124,100000004573782100,peripheral,0.2579755845208933,"Гипотеза: оснований мало: входящих=1, исходящих=0, операций=1; выборка неполна. Приоритет: охват=0.087, структура=0.029, оборот=0.141"
2125,100000006412162100,peripheral,0.2579755845208933,"Гипотеза: оснований мало: входящих=1, исходящих=0, операций=2; граница depth=4. Приоритет: охват=0.087, структура=0.029, оборот=0.141"
2126,100000008547295100,peripheral,0.2579755845208933,"Гипотеза: оснований мало: входящих=1, исходящих=0, операций=1; выборка неполна. Приоритет: охват=0.087, структура=0.029, оборот=0.141"
2127,100000008687492100,peripheral,0.2579755845208933,"Гипотеза: оснований мало: входящих=1, исходящих=0, операций=1; выборка неполна. Приоритет: охват=0.087, структура=0.029, оборот=0.141"
2128,100000008776576100,peripheral,0.2577432882482334,"Гипотеза: оснований мало: входящих=1, исходящих=0, операций=1; выборка неполна. Приоритет: охват=0.087, структура=0.029, оборот=0.141"
2129,100000008687733100,peripheral,0.2576282606383071,"Гипотеза: оснований мало: входящих=1, исходящих=0, операций=1; выборка неполна. Приоритет: охват=0.087, структура=0.029, оборот=0.141"
2130,100000002992171100,peripheral,0.2576051467979472,"Гипотеза: оснований мало: входящих=1, исходящих=0, операций=1; выборка неполна. Приоритет: охват=0.087, структура=0.029, оборот=0.141"
2131,100000008717341100,peripheral,0.2576051467979472,"Гипотеза: оснований мало: входящих=1, исходящих=0, операций=1; выборка неполна. Приоритет: охват=0.087, структура=0.029, оборот=0.141"
2132,100000008755361100,peripheral,0.2576051467979472,"Гипотеза: оснований мало: входящих=1, исходящих=0, операций=1; выборка неполна. Приоритет: охват=0.087, структура=0.029, оборот=0.141"
2133,100000008706846100,peripheral,0.25716930338963606,"Гипотеза: оснований мало: входящих=1, исходящих=0, операций=1; выборка неполна. Приоритет: охват=0.087, структура=0.029, оборот=0.141"
2134,100000002830055100,peripheral,0.2569606344583214,"Гипотеза: оснований мало: входящих=1, исходящих=0, операций=1; выборка неполна. Приоритет: охват=0.087, структура=0.029, оборот=0.140"
2135,100000008548853100,peripheral,0.2569606344583214,"Гипотеза: оснований мало: входящих=1, исходящих=0, операций=1; выборка неполна. Приоритет: охват=0.087, структура=0.029, оборот=0.140"
2136,100000008554390100,peripheral,0.2569606344583214,"Гипотеза: оснований мало: входящих=1, исходящих=0, операций=1; граница depth=4. Приоритет: охват=0.087, структура=0.029, оборот=0.140"
2137,100000008663007100,peripheral,0.2569606344583214,"Гипотеза: оснований мало: входящих=1, исходящих=0, операций=1; выборка неполна. Приоритет: охват=0.087, структура=0.029, оборот=0.140"
2138,100000008672493100,peripheral,0.2569606344583214,"Гипотеза: оснований мало: входящих=1, исходящих=0, операций=1; выборка неполна. Приоритет: охват=0.087, структура=0.029, оборот=0.140"
2139,100000001716579100,peripheral,0.25687210318360754,"Гипотеза: оснований мало: входящих=1, исходящих=0, операций=1; выборка неполна. Приоритет: охват=0.087, структура=0.029, оборот=0.140"
2140,100000008764436100,peripheral,0.25598316924604186,"Гипотеза: оснований мало: входящих=1, исходящих=0, операций=1; выборка неполна. Приоритет: охват=0.087, структура=0.029, оборот=0.139"
2141,100000008190442100,peripheral,0.25587044203477927,"Гипотеза: оснований мало: входящих=1, исходящих=0, операций=1; выборка неполна. Приоритет: охват=0.087, структура=0.029, оборот=0.139"
2142,100000008672480100,peripheral,0.25587044203477927,"Гипотеза: оснований мало: входящих=1, исходящих=0, операций=1; выборка неполна. Приоритет: охват=0.087, структура=0.029, оборот=0.139"
2143,100000008672762100,peripheral,0.25587044203477927,"Гипотеза: оснований мало: входящих=1, исходящих=0, операций=1; выборка неполна. Приоритет: охват=0.087, структура=0.029, оборот=0.139"
2144,100000008631800100,peripheral,0.25569971495604404,"Гипотеза: оснований мало: входящих=1, исходящих=0, операций=1; граница depth=4. Приоритет: охват=0.087, структура=0.029, оборот=0.139"
2145,100000008688109100,peripheral,0.2556423628002884,"Гипотеза: оснований мало: входящих=1, исходящих=0, операций=1; выборка неполна. Приоритет: охват=0.087, структура=0.029, оборот=0.139"
2146,100000008744799100,peripheral,0.2554106919023421,"Гипотеза: оснований мало: входящих=1, исходящих=0, операций=1; выборка неполна. Приоритет: охват=0.087, структура=0.029, оборот=0.139"
2147,100000002671806100,peripheral,0.25522269213795434,"Гипотеза: оснований мало: входящих=1, исходящих=0, операций=1; выборка неполна. Приоритет: охват=0.087, структура=0.029, оборот=0.139"
2148,100000002646745100,peripheral,0.2550561982511986,"Гипотеза: оснований мало: входящих=1, исходящих=0, операций=1; выборка неполна. Приоритет: охват=0.087, структура=0.029, оборот=0.139"
2149,100000005089460100,peripheral,0.2550561982511986,"Гипотеза: оснований мало: входящих=1, исходящих=0, операций=1; выборка неполна. Приоритет: охват=0.087, структура=0.029, оборот=0.139"
2150,100000005588444100,peripheral,0.2550561982511986,"Гипотеза: оснований мало: входящих=1, исходящих=0, операций=1; выборка неполна. Приоритет: охват=0.087, структура=0.029, оборот=0.139"
2151,100000007289427100,peripheral,0.2550561982511986,"Гипотеза: оснований мало: входящих=1, исходящих=0, операций=1; выборка неполна. Приоритет: охват=0.087, структура=0.029, оборот=0.139"
2152,100000008754608100,peripheral,0.2550561982511986,"Гипотеза: оснований мало: входящих=1, исходящих=0, операций=1; выборка неполна. Приоритет: охват=0.087, структура=0.029, оборот=0.139"
2153,100000008716439100,peripheral,0.25501667732222855,"Гипотеза: оснований мало: входящих=1, исходящих=0, операций=1; выборка неполна. Приоритет: охват=0.087, структура=0.029, оборот=0.139"
2154,100000003047800100,peripheral,0.2549505722643187,"Гипотеза: оснований мало: входящих=1, исходящих=0, операций=1; граница depth=4. Приоритет: охват=0.087, структура=0.029, оборот=0.138"
2155,100000008716072100,peripheral,0.254815033005685,"Гипотеза: оснований мало: входящих=1, исходящих=0, операций=1; выборка неполна. Приоритет: охват=0.087, структура=0.029, оборот=0.138"
2156,100000001149815100,peripheral,0.2546929515121711,"Гипотеза: оснований мало: входящих=1, исходящих=0, операций=1; выборка неполна. Приоритет: охват=0.087, структура=0.029, оборот=0.138"
2157,100000002645046100,peripheral,0.2546929515121711,"Гипотеза: оснований мало: входящих=1, исходящих=0, операций=1; граница depth=4. Приоритет: охват=0.087, структура=0.029, оборот=0.138"
2158,100000002744581100,peripheral,0.2546929515121711,"Гипотеза: оснований мало: входящих=1, исходящих=0, операций=1; выборка неполна. Приоритет: охват=0.087, структура=0.029, оборот=0.138"
2159,100000002876914100,peripheral,0.2546929515121711,"Гипотеза: оснований мало: входящих=1, исходящих=0, операций=1; граница depth=4. Приоритет: охват=0.087, структура=0.029, оборот=0.138"
2160,100000004780327100,peripheral,0.2546929515121711,"Гипотеза: оснований мало: входящих=1, исходящих=0, операций=1; граница depth=4. Приоритет: охват=0.087, структура=0.029, оборот=0.138"
2161,100000008586731100,peripheral,0.2546929515121711,"Гипотеза: оснований мало: входящих=1, исходящих=0, операций=1; выборка неполна. Приоритет: охват=0.087, структура=0.029, оборот=0.138"
2162,100000004388209100,peripheral,0.25444570669876687,"Гипотеза: оснований мало: входящих=1, исходящих=0, операций=1; выборка неполна. Приоритет: охват=0.087, структура=0.029, оборот=0.138"
2163,100000002750332100,peripheral,0.2538866841928271,"Гипотеза: оснований мало: входящих=1, исходящих=0, операций=1; выборка неполна. Приоритет: охват=0.087, структура=0.029, оборот=0.137"
2164,100000008489604100,peripheral,0.2534129553753259,"Гипотеза: оснований мало: входящих=1, исходящих=0, операций=1; выборка неполна. Приоритет: охват=0.087, структура=0.029, оборот=0.137"
2165,100000002844897100,peripheral,0.25314302841327285,"Гипотеза: оснований мало: входящих=1, исходящих=0, операций=1; выборка неполна. Приоритет: охват=0.087, структура=0.029, оборот=0.137"
2166,100000004007197100,peripheral,0.2520813313232909,"Гипотеза: оснований мало: входящих=1, исходящих=0, операций=1; выборка неполна. Приоритет: охват=0.087, структура=0.029, оборот=0.136"
2167,100000000625169100,peripheral,0.2520108899013931,"Гипотеза: оснований мало: входящих=1, исходящих=0, операций=1; выборка неполна. Приоритет: охват=0.087, структура=0.029, оборот=0.136"
2168,100000000704700100,peripheral,0.2520108899013931,"Гипотеза: оснований мало: входящих=1, исходящих=0, операций=1; граница depth=4. Приоритет: охват=0.087, структура=0.029, оборот=0.136"
2169,100000000979567100,peripheral,0.2520108899013931,"Гипотеза: оснований мало: входящих=1, исходящих=0, операций=1; выборка неполна. Приоритет: охват=0.087, структура=0.029, оборот=0.136"
2170,100000002130400100,peripheral,0.2520108899013931,"Гипотеза: оснований мало: входящих=1, исходящих=0, операций=1; граница depth=4. Приоритет: охват=0.087, структура=0.029, оборот=0.136"
2171,100000004950490100,peripheral,0.2520108899013931,"Гипотеза: оснований мало: входящих=1, исходящих=0, операций=1; выборка неполна. Приоритет: охват=0.087, структура=0.029, оборот=0.136"
2172,100000008129393100,peripheral,0.2520108899013931,"Гипотеза: оснований мало: входящих=1, исходящих=0, операций=1; выборка неполна. Приоритет: охват=0.087, структура=0.029, оборот=0.136"
2173,100000008463968100,peripheral,0.2520108899013931,"Гипотеза: оснований мало: входящих=1, исходящих=0, операций=1; выборка неполна. Приоритет: охват=0.087, структура=0.029, оборот=0.136"
2174,100000008478414100,peripheral,0.2520108899013931,"Гипотеза: оснований мало: входящих=1, исходящих=0, операций=1; выборка неполна. Приоритет: охват=0.087, структура=0.029, оборот=0.136"
2175,100000001325618100,peripheral,0.25094334375884497,"Гипотеза: оснований мало: входящих=1, исходящих=0, операций=1; граница depth=4. Приоритет: охват=0.087, структура=0.029, оборот=0.134"
2176,100000004263867100,peripheral,0.25046099404158706,"Гипотеза: оснований мало: входящих=1, исходящих=0, операций=1; граница depth=4. Приоритет: охват=0.087, структура=0.029, оборот=0.134"
2177,100000004449824100,peripheral,0.25046099404158706,"Гипотеза: оснований мало: входящих=1, исходящих=0, операций=1; граница depth=4. Приоритет: охват=0.087, структура=0.029, оборот=0.134"
2178,100000008708061100,peripheral,0.24987750665530542,"Гипотеза: оснований мало: входящих=1, исходящих=0, операций=1; выборка неполна. Приоритет: охват=0.087, структура=0.029, оборот=0.133"
2179,100000008672200100,peripheral,0.2496392025538703,"Гипотеза: оснований мало: входящих=1, исходящих=0, операций=1; выборка неполна. Приоритет: охват=0.087, структура=0.029, оборот=0.133"
2180,100000008750464100,peripheral,0.24962017809697928,"Гипотеза: оснований мало: входящих=1, исходящих=0, операций=1; выборка неполна. Приоритет: охват=0.087, структура=0.029, оборот=0.133"
2181,100000005807278100,peripheral,0.24941979897263034,"Гипотеза: оснований мало: входящих=1, исходящих=0, операций=1; выборка неполна. Приоритет: охват=0.087, структура=0.029, оборот=0.133"
2182,100000001256409100,peripheral,0.24872837946932308,"Гипотеза: оснований мало: входящих=1, исходящих=0, операций=1; граница depth=4. Приоритет: охват=0.087, структура=0.029, оборот=0.132"
2183,100000001299443100,peripheral,0.24872837946932308,"Гипотеза: оснований мало: входящих=1, исходящих=0, операций=1; граница depth=4. Приоритет: охват=0.087, структура=0.029, оборот=0.132"
2184,100000008537380100,peripheral,0.24872837946932308,"Гипотеза: оснований мало: входящих=1, исходящих=0, операций=1; выборка неполна. Приоритет: охват=0.087, структура=0.029, оборот=0.132"
2185,100000002974256100,peripheral,0.2471785244663584,"Гипотеза: оснований мало: входящих=1, исходящих=0, операций=1; выборка неполна. Приоритет: охват=0.087, структура=0.029, оборот=0.131"
2186,100000003005167100,peripheral,0.24676413412627468,"Гипотеза: оснований мало: входящих=1, исходящих=0, операций=1; граница depth=4. Приоритет: охват=0.087, структура=0.029, оборот=0.130"
2187,100000003377795100,peripheral,0.24676413412627468,"Гипотеза: оснований мало: входящих=1, исходящих=0, операций=1; выборка неполна. Приоритет: охват=0.087, структура=0.029, оборот=0.130"
2188,100000004592467100,peripheral,0.24676413412627468,"Гипотеза: оснований мало: входящих=1, исходящих=0, операций=1; выборка неполна. Приоритет: охват=0.087, структура=0.029, оборот=0.130"
2189,100000008755754100,peripheral,0.24676413412627468,"Гипотеза: оснований мало: входящих=1, исходящих=0, операций=1; выборка неполна. Приоритет: охват=0.087, структура=0.029, оборот=0.130"
2190,100000000955444100,peripheral,0.24657378125904741,"Гипотеза: оснований мало: входящих=1, исходящих=0, операций=1; выборка неполна. Приоритет: охват=0.087, структура=0.029, оборот=0.130"
2191,100000001714883100,peripheral,0.2465524781039163,"Гипотеза: оснований мало: входящих=1, исходящих=0, операций=1; граница depth=4. Приоритет: охват=0.087, структура=0.029, оборот=0.130"
2192,100000002474570100,peripheral,0.24622917276192433,"Гипотеза: оснований мало: входящих=1, исходящих=0, операций=1; граница depth=4. Приоритет: охват=0.087, структура=0.029, оборот=0.130"
2193,100000005055454100,peripheral,0.2456740225196728,"Гипотеза: оснований мало: входящих=1, исходящих=0, операций=1; выборка неполна. Приоритет: охват=0.087, структура=0.029, оборот=0.129"
2194,100000003194831100,peripheral,0.2451323603776925,"Гипотеза: оснований мало: входящих=1, исходящих=0, операций=1; граница depth=4. Приоритет: охват=0.087, структура=0.029, оборот=0.129"
2195,100000000718427100,peripheral,0.24449662628181135,"Гипотеза: оснований мало: входящих=1, исходящих=0, операций=1; выборка неполна. Приоритет: охват=0.087, структура=0.029, оборот=0.128"
2196,100000002346166100,peripheral,0.24449662628181135,"Гипотеза: оснований мало: входящих=1, исходящих=0, операций=1; выборка неполна. Приоритет: охват=0.087, структура=0.029, оборот=0.128"
2197,100000002512742100,peripheral,0.24449662628181135,"Гипотеза: оснований мало: входящих=1, исходящих=0, операций=1; граница depth=4. Приоритет: охват=0.087, структура=0.029, оборот=0.128"
2198,100000002878483100,peripheral,0.24449662628181135,"Гипотеза: оснований мало: входящих=1, исходящих=0, операций=1; граница depth=4. Приоритет: охват=0.087, структура=0.029, оборот=0.128"
2199,100000002986245100,peripheral,0.24387059768188663,"Гипотеза: оснований мало: входящих=1, исходящих=0, операций=1; граница depth=4. Приоритет: охват=0.087, структура=0.029, оборот=0.127"
2200,100000008488166100,peripheral,0.24348178127925124,"Гипотеза: оснований мало: входящих=1, исходящих=0, операций=1; выборка неполна. Приоритет: охват=0.087, структура=0.029, оборот=0.127"
2201,100000004813068100,peripheral,0.24340716881165134,"Гипотеза: оснований мало: входящих=0, исходящих=3, операций=5; вход seed неполон. Приоритет: охват=0.000, структура=0.058, оборот=0.185"
2202,100000004268036100,peripheral,0.24321674157005688,"Гипотеза: оснований мало: входящих=1, исходящих=0, операций=1; граница depth=4. Приоритет: охват=0.087, структура=0.029, оборот=0.127"
2203,100000002614095100,peripheral,0.24267189291843855,"Гипотеза: оснований мало: входящих=1, исходящих=0, операций=1; выборка неполна. Приоритет: охват=0.087, структура=0.029, оборот=0.126"
2204,100000002635746100,peripheral,0.24267189291843855,"Гипотеза: оснований мало: входящих=1, исходящих=0, операций=1; граница depth=4. Приоритет: охват=0.087, структура=0.029, оборот=0.126"
2205,100000008648783100,peripheral,0.2423917100766243,"Гипотеза: оснований мало: входящих=1, исходящих=0, операций=1; граница depth=4. Приоритет: охват=0.087, структура=0.029, оборот=0.126"
2206,100000001590795100,peripheral,0.24199026753385303,"Гипотеза: оснований мало: входящих=1, исходящих=0, операций=1; граница depth=4. Приоритет: охват=0.087, структура=0.029, оборот=0.125"
2207,100000000307908100,peripheral,0.24181480980289072,"Гипотеза: оснований мало: входящих=1, исходящих=0, операций=1; выборка неполна. Приоритет: охват=0.087, структура=0.029, оборот=0.125"
2208,100000001860090100,peripheral,0.24181480980289072,"Гипотеза: оснований мало: входящих=1, исходящих=0, операций=1; выборка неполна. Приоритет: охват=0.087, структура=0.029, оборот=0.125"
2209,100000006490557100,peripheral,0.24181480980289072,"Гипотеза: оснований мало: входящих=1, исходящих=0, операций=1; выборка неполна. Приоритет: охват=0.087, структура=0.029, оборот=0.125"
2210,100000007510875100,peripheral,0.24181480980289072,"Гипотеза: оснований мало: входящих=1, исходящих=0, операций=1; выборка неполна. Приоритет: охват=0.087, структура=0.029, оборот=0.125"
2211,100000007930878100,peripheral,0.24181480980289072,"Гипотеза: оснований мало: входящих=1, исходящих=0, операций=1; выборка неполна. Приоритет: охват=0.087, структура=0.029, оборот=0.125"
2212,100000008042075100,peripheral,0.24181480980289072,"Гипотеза: оснований мало: входящих=1, исходящих=0, операций=1; выборка неполна. Приоритет: охват=0.087, структура=0.029, оборот=0.125"
2213,100000004388983100,peripheral,0.2375077361073087,"Гипотеза: оснований мало: входящих=0, исходящих=2, операций=23; вход seed неполон. Приоритет: охват=0.000, структура=0.046, оборот=0.192"
2214,100000004269433100,peripheral,0.23691343583652644,"Гипотеза: оснований мало: входящих=0, исходящих=1, операций=67; вход seed неполон. Приоритет: охват=0.000, структура=0.029, оборот=0.208"
2215,100000006249740100,peripheral,0.2263258519523515,"Гипотеза: оснований мало: входящих=0, исходящих=3, операций=5; вход seed неполон. Приоритет: охват=0.000, структура=0.058, оборот=0.168"
2216,100000008575624100,peripheral,0.22576038742644544,"Гипотеза: оснований мало: входящих=0, исходящих=3, операций=5; вход seed неполон. Приоритет: охват=0.000, структура=0.058, оборот=0.168"
2217,100000005417257100,peripheral,0.21621051734814078,"Гипотеза: оснований мало: входящих=0, исходящих=2, операций=2; вход seed неполон. Приоритет: охват=0.000, структура=0.046, оборот=0.170"
2218,100000007018630100,peripheral,0.20858257482249049,"Гипотеза: оснований мало: входящих=0, исходящих=1, операций=5; вход seed неполон. Приоритет: охват=0.000, структура=0.029, оборот=0.180"
2219,100000008522127100,peripheral,0.20385147847911103,"Гипотеза: оснований мало: входящих=0, исходящих=1, операций=3; вход seed неполон. Приоритет: охват=0.000, структура=0.029, оборот=0.175"
2220,100000004971871100,peripheral,0.19814691965978537,"Гипотеза: оснований мало: входящих=1, исходящих=1, операций=4; вход seed неполон. Приоритет: охват=0.000, структура=0.046, оборот=0.152"
2221,100000004723755100,peripheral,0.1976304803425413,"Гипотеза: оснований мало: входящих=0, исходящих=1, операций=5; вход seed неполон. Приоритет: охват=0.000, структура=0.029, оборот=0.169"
2222,100000005392290100,peripheral,0.19536922818988323,"Гипотеза: оснований мало: входящих=0, исходящих=1, операций=1; вход seed неполон. Приоритет: охват=0.000, структура=0.029, оборот=0.166"
2223,100000008654653100,peripheral,0.18931991903586032,"Гипотеза: оснований мало: входящих=0, исходящих=1, операций=1; вход seed неполон. Приоритет: охват=0.000, структура=0.029, оборот=0.160"
2224,100000005744674100,peripheral,0.18820709994082488,"Гипотеза: оснований мало: входящих=0, исходящих=1, операций=2; вход seed неполон. Приоритет: охват=0.000, структура=0.029, оборот=0.159"
2225,100000004714705100,peripheral,0.18357793045507392,"Гипотеза: оснований мало: входящих=0, исходящих=1, операций=1; вход seed неполон. Приоритет: охват=0.000, структура=0.029, оборот=0.155"
2226,100000002916006100,peripheral,0.18162210247814548,"Гипотеза: оснований мало: входящих=0, исходящих=1, операций=1; вход seed неполон. Приоритет: охват=0.000, структура=0.029, оборот=0.153"
2227,100000003200071100,peripheral,0.18067264522036014,"Гипотеза: оснований мало: входящих=0, исходящих=1, операций=1; вход seed неполон. Приоритет: охват=0.000, структура=0.029, оборот=0.152"
2228,100000006831291100,peripheral,0.1704755845208933,"Гипотеза: оснований мало: входящих=0, исходящих=1, операций=3; вход seed неполон. Приоритет: охват=0.000, структура=0.029, оборот=0.141"
2229,100000005543136100,peripheral,0.1645108899013931,"Гипотеза: оснований мало: входящих=0, исходящих=1, операций=1; вход seed неполон. Приоритет: охват=0.000, структура=0.029, оборот=0.136"
2230,100000000456947100,peripheral,0.0,"Гипотеза: оснований мало: входящих=0, исходящих=0, операций=0; вход seed неполон. Приоритет: охват=0.000, структура=0.000, оборот=0.000"
2231,100000003265658100,peripheral,0.0,"Гипотеза: оснований мало: входящих=0, исходящих=0, операций=0; вход seed неполон. Приоритет: охват=0.000, структура=0.000, оборот=0.000"
2232,100000003349739100,peripheral,0.0,"Гипотеза: оснований мало: входящих=0, исходящих=0, операций=0; вход seed неполон. Приоритет: охват=0.000, структура=0.000, оборот=0.000"
2233,100000003770083100,peripheral,0.0,"Гипотеза: оснований мало: входящих=0, исходящих=0, операций=0; вход seed неполон. Приоритет: охват=0.000, структура=0.000, оборот=0.000"
2234,100000004021459100,peripheral,0.0,"Гипотеза: оснований мало: входящих=0, исходящих=0, операций=0; вход seed неполон. Приоритет: охват=0.000, структура=0.000, оборот=0.000"
2235,100000004174835100,peripheral,0.0,"Гипотеза: оснований мало: входящих=0, исходящих=0, операций=0; вход seed неполон. Приоритет: охват=0.000, структура=0.000, оборот=0.000"
2236,100000005017150100,peripheral,0.0,"Гипотеза: оснований мало: входящих=0, исходящих=0, операций=0; вход seed неполон. Приоритет: охват=0.000, структура=0.000, оборот=0.000"
2237,100000005087431100,peripheral,0.0,"Гипотеза: оснований мало: входящих=0, исходящих=0, операций=0; вход seed неполон. Приоритет: охват=0.000, структура=0.000, оборот=0.000"
2238,100000005235389100,peripheral,0.0,"Гипотеза: оснований мало: входящих=0, исходящих=0, операций=0; вход seed неполон. Приоритет: охват=0.000, структура=0.000, оборот=0.000"
2239,100000005480435100,peripheral,0.0,"Гипотеза: оснований мало: входящих=0, исходящих=0, операций=0; вход seed неполон. Приоритет: охват=0.000, структура=0.000, оборот=0.000"
2240,100000005495722100,peripheral,0.0,"Гипотеза: оснований мало: входящих=0, исходящих=0, операций=0; вход seed неполон. Приоритет: охват=0.000, структура=0.000, оборот=0.000"
2241,100000005550592100,peripheral,0.0,"Гипотеза: оснований мало: входящих=0, исходящих=0, операций=0; вход seed неполон. Приоритет: охват=0.000, структура=0.000, оборот=0.000"
2242,100000005560900100,peripheral,0.0,"Гипотеза: оснований мало: входящих=0, исходящих=0, операций=0; вход seed неполон. Приоритет: охват=0.000, структура=0.000, оборот=0.000"
2243,100000005568407100,peripheral,0.0,"Гипотеза: оснований мало: входящих=0, исходящих=0, операций=0; вход seed неполон. Приоритет: охват=0.000, структура=0.000, оборот=0.000"
2244,100000008117324100,peripheral,0.0,"Гипотеза: оснований мало: входящих=0, исходящих=0, операций=0; вход seed неполон. Приоритет: охват=0.000, структура=0.000, оборот=0.000"
2245,100000008205000100,peripheral,0.0,"Гипотеза: оснований мало: входящих=0, исходящих=0, операций=0; вход seed неполон. Приоритет: охват=0.000, структура=0.000, оборот=0.000"
2246,100000008513251100,peripheral,0.0,"Гипотеза: оснований мало: входящих=0, исходящих=0, операций=0; вход seed неполон. Приоритет: охват=0.000, структура=0.000, оборот=0.000"
2247,100000008669037100,peripheral,0.0,"Гипотеза: оснований мало: входящих=0, исходящих=0, операций=0; вход seed неполон. Приоритет: охват=0.000, структура=0.000, оборот=0.000"
2248,100000008701222100,peripheral,0.0,"Гипотеза: оснований мало: входящих=0, исходящих=0, операций=0; вход seed неполон. Приоритет: охват=0.000, структура=0.000, оборот=0.000"
